,Original,Shuffled
0,0.545582969635441,0.06098389268498525
1,0.530288559003616,0.04851724055199649
2,0.4802173623673338,0.045291089957668604
3,0.5340200778692354,0.05250259447951194
4,0.4950457679717232,0.04694938036915058
5,0.5791367438520153,0.0566929313112941
6,0.48325205832986656,0.04996792050843686
7,0.5229337208054124,0.04179656601563872
8,0.5036994944220955,0.048774559657769126
9,0.5544226938394552,0.0479069410778181
