,Newman,Random
0,0.7333333333333333,0.6297310344827586
1,0.5655172413793104,0.4974206896551724
2,0.7126436781609196,0.49839999999999995
3,0.632183908045977,0.5884022988505747
4,0.8022988505747126,0.5902505747126436
5,0.5402298850574713,0.497535632183908
6,0.6459770114942529,0.5946850574712643
7,0.7126436781609196,0.5093770114942529
8,0.5655172413793104,0.5909080459770114
9,0.5954022988505747,0.503951724137931
