,Within,Across
0,0.32621116763241076,0.19518591242073752
1,0.13880560397013259,0.8549906500343212
2,0.6539393368153059,0.7087449618437862
3,0.4609591386397084,0.730804338552008
4,0.8399763589361058,0.3485110669337574
5,0.6266019812075924,0.7784545872423119
6,0.7106504296719818,0.7287075635209839
7,0.44725918177623286,0.8207098722108472
8,0.2756570488001136,0.7704603752003572
9,0.5996048489400454,0.6877619393908894
10,0.4932985845072726,0.2553814236654456
11,0.8766203433907552,0.8289721948931019
12,0.5937074345822005,0.6571192668647365
13,0.848038429874076,0.6920825771526502
14,0.6015492637885717,0.39680068135586066
15,0.5441671945856711,0.8272127083322434
16,0.8335763074827132,0.743045686153006
17,0.571401122617416,0.7199978571932821
18,0.888296963277788,0.7576701219878574
19,0.7031379430284532,0.7525098749536216
20,0.8791804237032552,0.2314889220467628
21,0.3086310256389092,0.8173496887094047
22,0.875900297503055,0.6658603929467356
23,0.6827346078216097,0.7334110054697062
24,0.903250557047391,0.3841377395524042
25,0.469225377157276,0.7871910331770373
26,0.7978152663305167,0.7374481694826519
27,0.822827255057484,0.768503877603472
28,0.3639042204260654,0.7584399468105691
29,0.8772497592825168,0.7433853970416566
30,0.6619937771280441,0.31813937933557845
31,0.8524397638351194,0.8344312387462333
32,0.5896503580749486,0.6300467226655693
33,0.8607057059106837,0.6740671002018812
34,0.9050184464077463,0.4069512114317113
35,0.8368573738434242,0.8288339709042251
36,0.525930927094394,0.7438113413855598
37,0.8012177779378782,0.7046887974833485
38,0.5793171193801323,0.7563015922062244
39,0.7986267591608055,0.7636582766988751
40,0.6788203320493384,0.21629909972245742
41,0.8884451696934862,0.8123824661056182
42,0.8941977524587931,0.6566441568630217
43,0.7601557296194152,0.704964260140059
44,0.8829088613945437,0.3669112555491189
45,0.9176034188468148,0.7748750326844084
46,0.9052675286048181,0.7243264957751179
47,0.9375726651597223,0.7755361343229317
48,0.8761534272290439,0.7384697437352388
49,0.9528825406672727,0.7185350601875361
50,0.914319332337316,0.21936610252261024
51,0.9190222059846227,0.8299393773833932
52,0.9350803203673672,0.6455672953728271
53,0.951128172365558,0.6597630233585676
54,0.9019776342116923,0.321369697076597
55,0.9173723671412026,0.7502688149357102
56,0.9065535557634337,0.6857073984068114
57,0.8746302496495176,0.7140843796346812
58,0.9000529699410298,0.72170885348398
59,0.8865538306018665,0.6534424627918927
60,0.8594861086124859,0.23655675836961873
61,0.9226404185056458,0.7663175687805699
62,0.9219298377033744,0.6746384865754061
63,0.9025524910931041,0.6914070848772139
64,0.9387400232576883,0.40146576898164577
65,0.8265557140830759,0.7753580038894918
66,0.9004315598892048,0.7224646139930488
67,0.8978509004898629,0.7193473600382325
68,0.937855350671829,0.7316915416363605
69,0.8830942962877522,0.7278821319122417
70,0.93794546402509,0.29661057608783536
71,0.8481696873898699,0.8697229303677363
72,0.8920522106977148,0.646800700857656
73,0.9071647527594247,0.8071448715229959
74,0.9299617714289647,0.4546960489326665
75,0.8768445608986375,0.8445616874918199
76,0.8960409712151081,0.8096242638815148
77,0.9147293272346038,0.8381860872549161
78,0.867385783857225,0.8082845227705873
79,0.9224549375663865,0.7993649691881215
80,0.9006993726054455,0.27106354892587503
81,0.8650916907476904,0.8340598928881782
82,0.9138058322920112,0.6775563983578144
83,0.8811911863513179,0.7345630004309502
84,0.9120934460198599,0.4293124709652459
85,0.89039843493345,0.8276476919183616
86,0.8321496896757252,0.7661998394443932
87,0.8998416656974471,0.7772636252536844
88,0.9130369910494514,0.7676213419428207
89,0.9365571834205678,0.7464121386003919
90,0.88796054245999,0.3950805054561233
91,0.8459322126390836,0.8592499983604248
92,0.7667997319252997,0.6070857498749367
93,0.807540284180875,0.8002477077026091
94,0.8560332452939152,0.5350290657966399
95,0.7215236954748805,0.9125934040751547
96,0.9123319107160874,0.8601008420427173
97,0.8790501676187159,0.8038527269922402
98,0.8391951545364414,0.8254936622906874
99,0.8310346410213718,0.8413781661285642
100,0.9032312559277669,0.2120671174630865
101,0.9661560293503919,0.6710295013015735
102,0.8012497412391568,0.5817190466945018
103,0.8414745232057371,0.6919096903790471
104,0.8916925458522509,0.4074589521748456
105,0.9259260724163141,0.652255474127236
106,0.8506844248863681,0.7252068185064453
107,0.9355064110555975,0.745774022038495
108,0.7759846315433955,0.6541598162153931
109,0.8925658257542562,0.6542216318447349
110,0.8784025414321921,0.1368596914095201
111,0.8663934860477706,0.6531080768853599
112,0.8266864451377598,0.5745181216357969
113,0.9024661603161248,0.5666866968218698
114,0.8498424017601943,0.3308013166784499
115,0.8803562792970023,0.5903124241745838
116,0.8446021876732189,0.6296994212009531
117,0.8974500681032226,0.6704520281429776
118,0.9216892333758752,0.6166494187322542
119,0.8460618335304227,0.5892672374657206
120,0.9082812276751467,0.4150408035652777
121,0.8050375278207889,0.8282233920241779
122,0.9281620453599603,0.6044557976373371
123,0.8527873768852643,0.8237370610257267
124,0.9419726726810905,0.5716917212349677
125,0.9076172584458249,0.8904500544428608
126,0.8853439234922942,0.884052683731077
127,0.933937291573777,0.817386452927057
128,0.8192616354952367,0.8347012263580788
129,0.8022036770066328,0.879893303301378
130,0.8900988851809012,0.1328560336981222
131,0.9389921400274596,0.6213565780858601
132,0.8764832668167998,0.6649018803193358
133,0.829654158371099,0.5500863023360765
134,0.8704188705515463,0.31696749110127587
135,0.7862745205975277,0.6038479878391176
136,0.8960316211103161,0.5794610966879373
137,0.7904088280966207,0.5963177851072718
138,0.9020697586652994,0.5899517920820846
139,0.6967391442797266,0.5688530295152467
140,0.8135280451903917,0.24114108316473007
141,0.9938820110785616,0.74177205978192
142,0.7761295452794271,0.6657244906509798
143,0.8863518865345044,0.7081491914680594
144,0.8858265647725156,0.43039309684053095
145,0.7794935357599894,0.7514294271395772
146,0.9421247288798941,0.7309482562474315
147,0.7733898875898024,0.7436854811956604
148,0.660462380470829,0.6938697570607235
149,0.7924056592578091,0.6843508840416259
150,0.7043594494473899,0.14798367742187973
151,0.9188684374859665,0.6764590899609666
152,0.7293936724923384,0.5771774395773553
153,0.6972248163023125,0.6064511326005075
154,0.6893254560134527,0.35196079859667906
155,0.8925848909413652,0.6396992789222365
156,0.7589558781141436,0.6606631237645595
157,0.9438741483536272,0.7092659146547792
158,0.7581986632796933,0.6544939540685023
159,0.6404529023936925,0.6178910200683487
160,0.7612655574306147,0.3332465239110135
161,0.9222082911179543,0.7725852348682247
162,0.8300861938986933,0.6115047760165913
163,0.7486545225296741,0.7693041745502847
164,0.9533025938804807,0.5079363919606259
165,0.7652070555487878,0.7965515709998139
166,0.7027918444902446,0.8252875394966539
167,0.7412118897450928,0.7972359391986841
168,0.950751532059214,0.7697523769333787
169,0.9820891069235187,0.79699549345228
170,0.8812686279468049,0.24578235296451806
171,0.8307352531788914,0.7394103250138124
172,0.6481923130900029,0.6799705362168025
173,0.7994933240712254,0.7416224762225787
174,0.8267058833997294,0.44202164955950307
175,0.8351257764338365,0.7888548875530454
176,0.6536083944785254,0.7813719333910203
177,0.5896052834786638,0.7519235714887924
178,0.659783418281692,0.7648128907709637
179,0.6260433562305607,0.7555820344280805
180,0.839875180579591,0.32307908777617605
181,0.8885652751572661,0.8172828135625423
182,0.8615187567379964,0.6216867359686876
183,0.8591776537706288,0.7989454016634214
184,0.8597398404952565,0.504400758106877
185,0.8771631284654806,0.8218479064872566
186,0.8236379266782298,0.8321912953138195
187,0.7643135346366076,0.8083071959886494
188,0.7873572065418268,0.7766551377855437
189,0.7289968812780565,0.7781548368500738
190,0.8108147213478527,0.19215427380247113
191,0.7645507338454596,0.7209925921346249
192,0.7706447540098553,0.6165733856246028
193,0.7097703762053947,0.6841946095103975
194,0.9471636850007629,0.3868396918134791
195,0.8165491295367053,0.6738751114562518
196,0.908697622779798,0.6982165358363971
197,0.8982857007764229,0.7642603865583324
198,0.8637846009221176,0.6829398799923736
199,0.739246102186829,0.6476852610622768
200,0.7222217983681191,0.7252573236840822
201,0.7773586810878637,0.7245047836922855
202,0.8082746069626282,0.7324552671356162
203,0.8682508563427902,0.6997491632525239
204,0.7758702618560591,0.7850475469891629
205,0.8458353083372949,0.6613425354402445
206,0.8221429787074701,0.7669593480386179
207,0.8651718679494471,0.7818344568169573
208,0.7511458952195753,0.7956201572723819
209,0.7193411040201607,0.7868138830320625
210,0.7613417384659187,0.7604711623559921
211,0.6729238655576485,0.7424114956232708
212,0.8634102138036661,0.7130338021155482
213,0.8920658183899285,0.7154234520445466
214,0.7244331602134575,0.7761850650251877
215,0.8289024000097873,0.7093559658340736
216,0.8682004597853322,0.7534734891788313
217,0.8321363066238004,0.7440450431892749
218,0.9063329884094944,0.7931915366631255
219,0.7964228889461378,0.7476805053649969
220,0.8461717425958444,0.7778800879991761
221,0.8439142277280132,0.8217660317859978
222,0.8517933212995044,0.8094292364339767
223,0.8891598941417022,0.8173822804513324
224,0.8649676443421546,0.8084888382807756
225,0.9260321637216373,0.7246098678308566
226,0.6389380289630657,0.8119530063590511
227,0.5632997635330639,0.8755037934467941
228,0.9827925952307642,0.8543596672183174
229,0.898257387948523,0.9322251567117739
230,0.637885266053044,0.726883158247802
231,0.9655558540167395,0.7691625476726169
232,0.9105054849924936,0.719578920573793
233,0.6634511153832325,0.7410198176131888
234,0.9585711084872816,0.7570173190500125
235,0.9879979864694732,0.705828163221049
236,0.925716099683177,0.7824371479907595
237,0.6114343503745293,0.726010030284357
238,0.9860547456555743,0.8001848228267082
239,0.9479828628882275,0.7169103908133596
240,0.9353274192307,0.7972242449233287
241,0.9142830801992818,0.8200748805514011
242,0.5873291817728207,0.7671354458908305
243,0.9161926448542894,0.7733434282862253
244,0.9398346081063812,0.8268956736156692
245,0.9280737011013394,0.7567407751091682
246,0.9455290725910686,0.8085080782685411
247,0.9008189957220196,0.7962611327294682
248,0.5937322366679844,0.8607007401559449
249,0.9423822080759318,0.8353758632335427
250,0.9325094131908167,0.7827412819463305
251,0.9426074182512496,0.7523314319370997
252,0.9894642337859401,0.7154503462448732
253,0.9361079686096059,0.7187440685506722
254,0.9079580936524958,0.7930658222399016
255,0.5980053044221306,0.7174895301105892
256,0.9228128170415699,0.7526750579344612
257,0.9487096760429725,0.7618607101327937
258,0.9248930344988724,0.8040039388711971
259,0.9956113870965058,0.7667300031216262
260,0.9899453731435472,0.7876444634936682
261,0.8182748082158176,0.8068030681329247
262,0.8082937477541803,0.8125063844305815
263,0.46611271034609036,0.8014905989988986
264,0.797019047436581,0.8379814124910492
265,0.8249004019427106,0.7291815299418891
266,0.8018548923351023,0.8181166615277753
267,0.8613493936477887,0.8634425292242308
268,0.8525246901806014,0.8382785650379483
269,0.864278221482845,0.8815905793599621
270,0.7647529431944612,0.8163183018619318
271,0.7246260204924564,0.8504759528331489
272,0.8875618288197948,0.8374547956282326
273,0.3137478080311759,0.8258130524711105
274,0.3023413448955669,0.8572747949791317
275,0.322785613436819,0.7583913597231331
276,0.9346473988200036,0.8951350466728917
277,0.7474956407416207,0.8587263536988975
278,0.7385271933122499,0.8956628460738509
279,0.29285035449150126,0.8910354145596082
280,0.762359871432895,0.8180623253195194
281,0.9271525081370282,0.8486630972061366
282,0.9497198321815279,0.8394684435024636
283,0.35284541155193727,0.8305405369891139
284,0.7683194693074362,0.8731974745611255
285,0.7254344296756232,0.772849650634355
286,0.8874574572025349,0.8564600953124226
287,0.999296438910883,0.8845362477535038
288,0.3221763412842942,0.8829888168082785
289,0.7407560420819357,0.9064228142474678
290,0.9494315341402771,0.8004793107848913
291,0.9575687207330543,0.7391131407169176
292,0.7095027128620522,0.7199602854541407
293,0.673854350751746,0.7054797310332103
294,0.3343968359454363,0.7788973314744674
295,0.9052656438975175,0.7114865530620045
296,0.7193228537667615,0.728242741215389
297,0.6757596454225878,0.792408577650032
298,0.8258648500116677,0.7971533507126851
299,0.8989312907729123,0.7748962289295775
300,0.8809441869520854,0.14531186979522603
301,0.33207426633260373,0.4569211758788312
302,0.7913810228594225,0.32401733932849
303,0.9158927274713995,0.46634843153841976
304,0.8812773348036138,0.28978595038215194
305,0.762156116717339,0.4281850322290208
306,0.506106836182542,0.4763851502362073
307,0.3381710983039127,0.5398181334210888
308,0.3260972353439731,0.45943921563704315
309,0.803079688796912,0.4025090962268234
310,0.4790640457952622,0.13137358965409243
311,0.3647453138226606,0.17866768536257643
312,0.3268514113451696,0.0937888741880169
313,0.5505218639868644,0.2714684068189791
314,0.3540209762620027,0.21854997749077992
315,0.9746330728659448,0.16531425367438318
316,0.776352685025109,0.2800148098295264
317,0.7719006611139969,0.2747984064900535
318,0.6849710634241477,0.22686209885710124
319,0.6866597169103219,0.1826638947479341
320,0.8930115843424581,0.15125303494248032
321,0.770195622964666,0.4351758140574961
322,0.7589055654592501,0.3347443965450829
323,0.9862265108265785,0.48620382538426116
324,0.9255245921576729,0.2824130511179721
325,0.8614021610290861,0.38436498732491753
326,0.8591341257546843,0.45950475845977
327,0.760984534975574,0.5343304685681944
328,0.6995898529860696,0.4236583528994375
329,0.7529388714684466,0.37115861559636587
330,0.8140263639249525,0.0915584941573826
331,0.8130215740744041,0.5050566414190953
332,0.8528872168959839,0.3508438263522199
333,0.7658483495314574,0.4877701623321022
334,0.8304128948714824,0.24046447658193176
335,0.8993164182582989,0.4385545292639037
336,0.7241041117356726,0.487588685994018
337,0.7212144228177819,0.5648967140993332
338,0.8504625733186445,0.5021617380408157
339,0.9082976636828487,0.42181619656349484
340,0.8823070534737878,0.15308829749421698
341,0.8028545517272254,0.47428418942020023
342,0.8570949978831621,0.33011555964634565
343,0.6373609034638974,0.47413659424933585
344,0.6294548138298678,0.29820463581521306
345,0.8481293244838792,0.4406686823956515
346,0.9143387403887996,0.48951481447148815
347,0.8896262290160802,0.5553605087763054
348,0.7062512114880242,0.47453417285258037
349,0.7900676002533318,0.4147394061055645
350,0.9340233331400609,0.1645594706969449
351,0.9918751046556037,0.1989620553295307
352,0.9681090293750332,0.09358051446683865
353,0.7764616391409572,0.2852958709681773
354,0.6797070541558192,0.25036641804810494
355,0.7705494970605156,0.18388837010264536
356,0.8539803247870914,0.29940704949663516
357,0.8159713586497253,0.30673157615411323
358,0.7201973356578594,0.23410013810894242
359,0.6307934395334516,0.19605999581622302
360,0.9795587722664005,0.10780305522370992
361,0.7828849097912005,0.11566268125556176
362,0.8071160105584829,0.07755664736825471
363,0.8930368906596116,0.2058832287218534
364,0.9088880883446937,0.1739904655049457
365,0.7335172776934571,0.11055803263803293
366,0.9312924310813335,0.21149688235323022
367,0.9356965909716907,0.2025288086067772
368,0.707605448395082,0.1668027681145775
369,0.9181432056707518,0.12663454118791678
370,0.8892395603387411,0.12460314179525876
371,0.904469264421816,0.21275368879112486
372,0.73957457346945,0.12243827729176184
373,0.9636158877059326,0.31419234316796785
374,0.9104012452890372,0.22459390113978284
375,0.923656177663124,0.18823962419030665
376,0.9387687939392132,0.31141359595237716
377,0.7607518946140872,0.33151895197241177
378,0.9463987723729409,0.24655463656426674
379,0.9476987637435386,0.21734432831684938
380,0.9454275421149658,0.13239772069545447
381,0.9555876976031589,0.14490103007523683
382,0.9610837616166928,0.08058091344863685
383,0.7588667437727601,0.23996936349667003
384,0.9397004997882377,0.21193809766507155
385,0.978863124958964,0.13811170797120156
386,0.9262344704100685,0.25101149142664914
387,0.9747575168734208,0.2419488967568083
388,0.9754839820881769,0.19529100526181925
389,0.9739349158685493,0.15027345204615458
390,0.8052908257363802,0.1794686545422452
391,0.9223345342883041,0.6235127290721295
392,0.9305599129236737,0.5004784712127128
393,0.9251006235907168,0.6558672341838359
394,0.9622148442785918,0.3352039938734111
395,0.9620797371337158,0.5536249738213997
396,0.9420883843764586,0.6276793937790327
397,0.9507448960836393,0.7309004784906034
398,0.8003307486289093,0.6281640613069084
399,0.9408617199713437,0.5455792305273728
400,0.8990337529338255,0.5250874945937671
401,0.9528014020430577,0.47417854958441696
402,0.9438341362591525,0.4965615306980762
403,0.9358990647879519,0.42131145405548387
404,0.9730388461295292,0.5299407019721152
405,0.7154778806927122,0.49676138631659983
406,0.5429407401464494,0.4494643801561829
407,0.8236549092277101,0.5620374251937253
408,0.5466422225393447,0.4933690032622152
409,0.826636434937196,0.49151334430806504
410,0.9943804667375511,0.2365962338929033
411,0.5820942112836007,0.18358516485860693
412,0.8394875339868088,0.20968896596465755
413,0.8558616463060134,0.13279609585400853
414,0.8549617598760777,0.23422654362549072
415,0.5397045671115306,0.20215389237429754
416,0.75466226559414,0.1805087523948175
417,0.7147928016524551,0.2807267115489473
418,0.7104753559397898,0.2222030727144711
419,0.766573621347181,0.22538358281092263
420,0.6522640734836914,0.5198954398320288
421,0.911720647512226,0.4361796718724436
422,0.8927688824440936,0.46777250562225303
423,0.8961374360072084,0.36862897997087296
424,0.7686517256561273,0.4961789863486914
425,0.7435811515977875,0.44974269891684326
426,0.77870940738927,0.42068726000989554
427,0.8889204540439637,0.5366838037057917
428,0.8016291890483462,0.46980923434520955
429,0.8074109893902971,0.4512129138122897
430,0.7565099496630612,0.5575139322684378
431,0.7282707196965672,0.5168480421997441
432,0.8713617341233295,0.5451714536462042
433,0.6200706987763003,0.4622899095705835
434,0.9027537959100729,0.5498445218214953
435,0.9150602233452008,0.5323709984175369
436,0.9183130529362723,0.49224437596696746
437,0.9326523431840029,0.5940805592580805
438,0.7163196945044776,0.5276640119496312
439,0.824783163700388,0.5188806577669918
440,0.8127502742243289,0.5303760926284884
441,0.32254699182739266,0.47576016892038175
442,0.3210967820284407,0.49394954784356293
443,0.37235226826951406,0.42631612297566956
444,0.3616941825524979,0.5352215499103357
445,0.3621378992492211,0.50138762016948
446,0.5536173827854598,0.44538897065623306
447,0.36630954692074014,0.5662319589060066
448,0.3722241556548882,0.49859949724807384
449,0.3129433710339096,0.5026642378232364
450,0.24030430922941165,0.24645430697187207
451,0.8706823748732322,0.18936199477199483
452,0.2369864424057645,0.21081112865551943
453,0.8828759640265457,0.14404304704762
454,0.2676256885370776,0.2530215603288952
455,0.9618159009041787,0.20516745497172703
456,0.932198156362325,0.18366605184165724
457,0.20140043866445168,0.2968716510571846
458,0.8991367242516795,0.23845525902468986
459,0.9278395729135687,0.2502749301599722
460,0.6349674408182733,0.19165918017278177
461,0.5342715571044871,0.15768836300883743
462,0.6867557703960749,0.18154118294784227
463,0.671840390597783,0.09692259242146956
464,0.6751911027276889,0.19241562809904755
465,0.8715337354164413,0.16235617116321305
466,0.23398994008868482,0.16241042441905912
467,0.902025647600706,0.2263244371386
468,0.8684738751475489,0.1918912303869756
469,0.9053871291535708,0.1761119220327908
470,0.6828503628715118,0.2552403185937214
471,0.24138508394028385,0.19477049614486244
472,0.9881523626306132,0.2584114625068977
473,0.2342755590921483,0.14792989914277918
474,0.264742133887576,0.29140496293874535
475,0.20342793067810291,0.2071383662971516
476,0.5380348072659102,0.21615495675246948
477,0.2342286571870102,0.3403588413595575
478,0.2404887268232468,0.24200267918772694
479,0.9917246045028497,0.2510244266038619
480,0.23715805347438804,0.21067921840521164
481,0.26937955393377555,0.16644799628482815
482,0.20125191517369084,0.19015704284732696
483,0.5368791540588839,0.11264081337495915
484,0.23141772664905044,0.21433325330340341
485,0.9883669231019527,0.1794777629889177
486,0.24143753508777227,0.17136444765564457
487,0.9904628653982833,0.25290107953008384
488,0.23917685786485332,0.20998129662190446
489,0.2713449524416678,0.20455273951064357
490,0.20256071260423691,0.6286802100661106
491,0.5323336724885797,0.5299777564708801
492,0.23303660949449645,0.5802599787751941
493,0.9931932122555394,0.48100530667926256
494,0.9901948345785323,0.6155850765331943
495,0.7500802196346947,0.5361373073368652
496,0.4784619769022026,0.5413904003361715
497,0.5349539884564156,0.6986603736747504
498,0.7805870208920822,0.5964893432214782
499,0.8361851098899733,0.5925232891887644
500,0.49690340695519886,0.5653801073814622
501,0.808615369407341,0.5968338664895148
502,0.9058170549728655,0.5438676528389834
503,0.5074011073690183,0.4465520994426456
504,0.911229051677293,0.5321265279244686
505,0.9225825913975259,0.621192073857751
506,0.8132520236105983,0.5555431722054727
507,0.5182948013883673,0.5235399492956758
508,0.837247265225937,0.5193856689304328
509,0.8804418469021248,0.5946560549415199
510,0.7840249467672844,0.3406917212711835
511,0.8753263742933624,0.3400335931900056
512,0.5055003720719025,0.2729551904251
513,0.8747415573341646,0.19490494738258873
514,0.9470585396226068,0.2830591298021313
515,0.8437197362259878,0.3424269465831129
516,0.7475617077043177,0.29114172278267003
517,0.9915825847385892,0.24457865728529984
518,0.5290685033885759,0.2709808173406871
519,0.8358812627888802,0.3378726010881242
520,0.906951726835276,0.5911496941311334
521,0.8160297460974794,0.619647392011248
522,0.8780274842162199,0.505768784243193
523,0.8139074211212243,0.4538963310379114
524,0.9105573602109296,0.5527045884015467
525,0.5116888935465147,0.6275633490768555
526,0.9140452854619618,0.5467003222981768
527,0.9939820500479425,0.49864422750043746
528,0.8831748400173947,0.5195721052641253
529,0.9495289133786499,0.632510834393426
530,0.9101360653623579,0.5574470001879317
531,0.922318543278996,0.5804821885261824
532,0.8129635227195544,0.5574847824125656
533,0.5183861726923249,0.4403652376016523
534,0.8366998213091934,0.5134672529608272
535,0.8801658368317982,0.5911981547879146
536,0.9980002851846518,0.5565290509239866
537,0.8429517821619734,0.5255275184668422
538,0.8153533480914414,0.5184117688491596
539,0.8829245371587187,0.5688459274903492
540,0.8008832740739684,0.5690173799153022
541,0.7279305673618852,0.6059728813525216
542,0.8833263178468188,0.5530843493553967
543,0.5542074668554154,0.4439099954134683
544,0.5506411156381581,0.5403646981722526
545,0.5837179314036629,0.6313065782583959
546,0.882941981524808,0.5615356252545116
547,0.7514352044600726,0.5226111840354983
548,0.6140813985388678,0.5258614234184023
549,0.5199509556880958,0.6078816093579076
550,0.8331729639838664,0.36792943581691495
551,0.7900188592133444,0.3688980480903672
552,0.7677352915833988,0.2992003354936217
553,0.7832546109654991,0.20645016657976378
554,0.7992478813957521,0.30506262910776144
555,0.9291004672850813,0.37457228672700194
556,0.7751406143309377,0.31642931728756024
557,0.6567538987454988,0.25272573432749823
558,0.5686112245226871,0.29423819107694305
559,0.9212748774673714,0.36843933389764194
560,0.8232926498312848,0.28802711795312863
561,0.6666509519533534,0.26986715429786523
562,0.571069630192157,0.2125192158551958
563,0.47795635772731027,0.14477700105183966
564,0.6183263088849482,0.22830496376745835
565,0.706037160184893,0.2662218301628101
566,0.6329743831556118,0.22840365621477118
567,0.7146876600989582,0.19588557023526265
568,0.7701959872191543,0.20863475781476043
569,0.8775107202240067,0.25066677086678135
570,0.9264070298621649,0.38964088300286936
571,0.5213706675300814,0.36001417099282584
572,0.6786776703842606,0.3018037437303308
573,0.7202632644082506,0.2198733197761032
574,0.717064825722399,0.3166693818390501
575,0.5425452477820162,0.36576832285069427
576,0.939578198186766,0.3424357193293626
577,0.7600135296722907,0.2775960808963992
578,0.6924816722117952,0.32425151591219964
579,0.5684129882222189,0.36977796723849354
580,0.8988548485746106,0.32270798033533366
581,0.8022916424431462,0.30741031593974166
582,0.8712877242242313,0.24626988204020933
583,0.7358736316128534,0.1679182677341956
584,0.735557580440093,0.2569227272629301
585,0.778603646200064,0.30723427892960486
586,0.6953330826480956,0.2635226700532677
587,0.7110913020828175,0.21916420452872004
588,0.6386779055547785,0.2418687057777246
589,0.7972250691105431,0.29328142978256266
590,0.696604934931264,0.6535334810319577
591,0.9708847716577163,0.6523826172404457
592,0.7901377485860306,0.6575678059744376
593,0.7457384292374862,0.5152903155508893
594,0.6935479444551463,0.6107977429428064
595,0.747809776282676,0.6749818141849311
596,0.8216668207286981,0.6556952694019471
597,0.6715989577669585,0.6182804034597672
598,0.7717683143227752,0.6241836125158637
599,0.704053449264923,0.6959290215106175
600,0.9030285132376901,0.17744234357854022
601,0.7223200148063629,0.6463908391268726
602,0.6291283984585794,0.7772026043796776
603,0.5780564689938115,0.6728032098370843
604,0.8545692246739296,0.38764627205403457
605,0.7513606562693929,0.6081651949660289
606,0.7481892618226235,0.6368143290780057
607,0.8272513148971333,0.7364442309087283
608,0.6743979476828962,0.6601428416193749
609,0.7782532119837959,0.6037998800874147
610,0.7028378448789168,0.19392364443858492
611,0.9877065555042337,0.5882412372515448
612,0.7503927548499092,0.6501805248372761
613,0.7442550797280951,0.6380017836342716
614,0.758781927404526,0.4005154762387566
615,0.7035220591405809,0.5467757334744179
616,0.5830360304383916,0.6242094283791984
617,0.707646185700987,0.6670807696577474
618,0.776665495889147,0.6033609183557819
619,0.7611742117555882,0.5671133773441968
620,0.7724542875607618,0.19188311576973718
621,0.7450986074455572,0.5950916178014354
622,0.8291399968606024,0.6865965973412667
623,0.673373412354253,0.6310629282953825
624,0.7812152959967105,0.40382506844089205
625,0.7001785867581293,0.5124080133849497
626,0.9912732047865032,0.6182583042655349
627,0.7493009778928306,0.6865492279950389
628,0.9942267069386987,0.6216407602937777
629,0.7752342250380052,0.5445607018811014
630,0.9953174235503203,0.17362402794346898
631,0.9954180277403122,0.5551130202511434
632,0.9986445857644253,0.6192961507903559
633,0.8540917136642243,0.5695761294011291
634,0.862346887089348,0.3709554462258956
635,0.8606587752013788,0.48952035672804994
636,0.9984741126410965,0.5693146180710781
637,0.9972881424818039,0.599703675525715
638,0.9972970697619513,0.5541563131829481
639,0.8564571712339147,0.4942120059626266
640,0.9970481016401389,0.14587883339461458
641,0.9976526438923519,0.6923413343432218
642,0.9976417194980778,0.70760455555537
643,0.8607408350988279,0.6995674889780208
644,0.9981274321866267,0.324734821430552
645,0.9969333410316772,0.6270114648519505
646,0.9986382850614549,0.6336844040870699
647,0.9975414533008449,0.7944542995074959
648,0.8595996055115404,0.683930321802555
649,0.9978038972606325,0.6318425721777963
650,0.9972328422424982,0.12355959525157392
651,0.8131284040646516,0.7140636759057275
652,0.821826755320168,0.7140695346104725
653,0.8172733209161088,0.6945688305553981
654,0.8587754029465644,0.29833690533597185
655,0.8179243403321818,0.638357246051968
656,0.8147023019747077,0.6248273545714416
657,0.8196179739971574,0.7891949483734368
658,0.9981900679447684,0.697609328188304
659,0.9975708410041523,0.6303192401899179
660,0.9971787074160996,0.1967914914366226
661,0.858004268397379,0.5373300717015342
662,0.998838324003094,0.647953759519178
663,0.9981517427246869,0.6075284393204041
664,0.9984587354572005,0.4295478796927993
665,0.8169349946302699,0.5105841681783463
666,0.9921775869294736,0.618801637362119
667,0.9984866364454139,0.610764409607085
668,0.99799375040854,0.6281281520569126
669,0.8633628031103449,0.5836590239630787
670,0.9953808820221659,0.19413722565158748
671,0.9961445804559019,0.6044939756531866
672,0.9973367519309342,0.5809311513844598
673,0.8199721731732501,0.6789084752646231
674,0.9954869421390864,0.41328331376667726
675,0.8065636354861248,0.5342776877832132
676,0.7940685854559999,0.6504066749792217
677,0.8050509861053023,0.7092806365670415
678,0.8499886387054983,0.6602005115311081
679,0.8392608351869141,0.6181119550826547
680,0.7578647067372304,0.10318627263524724
681,0.5597757711534519,0.6144116682769882
682,0.6866148223979001,0.6826275223901739
683,0.6223113092277549,0.6209999808451138
684,0.6307980525149964,0.25703968811941796
685,0.8229838566548129,0.5473074812886013
686,0.7952910961799147,0.5273429296824077
687,0.7790141397260771,0.6766980413374184
688,0.7786187261960875,0.6072837584039474
689,0.5949832618754425,0.5593241690546715
690,0.8605042918172092,0.18112879949347405
691,0.8318156996143539,0.6103066185422182
692,0.7643201078679542,0.6989763673331388
693,0.7601075077651623,0.6731007461472125
694,0.5646582003573403,0.3536840089302039
695,0.8318699444508908,0.5597439031440081
696,0.6360411675969593,0.6105374234780818
697,0.7184146355464937,0.7025775309946407
698,0.6335145530137446,0.613488422096629
699,0.6990800856242099,0.5743532492921211
700,0.7062285805880557,0.745247308037218
701,0.665794524650689,0.6608525606190299
702,0.6555821907863514,0.6590381975480865
703,0.6533225470847219,0.6145331922168717
704,0.7660924038637158,0.7020642771362808
705,0.6638205383077138,0.6201804186364671
706,0.6905157489961059,0.6990183228552265
707,0.8926421264259543,0.7413705620042204
708,0.6700041855445396,0.742569927414237
709,0.6773183708938831,0.667248922346819
710,0.805925911684058,0.613205884060801
711,0.8683704993499927,0.5561683811288962
712,0.9093536138973053,0.5825624796873219
713,0.8004828737674352,0.536871135416243
714,0.8360223216097532,0.5817474588255704
715,0.5984128379449105,0.502039357081106
716,0.8609343671186562,0.6152757698850666
717,0.9090919546147251,0.6722095432545905
718,0.7297958009844885,0.6043781730556435
719,0.6980030991592937,0.5838699929014152
720,0.40228282827304745,0.6606346972424766
721,0.21883408693825618,0.5725289969037352
722,0.6709478761927417,0.6260372552781114
723,0.375152573583581,0.5424936942233444
724,0.4021369633299544,0.644144000121798
725,0.6913772669674616,0.5407392646752559
726,0.7005519231383915,0.6698810997139348
727,0.21949688536885115,0.7043536575221597
728,0.44027208805121476,0.652203443234685
729,0.6342989477600527,0.5905238886752431
730,0.22091051706969342,0.639505278641988
731,0.6712960232320115,0.5792794795485334
732,0.997752709304265,0.5850905285135881
733,0.6991953522737928,0.5488351740227615
734,0.44160019361293984,0.6190442566757057
735,0.41081933816104627,0.5665461733253812
736,0.43993817955699377,0.6529177320555812
737,0.629808402316028,0.6676614312580711
738,0.929997568083139,0.6615697483924198
739,0.582878841582218,0.5635501120075364
740,0.6344310124225158,0.7338082944763289
741,0.9954368882709506,0.6635182797821083
742,0.40405392137905227,0.7328137490167589
743,0.2170476050108181,0.6330696722841547
744,0.37506617341822424,0.7477010894807615
745,0.7001671129394789,0.6551961725581419
746,0.21911096897193644,0.6953757898767883
747,0.4098092023944462,0.7973837795569401
748,0.32384878423245966,0.6892699599832142
749,0.35910976826457686,0.6465121207235249
750,0.5397184220221364,0.7509011074112575
751,0.8229417491349706,0.674416438778981
752,0.4829835884446697,0.7285640191481957
753,0.5439156092480976,0.6425659467630505
754,0.8644013656896289,0.7371317833706765
755,0.32352732986990007,0.6665043712563075
756,0.3584735170185781,0.6913144541932955
757,0.38512355906579265,0.7954304503418277
758,0.689547140308567,0.6960472863697951
759,0.9903268138194117,0.6519939899193914
760,0.6289381321118814,0.6001509232735883
761,0.6956966480707893,0.5752006471914808
762,0.9200714695615602,0.6235544595987944
763,0.3575423900481581,0.5438034494888505
764,0.8249646103512517,0.6091398210966834
765,0.7411123307902701,0.4986843966879232
766,0.5783368804300674,0.6700598852786122
767,0.6973252434864995,0.6737882954508765
768,0.5150068146722672,0.6145608912349274
769,0.5824834132033716,0.5727283020518408
770,0.8115501603137139,0.6203383415257172
771,0.8462976551938584,0.5527165611264958
772,0.8149219264825616,0.6487854437842772
773,0.7643430116225607,0.5049839842991847
774,0.6591040266620847,0.6332773313466007
775,0.748377637400109,0.5237621531208803
776,0.7228042233555314,0.6145703292795319
777,0.6949743124209724,0.7314223372583797
778,0.6729106561861893,0.5785324019661228
779,0.8589659736858178,0.5608744799474942
780,0.4530705149827835,0.6657020857515601
781,0.4198131565280395,0.590992075145564
782,0.6762769123985386,0.6868540970919305
783,0.7636734763481092,0.5597034247914041
784,0.5946452471176251,0.6551810495269863
785,0.65372532262971,0.5855770249023768
786,0.22254741893251012,0.6430994488294914
787,0.24448014934409834,0.7354079107968841
788,0.5681066461365046,0.5966042216344759
789,0.6522909385358711,0.5401668196934353
790,0.34938270186906356,0.6774258999638264
791,0.39746261811506817,0.6248729968702387
792,0.7933249472782972,0.6836057092649661
793,0.7758486674305984,0.5687048896222713
794,0.9531087752525502,0.6837121542068126
795,0.6542999078043394,0.5753030750792026
796,0.5984634913366436,0.6993355364524881
797,0.8158581411634256,0.7614276752857195
798,0.7195490790600314,0.6753547360366006
799,0.4417845033723028,0.6099079805225699
800,0.25294134292036285,0.7144470942934965
801,0.8157532337067049,0.7006299446986557
802,0.7991741903458356,0.6671012233059382
803,0.8083991757735525,0.7149545381295661
804,0.716325678100656,0.7320731486994152
805,0.9055948974244907,0.7127834293782913
806,0.7843098866239381,0.6915710185691879
807,0.6819936432359949,0.7465242453655883
808,0.4274435549929968,0.7212345909713558
809,0.825611179759294,0.7482492632585334
810,0.9925077362302386,0.6428467279400805
811,0.992316388064778,0.584006023095516
812,0.9996293108882038,0.6156583716985784
813,0.7560344069683043,0.5815262172915766
814,0.7548447263459714,0.6179802504203341
815,0.7553573719732496,0.575872666560803
816,0.9914150183785465,0.6342101588669731
817,0.9988198939623611,0.6429625518695725
818,0.9987517729245997,0.6492422215769403
819,0.7546381909770797,0.6377440141566202
820,0.6741016491367096,0.6712669166299474
821,0.6626139754092992,0.6242107511601482
822,0.6644013312723647,0.595973129905192
823,0.5289045078870753,0.6068419023453377
824,0.663237903798443,0.6346071231343893
825,0.9920309323847525,0.6166421028041809
826,0.9993630814990834,0.6405929830438393
827,0.999042167610075,0.6697978613461086
828,0.7547590473287493,0.6627631902907534
829,0.9989185811255445,0.646552542169478
830,0.6652624275868517,0.6511899622264852
831,0.9995776008914183,0.6331334779881495
832,0.9921804012160456,0.5494219134397906
833,0.9921725612066387,0.7023984741441838
834,0.7562735105945904,0.6397879206174689
835,0.9916923118272208,0.6140068129158274
836,0.6748752843385784,0.6060766323646174
837,0.9920118856375626,0.6671652355063306
838,0.9921710423476136,0.6665577638579976
839,0.999572928459143,0.6472094745423418
840,0.9992669360626097,0.7070763275341225
841,0.7548345414901698,0.6668003673694493
842,0.9993017212670352,0.6910331135454899
843,0.661295833534749,0.6544208944868337
844,0.9993224410177369,0.692979276074543
845,0.9919900803397452,0.6909879708778803
846,0.4223783470915272,0.7165042524318339
847,0.43369811402575453,0.7302651046531212
848,0.4330204774595488,0.7121229514636231
849,0.7465240135233723,0.7297644944625672
850,0.43477875060439963,0.664535094655305
851,0.2169616666953675,0.6429059076662618
852,0.4339527588845762,0.6842642432424044
853,0.42302552358630163,0.637757210589343
854,0.4354798322720497,0.6629139204524606
855,0.5929156224144835,0.6718053992866739
856,0.24475998655180442,0.6750168898239357
857,0.5681642836203493,0.7262208034264328
858,0.9955035630215852,0.6828404640532348
859,0.5860744037665159,0.6937448166718462
860,0.24756987251846843,0.6457179455089264
861,0.9984736145581263,0.5983559097205648
862,0.5904296636264499,0.5975181567886247
863,0.24501505005267094,0.6080884027375641
864,0.9978595068574495,0.6121597257435096
865,0.9949850329110236,0.5800105516532531
866,0.5863830835829745,0.635081882041584
867,0.2494267982801734,0.6724963472129952
868,0.9988299042952795,0.6610381424638625
869,0.9970050724189103,0.6191196516051778
870,0.8471057184589805,0.6540908741398594
871,0.5261819881161127,0.5920393364482526
872,0.18636876303869415,0.6225537830558674
873,0.846871364885249,0.5404039314212585
874,0.8471622753483754,0.6039733840471564
875,0.8476112817888959,0.5927717331154797
876,0.8108164476310568,0.6451982538500265
877,0.691413319328219,0.6375225739838779
878,0.4227214153824631,0.6616656230540439
879,0.8064979122158946,0.6399840036316231
880,0.80942928673825,0.5393740859772644
881,0.8042394723685125,0.49714627299252484
882,0.7108349955854913,0.5623116910682056
883,0.4471645076825398,0.5218570664924804
884,0.7046907438551029,0.5401138378359533
885,0.7704789356581012,0.5170847845923141
886,0.4467480008285639,0.5565542590910638
887,0.44635647126610734,0.614464733738259
888,0.4484049574487816,0.5677056811813475
889,0.34918974485404053,0.5637743131092614
890,0.5354801340163112,0.6665597497128651
891,0.23337814465971857,0.6034364263367692
892,0.6981916242004782,0.6331977434690381
893,0.557599481465834,0.6169053758089876
894,0.22718162254265403,0.6390587005888586
895,0.23094823966738673,0.6025698531315771
896,0.2257428158324005,0.6441836131694756
897,0.16037830087735072,0.6823451630426238
898,0.3658309616188984,0.6637122066856176
899,0.5153411417592141,0.640684829409425
900,0.9994459794310533,0.4613422106018986
901,0.9995115047630194,0.2625016753241246
902,0.9993184640539712,0.4899797185928295
903,0.9991814565963127,0.4729664653559974
904,0.9990932642811066,0.46255340189340854
905,0.9988335311864347,0.2587745974201594
906,0.9916639998516289,0.21039395136381084
907,0.9918387264848796,0.2984380570182607
908,0.9917109232394642,0.23056891149074848
909,0.9913460377457127,0.6388609956575751
910,0.9996599545748288,0.44269081777511193
911,0.9995176633219123,0.27639915580957825
912,0.9995171762679539,0.4652049244275498
913,0.9992766634719881,0.4622102191234235
914,0.9919026193751713,0.43690730935012134
915,0.9990233715817218,0.2626403843169559
916,0.9993211042560262,0.221734817483651
917,0.9990822165362211,0.30386038500814
918,0.9989608386760822,0.24185355999186725
919,0.9915973526892213,0.6073414051338777
920,0.9993806166736787,0.4987013341084042
921,0.9995696121734068,0.3488732761698685
922,0.999362137547976,0.5340758886622254
923,0.9996256332787206,0.5241530682619343
924,0.9989086687258831,0.4877472499173636
925,0.9917378924891431,0.32647966796707767
926,0.9995626140444681,0.3038125485645614
927,0.9990166921859923,0.37650677039455815
928,0.9996479038519889,0.3203514559930708
929,0.9995745069538456,0.6645703969218064
930,0.9994643005151781,0.39096748772295054
931,0.9992098304829506,0.23521870096052394
932,0.9919856737570877,0.44133321274523646
933,0.9997032178145436,0.4059934839114855
934,0.9994501066451793,0.38043813354898803
935,0.999569199606128,0.2230577088397513
936,0.9989924393792494,0.19242649401134654
937,0.9992340167693015,0.26224111944363804
938,0.9989169285374848,0.2100751038291478
939,0.9994054748872913,0.5349061708539946
940,0.9918075974977758,0.5800331659141384
941,0.9993167485437118,0.30436353741495425
942,0.999137175998864,0.5699457261654691
943,0.9989327554065397,0.5853043727935313
944,0.9993606178804328,0.5778113593473859
945,0.32234813507950877,0.30010412295639005
946,0.9540138508664677,0.240902848970518
947,0.3010964203528419,0.3503418330167032
948,0.9516896963546703,0.26709192467023346
949,0.3001436748360641,0.7245832076360366
950,0.9974185258386278,0.6173943252960412
951,0.5452762164511638,0.32725500454406187
952,0.7416267591951425,0.6028823222727284
953,0.5338804836077558,0.623309750441027
954,0.5391083217132334,0.6171605123196569
955,0.47817959801134824,0.32391463327516135
956,0.6707243608799212,0.26181828554024805
957,0.48211152993232675,0.36777445827243493
958,0.49754130508151445,0.2889232406818866
959,0.8589097174985585,0.7316157135878646
960,0.9474718705268356,0.44511470372935275
961,0.29834289667881786,0.3099954361485825
962,0.9927186175986439,0.4721754426691052
963,0.9982021082179435,0.47980510383180697
964,0.5433756854651601,0.4295037305330137
965,0.5082171464586936,0.2785037755324795
966,0.9539468808318914,0.2799694997285949
967,0.3017556338439658,0.32252771241481754
968,0.9994329046488324,0.2871323130607695
969,0.9966506596397792,0.5879939756046499
970,0.5335081193723274,0.5927218305832761
971,0.48166506976749346,0.43861582307558783
972,0.9917610142609026,0.6223774752520108
973,0.9464630890042123,0.6112029088121004
974,0.29642243245937994,0.5776269799041582
975,0.9914552450086016,0.40804066049595034
976,0.996876799539327,0.3855585012219499
977,0.5412741480595504,0.47314624529172333
978,0.5060763235683342,0.4014444573961198
979,0.9986667142298554,0.7474018949801021
980,0.990559742661969,0.512380925220165
981,0.9991651541954152,0.2946525304063677
982,0.3202329712433395,0.5143281859742063
983,0.9590559575069737,0.5432220259391962
984,0.9577774126488453,0.49506223000777205
985,0.5474455689471952,0.25515915321728916
986,0.48392674461872803,0.27889664584540697
987,0.9540638792887932,0.3230796246113123
988,0.9587266880903785,0.26821134192149837
989,0.9530469023511019,0.642659224963382
990,0.8049011988569201,0.5603643960127446
991,0.7330972668506235,0.4001995770012923
992,0.7852778169520409,0.587749599931075
993,0.5519657974497636,0.6105718411293826
994,0.5301200689548395,0.5407064496048427
995,0.6577239424683827,0.3621819728873901
996,0.9015483056923888,0.3802928028547329
997,0.9431713546800906,0.4165988572015952
998,0.7754507299974877,0.3836829594776936
999,0.5322720089976285,0.7217127695542138
1000,0.829348459144807,0.4767491985820345
1001,0.9589191871652989,0.47485873052385297
1002,0.8350473546786721,0.4708901733111437
1003,0.5242701831247363,0.4527762107301595
1004,0.9405743409547183,0.38365448764780863
1005,0.9038110883159485,0.4885714800919972
1006,0.9523819239034751,0.43379559568178017
1007,0.7831303864536937,0.4516314536899967
1008,0.5402620458352471,0.4200722829964093
1009,0.9911665972215411,0.3616337338926063
1010,0.9409766112745518,0.4415574068192389
1011,0.6162577105023581,0.4183494316061661
1012,0.733491921512373,0.5028964825068372
1013,0.5716305670498097,0.4197632092418358
1014,0.3725366580157153,0.336725627051898
1015,0.7187206032339495,0.45269825675470204
1016,0.6766975855512313,0.40672225735167933
1017,0.7473388730803106,0.432495675973276
1018,0.7649837558876696,0.3874736538511454
1019,0.8961948987888879,0.27788090318127845
1020,0.7966826813536011,0.41092821081026765
1021,0.5258608813155657,0.3983948523204034
1022,0.9032620959267508,0.4147120615622887
1023,0.9195967779844614,0.38525401605320103
1024,0.917432416288041,0.3104429576448535
1025,0.7303307005669694,0.42960573215723186
1026,0.7885577846245883,0.38509010625885487
1027,0.9425702984914054,0.4028856952345854
1028,0.8316025187995577,0.36017497300422185
1029,0.5450128267761039,0.2758641365060198
1030,0.891685441969551,0.4974536978435191
1031,0.9612355783848439,0.5418930932230115
1032,0.9097941411601206,0.44069014057627964
1033,0.7110910097853047,0.45441194881653063
1034,0.9491907449289914,0.5613602577664463
1035,0.8783556789740554,0.4698760088067987
1036,0.8871384475370184,0.5718563189977658
1037,0.8239067906528681,0.5212513060891343
1038,0.881695783854477,0.5588416162836487
1039,0.9111475896282887,0.562989597355803
1040,0.7834211001959396,0.4838830093019142
1041,0.764274469622304,0.470281202206108
1042,0.7468736897020214,0.4477571411185481
1043,0.6935735391311031,0.4639084526923711
1044,0.897428714394353,0.3884754639476119
1045,0.8941016126160782,0.4906995212118412
1046,0.892325797394449,0.4307706404448103
1047,0.7746840006611881,0.4537710389309047
1048,0.9605241484332805,0.4204971436690369
1049,0.861053080197867,0.3539505569710327
1050,0.8591049418938698,0.44629994179203775
1051,0.9155121589661328,0.4268286546729385
1052,0.8279151410216031,0.43914231037785556
1053,0.8568651757251081,0.4254699284591368
1054,0.7473064146249234,0.35202346622125635
1055,0.83472810701534,0.4601603391830903
1056,0.8430339947878256,0.423225207254897
1057,0.9606117747857579,0.4448941196787455
1058,0.8242908076898636,0.4037283923568975
1059,0.8722196359034288,0.304424618677819
1060,0.7825882013642487,0.41165520173629966
1061,0.8492651152215794,0.39930507120172587
1062,0.941130656992637,0.41617740276056153
1063,0.8701070681152363,0.3862963722824225
1064,0.9694490513971094,0.3116278714841939
1065,0.8226865672635622,0.43036457360283076
1066,0.9561806138928024,0.38722145890255943
1067,0.8116071842533784,0.4049599404584161
1068,0.9320462062602007,0.3623868791519926
1069,0.8884518168267979,0.27803521678332005
1070,0.9288121725735006,0.4772065590648398
1071,0.7946495657745981,0.48146480866363844
1072,0.777787174908282,0.4727624375849259
1073,0.746078704529933,0.45319527981686175
1074,0.9060695944942896,0.3988356882020359
1075,0.9366806510490175,0.4842418000441454
1076,0.8628198041921201,0.4436778543400719
1077,0.8525112479513496,0.456593595050912
1078,0.818961867525948,0.4331939715414106
1079,0.8301838328114701,0.3648653374786709
1080,0.9929843098175145,0.43154950025897515
1081,0.893925051206362,0.42464171158331787
1082,0.8495360044029452,0.4273501693257357
1083,0.9866724588661668,0.40715519423724683
1084,0.9969182722980184,0.326858723034244
1085,0.8345133775411464,0.44847304359844353
1086,0.9111378673167279,0.40611410079201776
1087,0.8980767554827116,0.4281845079119926
1088,0.8730463275972975,0.3845631950818956
1089,0.9010523882913247,0.31293507096795625
1090,0.6763172206007659,0.5110278261522767
1091,0.6559132918225998,0.5705015631037207
1092,0.6856843739358061,0.46417731505599835
1093,0.652526658186305,0.4688100710763653
1094,0.695020835629316,0.5688993406458001
1095,0.7182996174042668,0.47737615174526754
1096,0.7024050235775976,0.5503999694901726
1097,0.6752166960645002,0.5062686587018124
1098,0.6914212241472533,0.5499988801584237
1099,0.6677683476662809,0.514175239552538
1100,0.8103913346243495,0.3213735702534333
1101,0.7053145431722498,0.2748918311898001
1102,0.6943153851452606,0.36446807903198963
1103,0.648387865898784,0.3253817269385013
1104,0.6863884780027804,0.32938356551584336
1105,0.6720097588493894,0.30772595573544975
1106,0.7142282922156775,0.3046875574851796
1107,0.8781569971122698,0.32132124343400753
1108,0.9973956906217466,0.31329618677019216
1109,0.9935226837128457,0.17163272225865628
1110,0.8800303859914198,0.3108487977959147
1111,0.9877626465693801,0.2635955685528112
1112,0.9053564020269149,0.3378653334998406
1113,0.6659548706391931,0.31149344586631966
1114,0.7127405337146547,0.3262084715354434
1115,0.6986259652117659,0.29574025093429535
1116,0.9961947548622825,0.30005584993792167
1117,0.9978999505902388,0.31132994283885396
1118,0.863002927739869,0.3087065817817155
1119,0.9935967754594253,0.17861023395965664
1120,0.8995368224847188,0.3575032466929154
1121,0.6578301151612074,0.34679716765576907
1122,0.7113510970151218,0.3965131865464676
1123,0.7001838282686468,0.35839525553208385
1124,0.9963756816536027,0.3956386128126125
1125,0.9954338266855226,0.34415926175569855
1126,0.8211369597367874,0.38189158147513186
1127,0.8188642779165074,0.37951530396175215
1128,0.9942882317002895,0.38707801045749624
1129,0.9952089657380314,0.3292078034682544
1130,0.8239578257602483,0.40091276837328854
1131,0.9854361284984006,0.3699601513338157
1132,0.9861023748349248,0.42056531377591616
1133,0.815402650414735,0.4201579769289019
1134,0.9836577617099267,0.433349592866726
1135,0.33266851266828695,0.40363291479021834
1136,0.3385287335065882,0.4153585141103703
1137,0.378842891148264,0.41924056715018443
1138,0.3315756015101874,0.4200571248517511
1139,0.3329426735536687,0.3497309114386733
1140,0.9861901028519298,0.3740393379499878
1141,0.9866657507893217,0.349345497319694
1142,0.8152873110477835,0.41531568250770123
1143,0.9843536039042022,0.38294042500568204
1144,0.9975941362387745,0.407941625085373
1145,0.33236065744246746,0.3661911185651696
1146,0.995290126396772,0.3974527832589561
1147,0.9964025330122769,0.39990608753138984
1148,0.8197175612174739,0.4022809474601051
1149,0.9950341486418939,0.32524652407492016
1150,0.9848979108028815,0.4196551956293959
1151,0.3315613725559331,0.386350720519307
1152,0.9850594382687374,0.47723870734791
1153,0.8846186099917457,0.41691777842326316
1154,0.8839460562616615,0.40492257909298246
1155,0.8591717240983934,0.41174711727820434
1156,0.8826940839972166,0.39039560635094495
1157,0.8756582775243305,0.4085873926824096
1158,0.35401575419261255,0.3937442430818403
1159,0.877004841863912,0.25512212984934507
1160,0.8822735090195126,0.43891668150631713
1161,0.9932077359949232,0.4218472701019434
1162,0.9936661698701141,0.5254290379377262
1163,0.8221785256065344,0.4319161876636924
1164,0.9956622208161119,0.4516563268027276
1165,0.9867410777095547,0.42414038254073394
1166,0.3395971703566807,0.4262952390733524
1167,0.9882082567697811,0.4317452758625494
1168,0.9918250853500243,0.43255761746380217
1169,0.8826041382021655,0.31631651641531466
1170,0.5335066289089141,0.47611826655535455
1171,0.5042493499339429,0.46011222703589594
1172,0.9723431170510218,0.5134987010237655
1173,0.46595151017216346,0.4771777449891079
1174,0.9384733955173409,0.4818902448307425
1175,0.9582484026216238,0.4773718268766001
1176,0.9443940566728745,0.48261143297571274
1177,0.5730661280153927,0.48421729621078435
1178,0.5438424961398364,0.4791209993476827
1179,0.5116246810648768,0.3590216919848127
1180,0.5428298170692647,0.4905417823236975
1181,0.8783487428411696,0.4655241542234847
1182,0.9086583810747173,0.5534045953039859
1183,0.8687968425507229,0.4988885459857092
1184,0.5539127204074483,0.5147500849826757
1185,0.9760497943549437,0.49182750193553404
1186,0.5827280574516066,0.5088677016669594
1187,0.549505924529168,0.5057441038478745
1188,0.5055484586309082,0.5058515654097764
1189,0.9332094045223047,0.3996222320658367
1190,0.5563437929207113,0.3188114754311571
1191,0.6807045709171712,0.2682954217389572
1192,0.24663329498422912,0.3639964598512685
1193,0.2606027386783377,0.32384176418568406
1194,0.21930184501785518,0.32786004038839256
1195,0.6766227319679414,0.30557762173602
1196,0.34893558945559283,0.29969886581456756
1197,0.64545229805776,0.31702711642169146
1198,0.8429175820302067,0.3089527430175164
1199,0.5513219880644548,0.16912134562234168
1200,0.5038770932071951,0.4003109135805566
1201,0.48059370389749195,0.371432459047628
1202,0.8627520874718848,0.3397406455827895
1203,0.5363431857655987,0.415653556468189
1204,0.8235017440390819,0.3853284695310836
1205,0.5957992753398785,0.41817228956627395
1206,0.533020869407884,0.33702422353281386
1207,0.9994208434059695,0.39032439667544655
1208,0.9701335438185021,0.4157430102145561
1209,0.9359031010287482,0.48841650823090144
1210,0.5721667134053702,0.39300806403774846
1211,0.876558586233769,0.3415605363466533
1212,0.5831296694771213,0.31373654297144504
1213,0.24415752180686892,0.4140586737303769
1214,0.5516181450864712,0.3754246762548012
1215,0.5458693042133267,0.3940300948313645
1216,0.5267364512723065,0.31130536965548916
1217,0.7195142047323164,0.3788441321331995
1218,0.9156945484367761,0.3903546631251836
1219,0.6170629789585086,0.4918870154318442
1220,0.5184584689760662,0.38268204016253243
1221,0.7607426192290931,0.300786348763289
1222,0.4107728795418315,0.279667903444226
1223,0.5301834346707027,0.5980852574713563
1224,0.7494096188097255,0.3439358729943115
1225,0.6717509397751573,0.3297755781729438
1226,0.7890223993548077,0.27813945830318704
1227,0.900695272289461,0.3681670171234188
1228,0.6842440863268572,0.35948962515827376
1229,0.6276954530933467,0.6504839803025695
1230,0.7087990078721402,0.3852585199279587
1231,0.529454489337835,0.30482822455824554
1232,0.6046930746786612,0.2753630712998124
1233,0.6642779540457469,0.5727180803344819
1234,0.7558363975994521,0.3238291382435978
1235,0.6559831695384681,0.3372644346396919
1236,0.5539585187816973,0.2736603703985557
1237,0.5322301377191815,0.3706899739369458
1238,0.37863196940991384,0.3406999071040959
1239,0.6267047777431793,0.6134772695869509
1240,0.5634224317646409,0.3805696053748431
1241,0.5079334923615255,0.31683531027314155
1242,0.5366449012565164,0.2857818520574027
1243,0.6714084316092616,0.5863222464964029
1244,0.8337204795258163,0.33981035910296625
1245,0.8002582542197221,0.3425196215396518
1246,0.7077314450231613,0.2839845055042318
1247,0.46030517228398105,0.3640666594950571
1248,0.8555792353557022,0.3651751795532604
1249,0.5071359169123595,0.61791620859083
1250,0.45587038164237503,0.5978428809053624
1251,0.6383146374897544,0.5438719571961799
1252,0.8429773637868603,0.4705790578364376
1253,0.7775288006469281,0.42927105512092395
1254,0.6756046744325555,0.5428747849199401
1255,0.6222504228628498,0.5531789400206298
1256,0.8530256159473664,0.469255094562815
1257,0.6951293563174827,0.5738686725058444
1258,0.4813961966870711,0.5930728773050962
1259,0.7324748786624182,0.5203288282798681
1260,0.6557154731364639,0.5631287406976022
1261,0.6751537236495564,0.45827324210628007
1262,0.7563871474774413,0.39456862942858795
1263,0.6653759101864684,0.5466686154553453
1264,0.7503751817997572,0.5036076829606284
1265,0.6972547911144207,0.46239784675684803
1266,0.6905508588845297,0.39286400385666775
1267,0.8797661239065908,0.5577525116323949
1268,0.6905825353881205,0.503922945836389
1269,0.833383737701358,0.6754710006589415
1270,0.6635771371012396,0.5481309992846013
1271,0.752129604344675,0.475156820901517
1272,0.8928231288626904,0.41380635829582807
1273,0.8114486057083614,0.6071409850037803
1274,0.7520350200212551,0.46137483650603195
1275,0.8233010315373065,0.48008667014613726
1276,0.5331698789197448,0.4120994136183886
1277,0.4380416882090411,0.532372067514642
1278,0.5789915752941799,0.4972613212390167
1279,0.6227025925305817,0.6866624641886838
1280,0.5004999328443915,0.482802536601743
1281,0.8689821236035093,0.4055494892703898
1282,0.6447944371700092,0.3681312395854254
1283,0.5309564237569877,0.6523161196811558
1284,0.6749080069217965,0.41965213274416985
1285,0.7143705593519103,0.4228027770655079
1286,0.5882240743107456,0.3662507760363767
1287,0.8711131866018961,0.47765612545648994
1288,0.7805943247184733,0.42060750417300674
1289,0.6415951534348913,0.6642599929728699
1290,0.42530151017483503,0.4014647528356334
1291,0.5826183917557579,0.37344860381018846
1292,0.6611471018339166,0.3394557339731591
1293,0.47059012601742534,0.40165210054597367
1294,0.8606131979913494,0.3854710302032987
1295,0.8876555330389991,0.4171925586930014
1296,0.6701245404213779,0.33681809599029744
1297,0.7485405177021671,0.3924834674853324
1298,0.9952715859212447,0.41796234461817794
1299,0.6944852973723348,0.48449041876934307
1300,0.6895511789482951,0.3408460582381223
1301,0.8930784426488185,0.3512595887253677
1302,0.4371121394677776,0.4048422092381204
1303,0.530349370875664,0.32484011562928244
1304,0.41927449871835987,0.3151924416891897
1305,0.8517521160334074,0.3367664950459144
1306,0.3284812891834714,0.31566767906526283
1307,0.5316628421225745,0.3162333628715064
1308,0.5772422175098331,0.31027333143308483
1309,0.7322059115873905,0.2507092420184331
1310,0.7517265375804418,0.33056468740656286
1311,0.6577059611063908,0.33334489904314213
1312,0.8537602386424876,0.3802388179228256
1313,0.7003855199550365,0.31515721148820575
1314,0.8198779449373129,0.3039629935337671
1315,0.3373158986207843,0.32461820500945904
1316,0.5710217188529197,0.30932974805630875
1317,0.7003577698947753,0.3107609588707194
1318,0.7200062904288373,0.3040283976566462
1319,0.6085211500694065,0.24188404914068773
1320,0.7973382967595234,0.37332960978619606
1321,0.8925026142757465,0.38688762153669426
1322,0.49631527833273975,0.3835799902454119
1323,0.7266598444701791,0.3638178913398062
1324,0.8991163743104926,0.3716835201508336
1325,0.40135762505193695,0.36042575622784323
1326,0.9310246533611157,0.36584292791034784
1327,0.8640695790398711,0.3652670681207857
1328,0.43581540731079804,0.36714435767676534
1329,0.7040555295418719,0.3165261558319866
1330,0.719947389893054,0.31987368325196747
1331,0.4099997752532428,0.32475476218826277
1332,0.8326281771681668,0.30896508472201967
1333,0.8677847956226982,0.30423227049701856
1334,0.8408368509400784,0.2918796540002848
1335,0.44580125818989436,0.3132770359559184
1336,0.7001773844784642,0.2934336817207081
1337,0.7288627492245983,0.29431352465341115
1338,0.3929066723501069,0.2874082611557261
1339,0.8065846045007193,0.220836345489489
1340,0.9574913878915905,0.35271822532391217
1341,0.3542355881225216,0.35937067160929065
1342,0.549258477777117,0.41151374647769173
1343,0.7571140871015697,0.3318389835855848
1344,0.8436338277007185,0.31649665608551814
1345,0.6852658498031893,0.3455217759328
1346,0.8426425699647189,0.32557683949567817
1347,0.48819683624370913,0.32636244924351127
1348,0.45984071365369805,0.31799952048991326
1349,0.458678737691842,0.2512205950630261
1350,0.6075527520441286,0.3478519897312683
1351,0.7741636670287562,0.3406320911452967
1352,0.6023764777088116,0.3404596021444239
1353,0.7521316563449826,0.3331509564062206
1354,0.7149482485340583,0.32758295665566883
1355,0.7703273452337106,0.33661353611312317
1356,0.7796142412026694,0.32718210492123667
1357,0.696194459266019,0.32750886556985853
1358,0.8701345579893542,0.3238184226242711
1359,0.7751266833022696,0.24453925098276724
1360,0.6246321690434833,0.3599150583556669
1361,0.9062837069783085,0.34867225037539407
1362,0.5983475272041542,0.38982157587858635
1363,0.6968495521153216,0.345039285803124
1364,0.6832688934873334,0.33152846642490297
1365,0.7901439495213816,0.34801397215240754
1366,0.611779370706039,0.32252358799777914
1367,0.7871625910879897,0.3254167964530925
1368,0.8389996259824218,0.31836990911847013
1369,0.7836757603010583,0.23861876920223574
1370,0.6014604302510783,0.3517087154316355
1371,0.7272669207041832,0.35824846154922596
1372,0.5243142763471585,0.40132253185565325
1373,0.6834286157588458,0.33368056114753014
1374,0.7964402758841662,0.3175545008515941
1375,0.7078956533116998,0.34315074484660313
1376,0.54247610036539,0.32009980935257076
1377,0.8675937709704348,0.32249858876023185
1378,0.6918023379226057,0.3140965373661905
1379,0.5863300647520064,0.24189386163788457
1380,0.6327735241797126,0.35182065210734825
1381,0.6372636099462929,0.3522494106068613
1382,0.6938528870996576,0.4035328718549107
1383,0.6220802463782964,0.3390728299445235
1384,0.7412458146840548,0.33227585153802236
1385,0.7334731118086928,0.3438449066541509
1386,0.7571536785872183,0.3196727836573149
1387,0.8360994205690058,0.31966691599906494
1388,0.7095344365634684,0.3156032651786732
1389,0.7392764087703783,0.2448064468107936
1390,0.8028326740022536,0.3467276098587355
1391,0.7582451659611262,0.34470544290954475
1392,0.6815678207492902,0.3652525431457981
1393,0.5931277187091171,0.3323803482686454
1394,0.6084171637588932,0.3300329978847656
1395,0.8199535740677908,0.33621603029567115
1396,0.5133182023407934,0.3164297303836291
1397,0.5357271815291355,0.314920949829613
1398,0.6092723941765531,0.3128204158753711
1399,0.6237623240078785,0.23876894351895123
1400,0.9042205255744442,0.7549733423317876
1401,0.27381862700008197,0.523750336120086
1402,0.3465864921917361,0.44176294526746207
1403,0.8240667994862584,0.41233414995573425
1404,0.7348622998382631,0.7000383464378652
1405,0.6165748107667057,0.49182269120544153
1406,0.6135374646344368,0.4424140865456527
1407,0.8186985835442693,0.7583345818748684
1408,0.7896676337337399,0.5275330997077448
1409,0.6495297274649485,0.6429492757641669
1410,0.3011703327482744,0.7348280180639057
1411,0.3794390153881616,0.5120128160588191
1412,0.8614458173291772,0.4381491998989566
1413,0.7432020311700123,0.4052977885753929
1414,0.9385689067085834,0.685941210918348
1415,0.7101808155100314,0.48876357326958736
1416,0.8272925258570276,0.43872061032580056
1417,0.9963195087929386,0.7465256940830698
1418,0.5309366437810041,0.510199994778728
1419,0.6192100478683928,0.628286422635312
1420,0.3428806534605883,0.6273297176448109
1421,0.6142340227098455,0.40542769590724215
1422,0.3731618490520151,0.3754950416743955
1423,0.46808223396159354,0.48843333178948556
1424,0.5123700866204729,0.5988227359084766
1425,0.796055917841549,0.4156518700617925
1426,0.6656351236312692,0.37529736101309663
1427,0.6799613013016469,0.6312072319985383
1428,0.7668156806620513,0.44067158140985585
1429,0.7180075978856276,0.7191877753397654
1430,0.5082019635548971,0.6915919938463939
1431,0.24565954955485558,0.48328324837339176
1432,0.29619757924435797,0.462671677006468
1433,0.8154195838831333,0.3640514967607975
1434,0.654024286400285,0.6968373461995984
1435,0.8735252297941323,0.4986324677004982
1436,0.6657810781530722,0.4627631426373202
1437,0.8868877878528256,0.7067998055328824
1438,0.2941451127904221,0.48671631742648525
1439,0.7553675282637715,0.6154747573722855
1440,0.3005018271127968,0.7714428807614986
1441,0.49033989890428137,0.5410360428322096
1442,0.5864328914882042,0.46424853801192495
1443,0.46776958456652484,0.35890071259469913
1444,0.6985094797808014,0.724066351422926
1445,0.8360971934923951,0.49799009577751113
1446,0.3436582138562815,0.46461699244945964
1447,0.39199769143488794,0.7888769735154992
1448,0.5409255862179354,0.5215345059751608
1449,0.5893810459173814,0.6104812942805464
1450,0.40490363029969956,0.685518547053882
1451,0.6290909280374912,0.47265373265471233
1452,0.7525719845877421,0.45542781698570967
1453,0.8604483470436544,0.400194392561731
1454,0.3236076840514805,0.7206032374059359
1455,0.36037088957409136,0.4982825570372648
1456,0.5277930505877243,0.45579682795916154
1457,0.5038444922815282,0.7070354387962896
1458,0.6780571052087694,0.47410156765921085
1459,0.3312834588888771,0.6516063300144852
1460,0.6890155641193858,0.7025252561389772
1461,0.7395107085976196,0.4899047565365854
1462,0.3966527480477774,0.4179070870372018
1463,0.7349130837341948,0.35750994988574136
1464,0.6635536794697892,0.7006381819174518
1465,0.5326457115496984,0.45509337250088655
1466,0.5596518168924937,0.4185946447657324
1467,0.38284004454142295,0.7092987579663479
1468,0.6619184810096324,0.4619623658929108
1469,0.5467276631866558,0.6073664952103679
1470,0.7676448015090382,0.7464336433034273
1471,0.8207559914240978,0.5190370567061833
1472,0.4609548931468639,0.4425199167104289
1473,0.7694821198133489,0.36236963450325976
1474,0.5455865919284069,0.7212245277599976
1475,0.8844472646269963,0.4793302581479314
1476,0.2608134420061249,0.4435023434308658
1477,0.6895217056769647,0.7601507056375316
1478,0.4954749774883325,0.4996149914379415
1479,0.49617691249726936,0.6149266482290318
1480,0.6561125892032287,0.7177856637925166
1481,0.30744188514914395,0.49867514444364747
1482,0.29793498595648366,0.42019257004264404
1483,0.28344432325279323,0.4151453090510471
1484,0.3220591091561194,0.6797248101155575
1485,0.958461127769684,0.468680067025566
1486,0.6730094965412918,0.4198805708555712
1487,0.6592131207054576,0.7213218695660973
1488,0.44066925651153804,0.4871400186330794
1489,0.47816301855575244,0.6541499315586637
1490,0.3647033177972929,0.6945150778472576
1491,0.2785781091082635,0.4665186119397136
1492,0.2887789595944956,0.41824801118390786
1493,0.5174790641922402,0.41704444370902216
1494,0.41928605341884795,0.683384471419016
1495,0.6804778527245532,0.4721064676198372
1496,0.6417779355776211,0.4184720735448207
1497,0.6011214243919945,0.7092710603333616
1498,0.5145240271702007,0.4654032727623303
1499,0.3848188956908074,0.6639365711748952
1500,0.6924829017241483,0.448157287642614
1501,0.722236127112833,0.4510596264463935
1502,0.5805190915091587,0.4616519640982605
1503,0.5505341251972726,0.4756694628951358
1504,0.42956574991153706,0.4467145728145807
1505,0.6718890492184724,0.5614543903833845
1506,0.16967155746724688,0.6283960033886125
1507,0.1887552546461113,0.5775102005096653
1508,0.45116320231341916,0.5381836040436857
1509,0.4152674428724025,0.44902099076097135
1510,0.9191106403847407,0.4351271289805876
1511,0.2917057102575032,0.4326741979575297
1512,0.33033073959448256,0.44896814220814485
1513,0.9448300384094779,0.4785986664417056
1514,0.9879225860594789,0.44082197420996183
1515,0.6449098141126998,0.5273035281201542
1516,0.49824888684532154,0.5884385193168644
1517,0.30085000108317944,0.5638506992858087
1518,0.6274503563358494,0.5341439568903753
1519,0.7223429247875074,0.4371526750994936
1520,0.19295899540435346,0.5584077081579661
1521,0.3080055199877888,0.5629839851885265
1522,0.3364157115311211,0.6621506646795584
1523,0.5449387719829235,0.6819527267180094
1524,0.5272129821986032,0.6493104331107793
1525,0.5449088549813998,0.6037753878779644
1526,0.2320982135796569,0.7193938570575199
1527,0.24327282520713023,0.7140982921698751
1528,0.6504845009808637,0.6636038605936243
1529,0.35530009132033735,0.5616122896469835
1530,0.6837437755760918,0.38356707096475695
1531,0.7430946833897234,0.3739943919425729
1532,0.8712710697109898,0.35403661851681545
1533,0.6929123428614758,0.38820698479591476
1534,0.8637933369582215,0.3476907338788156
1535,0.9466250971070547,0.4138235062045301
1536,0.749593041505271,0.4703179630834809
1537,0.6625251975448613,0.46391447976335237
1538,0.7929277668534317,0.4382769300712511
1539,0.8129115752961472,0.38601086620196967
1540,0.512425343705784,0.3665546737421792
1541,0.8150514509152785,0.3505141493737386
1542,0.7249668661730633,0.37076454996667624
1543,0.7706926993224217,0.3884527809216194
1544,0.5944045467884702,0.36578134363244674
1545,0.7604194486573448,0.4692622311086031
1546,0.8498419397069766,0.5327233729598422
1547,0.9905568187506151,0.5065172497200147
1548,0.9416453276702468,0.4948359047542992
1549,0.8079232304276631,0.3711600838298553
1550,0.7084264779255403,0.4450153295002358
1551,0.978664216319295,0.43940079964816725
1552,0.6709716594251584,0.42302956492319943
1553,0.7477109675608561,0.4327044026642112
1554,0.6990658965476564,0.4149016008583719
1555,0.7578525964597846,0.47534432200459875
1556,0.5122372777737105,0.529838444373036
1557,0.7653859211236436,0.5011482787535669
1558,0.7562807143600214,0.4926854380183519
1559,0.715498104054507,0.4459608971566652
1560,0.7160955358025979,0.3867493302894772
1561,0.7481670953747033,0.3817177678903553
1562,0.8798499579547951,0.38145203651777715
1563,0.635013654420724,0.41323540078373333
1564,0.7255408845336739,0.37878762348657163
1565,0.7502828331788695,0.4458097512648719
1566,0.9975152952845373,0.5049506051304887
1567,0.6845840028264623,0.49371455415489596
1568,0.7475368332663338,0.48410990894350137
1569,0.6968512684080327,0.38935629408932215
1570,0.7536174688717268,0.37763153493054624
1571,0.51139271241634,0.3654820384850319
1572,0.764920566557961,0.3764590193924938
1573,0.9789886117062365,0.39855607556334416
1574,0.7573839863048044,0.36889933697843613
1575,0.9976303992932206,0.4678450511323079
1576,0.96129458213473,0.5331917949259033
1577,0.9594201898684518,0.5011187615429837
1578,0.861347125838722,0.48157238914547584
1579,0.8631396799529312,0.38106490842455526
1580,0.9007146536045942,0.43783387903857657
1581,0.9986152137822755,0.44124066499310854
1582,0.9978980683060735,0.45061656304593223
1583,0.9614383858014424,0.4767951819963301
1584,0.8610994028327263,0.4401893933245645
1585,0.3936457258160406,0.523400735875325
1586,0.3899906063604567,0.5950470623102355
1587,0.39015961139835553,0.5637082963846286
1588,0.3246376941007073,0.5357878773998288
1589,0.3933628501350887,0.4408179153634439
1590,0.7413046856698009,0.4468485053116427
1591,0.7431855286166429,0.4551601341681297
1592,0.7738448873243992,0.44797780747800464
1593,0.7418768239176532,0.47248129644770676
1594,0.7399990896792116,0.434031467872792
1595,0.45635276934553515,0.5125637533711894
1596,0.9612585056385305,0.5756998006063174
1597,0.9627638187351681,0.5460684815434049
1598,0.9948429167000759,0.5130151611526895
1599,0.9078049177902765,0.4468304532888213
1600,0.9615378731906565,0.14364229374795212
1601,0.38536188562372925,0.17085167346241065
1602,0.7775920850706382,0.1710590892104491
1603,0.9424801888223384,0.13793975100812314
1604,0.9410677723214539,0.15037284955934696
1605,0.9950302204797289,0.1297637533526738
1606,0.9024209906010492,0.14213041849235591
1607,0.9424225215963621,0.1453323895983889
1608,0.38579013927519834,0.14750810556789135
1609,0.7751463162473284,0.10498473228087965
1610,0.9941470480876338,0.17003703240352736
1611,0.6028094589019162,0.17023155530587614
1612,0.6037339861582693,0.18454726685403028
1613,0.6275871833983034,0.15874222617717781
1614,0.5496055647224916,0.1813254128309195
1615,0.6034412376564564,0.15104642774308505
1616,0.36194945178687327,0.15542551594059972
1617,0.5825045629628718,0.150290490382994
1618,0.6330643485953898,0.16181601790367234
1619,0.633462412225194,0.10992698557317435
1620,0.5406394818505482,0.2047269766251325
1621,0.2918822247667556,0.20015248479177417
1622,0.43816259485711295,0.252569031832849
1623,0.9977414545945816,0.19141620283472
1624,0.5402671694878151,0.20858351601596048
1625,0.2958532830236138,0.18625568308769244
1626,0.40279664036532636,0.18253360898284302
1627,0.6569811589036492,0.1766789282507995
1628,0.8216160256468955,0.18381979068691295
1629,0.403138955644718,0.11754857013728244
1630,0.5478651901714646,0.20761153996206672
1631,0.987176995957902,0.2006446954607423
1632,0.4464892825414096,0.25202083469874664
1633,0.547097459257943,0.1964790616031616
1634,0.6557931773831056,0.21227937105395087
1635,0.5867680693175421,0.18964466535945224
1636,0.8581058281492728,0.1855332244343103
1637,0.43864173495948944,0.18121706262465345
1638,0.5864631298920099,0.18760934293408232
1639,0.573792328780897,0.11807529912844433
1640,0.8558635599736304,0.22873051447024528
1641,0.5428169501404467,0.23166758133171905
1642,0.9904860336777004,0.2247001487060612
1643,0.4517424964305542,0.21131838361369604
1644,0.5431376542125819,0.22730252331226353
1645,0.6582933860306526,0.2129899234483999
1646,0.9908598951600164,0.22248754767259815
1647,0.8539845751215277,0.21264398742376958
1648,0.5408530771996373,0.22281328338149925
1649,0.9933595995558786,0.15431613834649632
1650,0.4316857453841012,0.325233353883031
1651,0.541508852138451,0.3295177602558886
1652,0.6567923570407683,0.36024508334616623
1653,0.9916172605081144,0.3177092329838894
1654,0.8569733193175703,0.33481425448379804
1655,0.9916720836462277,0.3133749969190136
1656,0.5153707141803923,0.3306999149084775
1657,0.7876536800167238,0.3225697909697046
1658,0.44794816012569194,0.32546404379610605
1659,0.517228955102812,0.2964447287362765
1660,0.5087312933323439,0.2202253017120026
1661,0.7741035554208082,0.2175014582335066
1662,0.8200343379726176,0.26176935486121267
1663,0.7870348539338752,0.21482571788721216
1664,0.7829011752927886,0.23177370560017202
1665,0.29864177754524734,0.20530997718010854
1666,0.3137971709958976,0.20278839807895394
1667,0.37259416079021834,0.19925498074325415
1668,0.3077412016717541,0.2055998488756147
1669,0.8012108598167513,0.1420734913859055
1670,0.326620501002275,0.23292341889218107
1671,0.8902030911456211,0.23572539830700268
1672,0.3144105492340702,0.25785457809694984
1673,0.25763990274571297,0.22072434564384413
1674,0.3041678496817952,0.2316380315861716
1675,0.35593848629032215,0.21209757210901894
1676,0.43957869303503083,0.21190847558718554
1677,0.6128698689632298,0.21343506904759038
1678,0.5094338006407507,0.21803249077808973
1679,0.3145390071565328,0.15748132538805068
1680,0.3466825881278455,0.16427545858638953
1681,0.34597133438342165,0.16216643444318002
1682,0.4446395297844082,0.18939620992227948
1683,0.36530836949913925,0.15155177011667353
1684,0.28041072709354903,0.17271440665096474
1685,0.6768916177632098,0.14587949842932302
1686,0.9603380515803193,0.15051264394264052
1687,0.291673171715066,0.14411292337780413
1688,0.3375938592609572,0.15614574936977307
1689,0.296621841160731,0.09015529849010487
1690,0.795941382831935,0.5069349211665595
1691,0.37554411021036643,0.5683983971221945
1692,0.3446755949239324,0.5164277793175893
1693,0.31352700854500093,0.4652251539416321
1694,0.4021355329724747,0.5727710417396449
1695,0.35436911318775166,0.46385426310309674
1696,0.31347509298761067,0.5434608638710501
1697,0.29348985125024263,0.5010405630218486
1698,0.5485128064577409,0.5461986564424223
1699,0.8062301681420281,0.5857099995930937
1700,0.30072517828203305,0.42378909389445985
1701,0.38004446024346317,0.24774645160571163
1702,0.48032216738273525,0.2421989398797601
1703,0.6284067991746575,0.3062665104796718
1704,0.5332647128016056,0.38973177595092484
1705,0.3522485343746017,0.3119213970728819
1706,0.9691792108111571,0.24253555930454174
1707,0.626420759820913,0.43220851003708194
1708,0.3954330237410721,0.3015248801784419
1709,0.5160985398884305,0.5181939665681828
1710,0.8258546438690167,0.42430085454062727
1711,0.7011743787473219,0.19561134198093733
1712,0.4686989091942333,0.18993971738398716
1713,0.5365768171279959,0.32564157542050765
1714,0.5270183140698393,0.44521053969478924
1715,0.5314495567895375,0.23964867496865025
1716,0.5495765756543072,0.1907148217498175
1717,0.4471724886731691,0.44758606082324215
1718,0.875529312342533,0.22606791086343433
1719,0.58377588213619,0.5663209945572214
1720,0.752665446778623,0.460977478980118
1721,0.6535749161237965,0.2461219113096531
1722,0.5593003078972846,0.21067695685095628
1723,0.5289119164018068,0.33488043829866
1724,0.3742258020732835,0.445687094491881
1725,0.5412332706085023,0.24145401163038419
1726,0.5308330863021122,0.20852794581567757
1727,0.5348337574032871,0.4668594900778148
1728,0.9966174516637769,0.24051743370752648
1729,0.5843670993469541,0.5514277094055897
1730,0.5320270875056594,0.46146191945404325
1731,0.7560696466817767,0.2550238717789801
1732,0.6662336270597543,0.21182545677435632
1733,0.5572569157453748,0.333663439054806
1734,0.5388565397502041,0.4514347249558006
1735,0.3759171554899787,0.24768345542355966
1736,0.9944300381777945,0.20982125223193454
1737,0.5427427312536723,0.4660532592283219
1738,0.4798747318107246,0.24928700208305488
1739,0.40241916031987685,0.5477893025107039
1740,0.5481527761207738,0.4898222238088079
1741,0.3812819089067691,0.27720170781277687
1742,0.5451784927209027,0.28464179395679906
1743,0.36355910964262567,0.4167232427264052
1744,0.38654403972305396,0.5083192871516031
1745,0.3706837845225064,0.32077879150176447
1746,0.4467750675970277,0.2826693116259783
1747,0.3926340312368854,0.5131622818381978
1748,0.43836206452570325,0.29503904614740134
1749,0.30201112987495576,0.611763082850797
1750,0.3696489168224261,0.4804086947200981
1751,0.358761680361896,0.2800718574303104
1752,0.30636454082954245,0.2858818181388708
1753,0.3527720907886622,0.5337575634295717
1754,0.8281092888947388,0.48159027263163723
1755,0.9270068126696778,0.2945567354163514
1756,0.9978452471710064,0.28501294689457773
1757,0.9255277457958555,0.495192776165406
1758,0.5812682616237923,0.29450287820449406
1759,0.7356486753519632,0.6920862621558033
1760,0.5795172066860326,0.4717326894020125
1761,0.9981804064729765,0.2659636935132647
1762,0.9257100918600072,0.21649459677236135
1763,0.9985447865303592,0.3500476508155322
1764,0.5808436198434805,0.447602578545302
1765,0.9987185649931655,0.2631909518625607
1766,0.9263978180682375,0.21564678117902725
1767,0.997683418653728,0.48196794554940425
1768,0.5788785574194908,0.2628320327994986
1769,0.9986063667488772,0.5853690336470811
1770,0.566113128615328,0.5090125242100672
1771,0.6702686094764176,0.27533728147346853
1772,0.560359317602529,0.2221256378399263
1773,0.6446861357035124,0.35102234696882717
1774,0.5635511276942117,0.48506079945925484
1775,0.5648380024140661,0.2816937082387132
1776,0.9692686624848613,0.22310159692412473
1777,0.9847342095297238,0.5169195380134326
1778,0.9669958702664965,0.29453901450880865
1779,0.6715993745942668,0.6013899395291817
1780,0.9674216232930447,0.42014108139274753
1781,0.9683358341402281,0.19679384792838353
1782,0.6462165512575712,0.20265158754099
1783,0.9985477103282807,0.3317212337207865
1784,0.9242028174594666,0.4478840227241201
1785,0.9980232178364999,0.2437637045286017
1786,0.5780291179970418,0.20197837154103315
1787,0.9989368544174111,0.44140243710423266
1788,0.9986890170528939,0.22918063191415852
1789,0.5606870014729205,0.5521725553686857
1790,0.9663540808646777,0.344352099043137
1791,0.9399572714310878,0.18783155047232172
1792,0.9946905766779894,0.14908221150246279
1793,0.93556619162014,0.736134835290492
1794,0.7127501304384543,0.3269177328212972
1795,0.9366607694144824,0.17359848643309309
1796,0.9386329761171575,0.14858114416297874
1797,0.6782066161318057,0.3673145996378243
1798,0.9917053441325991,0.19724302956874445
1799,0.9354354932848723,0.7706335011055827
1800,0.926083719341489,0.5746683049020804
1801,0.9176171998888395,0.5853626009316499
1802,0.9648445950583286,0.5340856913560723
1803,0.39656091005923033,0.5084011956191823
1804,0.499130208728511,0.5080196292143326
1805,0.5114905315849969,0.5303538434275828
1806,0.5916966602266859,0.5871509327065655
1807,0.7329613023522822,0.582134599640241
1808,0.7644390965831658,0.4445011380106317
1809,0.7265305341938662,0.5795999384461171
1810,0.941979544732314,0.48383333387647787
1811,0.9430858605766593,0.4885313758857894
1812,0.9591420203882708,0.47326570104861954
1813,0.45207688619247016,0.4584736942401113
1814,0.6945641888150283,0.4472341880626044
1815,0.8298078247255416,0.3923965419222082
1816,0.8601491228211402,0.4991689622261606
1817,0.8378518270061537,0.4502380801339291
1818,0.5546762413971673,0.4073804043113377
1819,0.6522738832406048,0.491347433172385
1820,0.8285831292380332,0.4697033313339436
1821,0.826598806013273,0.47314106477483586
1822,0.9190699363617449,0.4593789108358254
1823,0.8948602529727375,0.42434976451729534
1824,0.524207077098451,0.4394938165542954
1825,0.6977153877164664,0.40395483519763864
1826,0.8709492985025227,0.47882485517978635
1827,0.9011335299304603,0.4468726668362796
1828,0.7091073090815293,0.41052836399296
1829,0.8741035833728213,0.47937849817802103
1830,0.8612215037860197,0.48664105632443494
1831,0.6101995601748686,0.49162307532465654
1832,0.8764705881887609,0.47176370756189556
1833,0.7785217260909836,0.43480646560879954
1834,0.6900838846497803,0.4538177153648985
1835,0.7704012158117491,0.4229036924750831
1836,0.7933496643747565,0.4953080511262204
1837,0.8840708437368214,0.45751469632792063
1838,0.9134398448494467,0.41882776292630697
1839,0.6494826978523687,0.49814874442099344
1840,0.8077452525396432,0.5609975881754385
1841,0.8798351387963763,0.5629736457638895
1842,0.7533160158507038,0.5030343082329256
1843,0.8037119809167834,0.46330436502167416
1844,0.8491957641809743,0.4875097615877047
1845,0.5002266815248628,0.44084721562814694
1846,0.5509986142753449,0.5314265713910182
1847,0.23870652527017358,0.49357767819762544
1848,0.41908204267724797,0.4774470365301364
1849,0.7322751375206367,0.5673527283180065
1850,0.18225627785626616,0.4573715102848949
1851,0.5014412080684465,0.4587241082135558
1852,0.9692944742117025,0.6100509206292615
1853,0.24026733546115328,0.6460748288411307
1854,0.8241191163828443,0.6025148099652547
1855,0.6301308619906556,0.43505956103576937
1856,0.2197127473773507,0.5837093813466627
1857,0.8627756824888706,0.6267297910645887
1858,0.22586651600320504,0.6428905744724155
1859,0.2428907873733489,0.4599149957678137
1860,0.41882643953766086,0.4490809075858728
1861,0.7326024051519829,0.453021596754153
1862,0.18332631060707785,0.4826299102632343
1863,0.9991404193537631,0.4857842353830474
1864,0.8238142446802172,0.4614184236457475
1865,0.22722603024944737,0.43497024196716305
1866,0.7314109814995126,0.5224691915911102
1867,0.23269667593487775,0.5002556150479168
1868,0.5088924298263423,0.4540183879922542
1869,0.15784729634167116,0.45487331377545115
1870,0.22322095787484086,0.5586199886649017
1871,0.6565077634652199,0.564543626793049
1872,0.1580657598066777,0.5552004229545182
1873,0.6582073936619066,0.5292153783064593
1874,0.7554774010136237,0.5293647834459163
1875,0.4146419160795558,0.5041065957450717
1876,0.5346169284053435,0.5960148469723952
1877,0.7308264315232387,0.5700331798501841
1878,0.3720453388073337,0.4870327589155512
1879,0.5345413686205134,0.5646067223092696
1880,0.3930109592378165,0.5537331220667953
1881,0.9176980975716598,0.5586255070336438
1882,0.361464064112422,0.49036799011271714
1883,0.6685050954263574,0.4378312262262823
1884,0.22967187047286472,0.4684690375778209
1885,0.32889574699078583,0.4087804848287893
1886,0.7086406349238907,0.4998516070130399
1887,0.2303974989763682,0.4411411519555311
1888,0.7720485926064883,0.40851985128526713
1889,0.5553886593149258,0.5642609235500653
1890,0.9940457222215255,0.3232180508182819
1891,0.3603799772760572,0.31618423591325545
1892,0.3639639384394976,0.5340658734799939
1893,0.7660872428776302,0.4843091415416694
1894,0.7639850474483225,0.5010975159293121
1895,0.5030584039171865,0.3822100195684536
1896,0.07220143010857466,0.5067136388587878
1897,0.0816069992921842,0.5031787791497454
1898,0.22302882986169323,0.5520654287652744
1899,0.2271330483721397,0.31609546127686855
1900,0.9920109579631085,0.5449834659842451
1901,0.9970918736716415,0.5383031028709808
1902,0.35770499400491906,0.6463862521805864
1903,0.7658550625124083,0.5229432599045449
1904,0.083052905092196,0.46624157965546104
1905,0.7474661092280241,0.5263927553813372
1906,0.765574227480702,0.48903636119563276
1907,0.4051802367955306,0.4896756487003716
1908,0.5422607238863217,0.5492872155017919
1909,0.1089120881676996,0.581116653468108
1910,0.7540094879778878,0.7318926873547088
1911,0.9923895492387582,0.7362839168813697
1912,0.9978088724692235,0.7033815253563634
1913,0.3624953947340576,0.7226265498555307
1914,0.7641509128031826,0.6297651330588464
1915,0.08277174347314163,0.7404719548266623
1916,0.9948023495930983,0.70857729122933
1917,0.7649883743434772,0.691027583199326
1918,0.5633889132275822,0.7481352475944729
1919,0.5779114836463572,0.7868050355025262
1920,0.3373522582577546,0.7413976960717373
1921,0.3940019346711392,0.7568096547189164
1922,0.12405645184652025,0.6717647154261157
1923,0.5655475432043745,0.6877517711020036
1924,0.8667974188845451,0.6701221244026907
1925,0.5814377240325724,0.7314733230593078
1926,0.38532568800450806,0.7405968127635008
1927,0.390870654032081,0.7149725380307477
1928,0.3745097527661464,0.7689267092378074
1929,0.4074547369981204,0.7677846510889066
1930,0.6494643705872656,0.7437946891023482
1931,0.38665655640115804,0.7595577869489311
1932,0.5545602651715896,0.6760907027743668
1933,0.39230481586231325,0.6871159423586054
1934,0.6030053837272115,0.6684455201824983
1935,0.3949104434695016,0.7315881267639315
1936,0.7312044762931866,0.7397976397734107
1937,0.4842354277714271,0.7142516232942053
1938,0.6951153830111326,0.7692575884172046
1939,0.5000851274156772,0.7667633415585222
1940,0.8972624119676653,0.7741693521284733
1941,0.7717981363098985,0.7827938761947528
1942,0.5335407596063747,0.6719299468723525
1943,0.8261483111447797,0.7718048556272958
1944,0.9177974465043129,0.7132218712282524
1945,0.7719593751672622,0.8236024383108262
1946,0.5309579513936682,0.7649127364497095
1947,0.8218420395679624,0.7466209006639758
1948,0.9153586115445737,0.7900470521550851
1949,0.9954744494106235,0.8068813235323996
1950,0.3453285305640791,0.7362345436843196
1951,0.9748373483341387,0.7526005344124331
1952,0.43032039483596607,0.8261338231372138
1953,0.4414986010035577,0.7169550594932803
1954,0.48363240394742474,0.6725525411527509
1955,0.48132068335033285,0.7421811021889118
1956,0.7737372135188145,0.7426388876899492
1957,0.5297459935497599,0.7248417379013644
1958,0.8256733351763501,0.7615960341948074
1959,0.9157997174923207,0.7641295768229727
1960,0.997766842136842,0.7763671974798367
1961,0.9949064728571387,0.7898174735570838
1962,0.48144105503267287,0.7307441308078995
1963,0.6915259091618773,0.7370339375468675
1964,0.4968017193970485,0.6918952863047626
1965,0.9006040098957873,0.754400340848491
1966,0.997206029564802,0.7605009990763424
1967,0.9167678706101245,0.7391944931848227
1968,0.9144265434345251,0.8046795344097699
1969,0.4398398971269891,0.8261389658450413
1970,0.9155038137077331,0.700059559614653
1971,0.8325891777477676,0.7055683197345547
1972,0.5044143659747057,0.7779987541478488
1973,0.8757254315052058,0.6365768431279286
1974,0.8649484242318495,0.605079403607395
1975,0.9375294936711563,0.6604252323788744
1976,0.9377766240985141,0.6616119656950046
1977,0.4561895432923008,0.6557815935668491
1978,0.9387947411240508,0.7067353385579518
1979,0.865591276847069,0.7238056980569629
1980,0.9293189302986276,0.7072606716430887
1981,0.9529641422397658,0.7102599335888915
1982,0.9837946889200966,0.6491232402018238
1983,0.6116903130882122,0.684819614940739
1984,0.6620462956352097,0.6183588514791926
1985,0.6449954672354608,0.735565043909262
1986,0.5834514125945593,0.6961656795785528
1987,0.656382113645356,0.6692211358528404
1988,0.6402448840163575,0.7252542141658938
1989,0.8267034694449882,0.7397456576888004
1990,0.6260094217005863,0.4393134502602169
1991,0.6681430018454113,0.4246925226840341
1992,0.6571902374681814,0.5420612002327572
1993,0.9156693983866656,0.373854869543783
1994,0.9003759461602426,0.44360546335276174
1995,0.6113273385476956,0.41208346824069664
1996,0.6991503925500709,0.4308965224067323
1997,0.6772901845952053,0.443678727114878
1998,0.9315809893301481,0.4499612733267422
1999,0.8344420796998722,0.424814396444599
2000,0.8896260707761157,0.6899497493518552
2001,0.9382579293954417,0.11930591891998835
2002,0.9670127091287114,0.6469540292728626
2003,0.9606649663866396,0.6377697095331528
2004,0.6524567986836411,0.7043650002445698
2005,0.6676656430893401,0.5646873399133844
2006,0.6872248571733222,0.7060306940369097
2007,0.6789244117361115,0.12546708769336973
2008,0.9522326066426607,0.12198497978688681
2009,0.9532615661756105,0.11355633524821876
2010,0.969889160994191,0.7041872591327765
2011,0.579247982404897,0.24245164017401377
2012,0.5551199936212247,0.6978435258934342
2013,0.5605337214764929,0.6867550157748935
2014,0.5952195216824206,0.6398968402579834
2015,0.9095738201430195,0.5866223871610474
2016,0.9472108917803425,0.6559821487552014
2017,0.9749352962728026,0.24124585238336133
2018,0.9765012992685506,0.24616739409294824
2019,0.6270104595757402,0.24130101034654824
2020,0.6446167291322905,0.4202054067372808
2021,0.6512217069590214,0.6288533526615434
2022,0.6528135703158925,0.43195164521815377
2023,0.9876503267015362,0.44556281124984903
2024,0.9410629302216369,0.4293463830236445
2025,0.19482098591128777,0.8259139676531857
2026,0.9980614364483812,0.42664779571790756
2027,0.19424552406651827,0.634920307588867
2028,0.998382297751433,0.6330027154696143
2029,0.195292058513489,0.6253845912258565
2030,0.9993466543153489,0.7295014827874691
2031,0.9980792489665283,0.12341036554776838
2032,0.1948934188874074,0.647466009529202
2033,0.9976995917742821,0.6259161539239062
2034,0.9986598356640026,0.6765207374356761
2035,0.9983722143545227,0.5552972217075642
2036,0.19548143631202813,0.6956632563461733
2037,0.9981006049603436,0.1248446973854013
2038,0.9990887374298573,0.12397492104443285
2039,0.9998114596216672,0.11965030162984523
2040,0.9997587150265126,0.7392690504093504
2041,0.19402012671919858,0.17162820209505358
2042,0.998528888901149,0.6314730760269814
2043,0.9984234356382312,0.6183779032489753
2044,0.9979009156332825,0.6721622498591042
2045,0.998155888368008,0.5642715596905317
2046,0.9994926759184697,0.6907539681108078
2047,0.195546645143148,0.17352503560184926
2048,0.9986848923327404,0.17179291590427087
2049,0.9981545829280372,0.16881154754131839
2050,0.9975929024152692,0.7057373884482723
2051,0.997770624299398,0.147808526374336
2052,0.9997763700141238,0.6795393221885414
2053,0.9984867704021958,0.6670188605150377
2054,0.19528536500671662,0.7286757851406616
2055,0.9983532332757712,0.5886863859663183
2056,0.9991416359000233,0.734473339698045
2057,0.9995112217138913,0.15149691997928952
2058,0.9995956364284049,0.1472480480350133
2059,0.9981910360253748,0.14397843042697928
2060,0.9979821774676911,0.7694512599651524
2061,0.9992837188844155,0.2070725783471743
2062,0.19367659090798864,0.6546534417868295
2063,0.9980730421093702,0.6514907477772935
2064,0.9976170152124318,0.70544301759862
2065,0.9975025808326212,0.5714468789015787
2066,0.9975441878664129,0.718339305672484
2067,0.9995947677433303,0.20519723971723008
2068,0.9997014039350312,0.2046619789463524
2069,0.9977597026829372,0.20350568661992294
2070,0.4663380370520786,0.7093672018152217
2071,0.48227777674231015,0.23624758543439547
2072,0.8737294143684413,0.7063181949333286
2073,0.9817603082907878,0.6966505154377184
2074,0.46622670637734726,0.6521831588922675
2075,0.5004500834885508,0.5915362453939341
2076,0.4509068715785748,0.6620875811934714
2077,0.9206003728434748,0.23486272615651146
2078,0.860785998628476,0.2394851163903319
2079,0.44566530311314523,0.2348393092190779
2080,0.4560630606757686,0.7389585047391535
2081,0.9253521049656379,0.17709706247504625
2082,0.8620340093551868,0.6304515051346457
2083,0.45112670355863776,0.618645776581997
2084,0.9983424428550678,0.6710133870841963
2085,0.5402149803299265,0.5628112542026057
2086,0.5332621461552753,0.6917073669551095
2087,0.6354100492530637,0.17794001587587832
2088,0.5648324654339468,0.17740168201216688
2089,0.48520235085070623,0.1735245151638112
2090,0.4923647601657405,0.7046950163681176
2091,0.3889835092131823,0.14824336770838847
2092,0.9326887546411007,0.6780684684689492
2093,0.8315456446856098,0.6649348836060849
2094,0.386282087379103,0.7251482068906986
2095,0.9197391706864875,0.5873644871878552
2096,0.9260602501746165,0.7326436481777379
2097,0.517752415377484,0.15246254160126746
2098,0.6304894591165169,0.14790681121209315
2099,0.45720170586273634,0.14468537227035255
2100,0.43567867933949667,0.6542696924240992
2101,0.6373595128795084,0.26908716420190604
2102,0.5628941973510844,0.6320643832194912
2103,0.5670561744245591,0.6108379512521604
2104,0.41521664480980475,0.624979121002578
2105,0.4409065198636981,0.6521008828553292
2106,0.5661705852718828,0.6273150021649854
2107,0.5791997201824195,0.269060081900518
2108,0.7397122872956372,0.2716056975875796
2109,0.5860230702367428,0.2645731456629727
2110,0.558965767585224,0.6221806693808538
2111,0.5643607415678463,0.3973323055516817
2112,0.8884127237577566,0.6093342522114635
2113,0.5463835679112055,0.6028175650392249
2114,0.5101624633899563,0.6186059146453757
2115,0.7210966639066876,0.8119230952617413
2116,0.547844130693731,0.5855862224114662
2117,0.7721709687468412,0.3979914488287677
2118,0.9898414475015422,0.40115678157433504
2119,0.6932372401500204,0.3916391830487304
2120,0.5613782569059975,0.5693730859723407
2121,0.5558706716968671,0.5511675059738435
2122,0.775092305883762,0.5894082204197896
2123,0.9899909714466841,0.5698375459231702
2124,0.5658425797533917,0.5704872357392825
2125,0.9980829872427214,0.885252168502825
2126,0.7211212106350157,0.5490156599319181
2127,0.5448688317560508,0.552377953420976
2128,0.9878828818938935,0.5531021110760167
2129,0.5535760885629382,0.5453890847190049
2130,0.9578710175208218,0.6052098142847379
2131,0.7399110814578278,0.10435603220102063
2132,0.5064035508577078,0.6121040571147198
2133,0.9199037353741053,0.5613742401550024
2134,0.5195435253585895,0.5891499604277428
2135,0.9607050935280483,0.5242165380830088
2136,0.5804233755540553,0.5819314329829293
2137,0.8133455191166229,0.10682297602102911
2138,0.940280207650289,0.1016260175853998
2139,0.5899847133512064,0.10097113018387056
2140,0.9351173906282144,0.6314249820096053
2141,0.5782854095676961,0.18792830412259448
2142,0.5472372414586768,0.6258899358981198
2143,0.7947752566561077,0.5903296948696843
2144,0.9088051249675606,0.6063118128097109
2145,0.7954949137835668,0.5824008057951622
2146,0.7985623462170606,0.6118112467700749
2147,0.7886163221332276,0.1902022117099241
2148,0.7917082148089665,0.19164178136713975
2149,0.7405624811394208,0.18515178160444618
2150,0.8295670164865407,0.6793396574861977
2151,0.9964464124166361,0.21748594536856447
2152,0.7091613113488546,0.6733734102971396
2153,0.5559918341646932,0.6211869909745176
2154,0.9963806407119375,0.6482206481446867
2155,0.5629191806495282,0.6614370777643483
2156,0.9961223391757561,0.6383939295324512
2157,0.940201390415214,0.21793540020244284
2158,0.5868133166441993,0.21499666296485584
2159,0.798439417183314,0.2146730554707397
2160,0.38385597459584303,0.6503038055110014
2161,0.8039002155712186,0.22590059908692955
2162,0.4387114286422262,0.6352560227051451
2163,0.37653001506737965,0.6045119978050186
2164,0.9962417847417513,0.6276991843250898
2165,0.432695029927115,0.6338083280993156
2166,0.5891870843177007,0.6319806207212015
2167,0.7458711943539593,0.2270034884847269
2168,0.5149419917467406,0.2277479089564213
2169,0.7502668030590903,0.22472757468190357
2170,0.7550525714063783,0.7301180165965948
2171,0.4189752657125457,0.08802092297777124
2172,0.9466780136953068,0.6283073161620767
2173,0.4133414334363339,0.6108856610879481
2174,0.48443758427177935,0.6632270790211583
2175,0.8082038639997559,0.5163473353477371
2176,0.3317018693059264,0.6792448720678179
2177,0.7944051919414894,0.0892075464093629
2178,0.32618098265418227,0.09051601133502493
2179,0.638151542884579,0.08505073096015359
2180,0.7517059737203742,0.5527233585164296
2181,0.8944163332919997,0.5066165898521602
2182,0.3804275491756719,0.5556631586397256
2183,0.8633214614439313,0.5567250342755982
2184,0.37458634043363526,0.5593906252069272
2185,0.6093403406567808,0.8683769206803017
2186,0.8235352831669307,0.5478665520702625
2187,0.8796499445506183,0.5102877749168782
2188,0.8590130169936454,0.5110421407721146
2189,0.3595225477545768,0.5014745213325511
2190,0.8410800741766811,0.6905763239167582
2191,0.35393389881834936,0.20774895552729916
2192,0.6451895698365563,0.6702343756325042
2193,0.8017574548717907,0.6492756408412573
2194,0.9369701194269892,0.6709790062198796
2195,0.9501669451582834,0.6449389527011223
2196,0.7491880603854781,0.6700662018028012
2197,0.4777775735890122,0.20696845830576027
2198,0.919855419004938,0.2099273199141333
2199,0.47176658203865734,0.20216962070274047
2200,0.4783586837908581,0.618637077776192
2201,0.8888385972307892,0.6536570154480003
2202,0.7283996370567724,0.5625153946637895
2203,0.8373245929934299,0.6787839208803524
2204,0.8046890498228281,0.6362657748060416
2205,0.2927612833640976,0.6279205337908174
2206,0.2632129270657185,0.6618563093486763
2207,0.8328706252272772,0.6512988439740051
2208,0.9575918409102046,0.6394584487962238
2209,0.2682416398621414,0.62654889217753
2210,0.2375193861948108,0.5747692520028717
2211,0.9944419849090034,0.5851880107580777
2212,0.299105159461871,0.7462352578344547
2213,0.27150817715007747,0.5757985235908456
2214,0.9430288311890616,0.5701899221251137
2215,0.3951417080839879,0.5842637466739136
2216,0.26938611595055206,0.5765772278849138
2217,0.4059638092611506,0.5860092505692043
2218,0.3774891100752724,0.5725366108673897
2219,0.3876762954176133,0.5826362950846189
2220,0.9583672737805468,0.5206153863663967
2221,0.26794174123389053,0.5343298667495944
2222,0.23670047522243953,0.8553173409468949
2223,0.9975304442653881,0.5255604700680581
2224,0.944323951093167,0.5104201806037232
2225,0.3796087778804803,0.5401477868153081
2226,0.9591531897455845,0.5115271533695461
2227,0.2655629849155726,0.535540841644311
2228,0.23472548579140481,0.5166255740126369
2229,0.9964473054728515,0.5397057869048305
2230,0.9439863891143062,0.5815992910026212
2231,0.3761375167857668,0.5606703937815183
2232,0.9979372674828265,0.4375853016059301
2233,0.9893492309146918,0.5810513228355494
2234,0.29825569777343647,0.571296620240723
2235,0.27031890490764443,0.5899025750159417
2236,0.9273754459440632,0.5700788438226536
2237,0.9951619620169456,0.5666859355801219
2238,0.3801613981548476,0.5733716749610209
2239,0.931530909498041,0.5899379157181504
2240,0.9332936616241889,0.6102725764732069
2241,0.6467652976118698,0.6789578444629919
2242,0.29918384518464014,0.4544854156151459
2243,0.48341176060670304,0.6901223529268238
2244,0.6143749506915683,0.6427256047624342
2245,0.6486272602954419,0.6293535264389449
2246,0.6003510430337347,0.622032205251014
2247,0.6200543577831408,0.6786889118747219
2248,0.621417299238376,0.6467049067641438
2249,0.644254730100122,0.6279124582066427
2250,,0.6378636626270122
2251,,0.6655446803059124
2252,,0.5743898472635223
2253,,0.6558536270477777
2254,,0.6475214668587328
2255,,0.6496781906310615
2256,,0.6549080273062423
2257,,0.6621447929464821
2258,,0.6517112695668971
2259,,0.6497513955766627
2260,,0.6264862309861008
2261,,0.6810726794396122
2262,,0.52671779569217
2263,,0.6965808073344155
2264,,0.6560037494544525
2265,,0.6468938897212453
2266,,0.6765765974030664
2267,,0.6782213205094128
2268,,0.6601241891057303
2269,,0.6475072514090161
2270,,0.7731316716276665
2271,,0.7796919746198765
2272,,0.38037854457243964
2273,,0.8622882411614383
2274,,0.8414470028467099
2275,,0.7537932417793034
2276,,0.8117171878762635
2277,,0.7729120159923758
2278,,0.8473410078949568
2279,,0.7551850711428267
2280,,0.520143934726458
2281,,0.556312207534678
2282,,0.8403499260701177
2283,,0.5679397222189972
2284,,0.5396165763694355
2285,,0.5436943851692472
2286,,0.5366772864901244
2287,,0.5510398062491366
2288,,0.5434656098354727
2289,,0.5429885365566168
2290,,0.6789447358173676
2291,,0.691740348181549
2292,,0.5092545905989297
2293,,0.7357909031694733
2294,,0.6832584578148908
2295,,0.6844776916693729
2296,,0.6744875240260377
2297,,0.6919833381122429
2298,,0.6835239102214261
2299,,0.6832696291416152
2300,,0.6411591100533722
2301,,0.4014903639011702
2302,,0.6406766502539765
2303,,0.6371154886368531
2304,,0.6138338674175933
2305,,0.7378726235275304
2306,,0.6012584496632777
2307,,0.40840407597602507
2308,,0.4075126970897106
2309,,0.4010043830654942
2310,,0.6310495878145037
2311,,0.1847160229330638
2312,,0.6373244108317017
2313,,0.6193306778689232
2314,,0.5821076524080868
2315,,0.5007786346377412
2316,,0.5614383867120327
2317,,0.1856265526549268
2318,,0.1902719187212545
2319,,0.1820567369015772
2320,,0.5331425546796702
2321,,0.1852153856944718
2322,,0.6332191520271271
2323,,0.618094100068576
2324,,0.544698830023926
2325,,0.47219258722210855
2326,,0.5184205026533156
2327,,0.1891229509347739
2328,,0.18955928433141833
2329,,0.18603009549562613
2330,,0.4401379733045897
2331,,0.1691465296358272
2332,,0.4907671284012117
2333,,0.46440469461672135
2334,,0.4341449829579873
2335,,0.43777416394102914
2336,,0.42336611779130306
2337,,0.16750424969271394
2338,,0.1738030721605342
2339,,0.1664082742812487
2340,,0.6154585707748735
2341,,0.40655541831372843
2342,,0.634166979727415
2343,,0.6295384862054462
2344,,0.5901846114086681
2345,,0.7106701104334052
2346,,0.5690544088456855
2347,,0.41109439907100376
2348,,0.41301396215047637
2349,,0.4061993373443699
2350,,0.5801906873095737
2351,,0.19355545797869178
2352,,0.608113118844124
2353,,0.5926355582565401
2354,,0.5833435736339119
2355,,0.5329227529215437
2356,,0.5914921249408331
2357,,0.19729749787884016
2358,,0.20038518572110098
2359,,0.18987133056124364
2360,,0.6668112057877817
2361,,0.4199433383553881
2362,,0.6631029118567504
2363,,0.6588361721512552
2364,,0.6325697528209938
2365,,0.7334804253417662
2366,,0.6496073456094252
2367,,0.42158183255666737
2368,,0.42460413482218656
2369,,0.41308004295941164
2370,,0.5740074608104178
2371,,0.19551766885721575
2372,,0.598101372913659
2373,,0.5778941899736911
2374,,0.5672523845301007
2375,,0.5109320540028401
2376,,0.577459750432728
2377,,0.19715298795165043
2378,,0.19962909279107688
2379,,0.19099563864382346
2380,,0.6351338823519731
2381,,0.13137304731220903
2382,,0.6821796341709426
2383,,0.6724379216797565
2384,,0.6360803015942148
2385,,0.5159293762330923
2386,,0.64649475537864
2387,,0.1370791237120596
2388,,0.13625727829178164
2389,,0.132988075338747
2390,,0.5682574742147267
2391,,0.19013544408485247
2392,,0.5928490675867595
2393,,0.5713973579269953
2394,,0.5596599371903428
2395,,0.5016557347895396
2396,,0.5744627845455159
2397,,0.19229077278104528
2398,,0.1953398901717583
2399,,0.18596655462883943
2400,,0.6053261252638231
2401,,0.6558289325775863
2402,,0.7055283819434354
2403,,0.6330051794746729
2404,,0.6184097170926471
2405,,0.6228064567014547
2406,,0.6139925600362979
2407,,0.656110958281233
2408,,0.622868439911257
2409,,0.6226311435338496
2410,,0.5800000511021377
2411,,0.6536996643811308
2412,,0.418632445986421
2413,,0.6105068156967595
2414,,0.5963405215716698
2415,,0.5829157202388113
2416,,0.5915109245603798
2417,,0.6502316149438137
2418,,0.5995832098460548
2419,,0.5812451523708638
2420,,0.5733664047947373
2421,,0.5912768286150014
2422,,0.3745874653003956
2423,,0.524927504656207
2424,,0.49167966165099464
2425,,0.567915756384588
2426,,0.4674086089330296
2427,,0.5883197575134921
2428,,0.49368223673054135
2429,,0.569559361121567
2430,,0.46272500470845973
2431,,0.4548310201439143
2432,,0.3696845305872917
2433,,0.4486196858547318
2434,,0.4149013816351294
2435,,0.46179839230554265
2436,,0.4140791052398671
2437,,0.4522765455259501
2438,,0.41740216095999594
2439,,0.4627881540279822
2440,,0.5585258116182439
2441,,0.6383728516396154
2442,,0.6738522129572959
2443,,0.5928344027085842
2444,,0.5804560648271527
2445,,0.5792867909331285
2446,,0.5805484928527211
2447,,0.6385575915974384
2448,,0.5848753241179991
2449,,0.5800116251506521
2450,,0.6185574496617077
2451,,0.5933399486418302
2452,,0.4643392150422411
2453,,0.597604183080889
2454,,0.5588397125651904
2455,,0.6182799502913869
2456,,0.5608868299186576
2457,,0.5913771706783232
2458,,0.5645283667246155
2459,,0.6164404061785553
2460,,0.650980624311731
2461,,0.6680502072888661
2462,,0.6921374410980305
2463,,0.6586400084588317
2464,,0.6341929079954522
2465,,0.6539431831892664
2466,,0.6225656214053623
2467,,0.6645404549063287
2468,,0.6415347403063658
2469,,0.6531139782107169
2470,,0.6076737752266481
2471,,0.5920263139984869
2472,,0.45182995483147814
2473,,0.5930728803674412
2474,,0.5531602364752226
2475,,0.6091677651282777
2476,,0.5564703916901379
2477,,0.5891215557009808
2478,,0.5583255121940305
2479,,0.6078392327358011
2480,,0.715480593676161
2481,,0.7242346394567187
2482,,0.4218331257629056
2483,,0.703483960649462
2484,,0.6643815811727516
2485,,0.7014418937116406
2486,,0.6662639460107107
2487,,0.7228345234189018
2488,,0.6684964874266575
2489,,0.7029282802192647
2490,,0.6071152869448688
2491,,0.5849221132986835
2492,,0.44491970756985855
2493,,0.5881861196891714
2494,,0.5488239473498377
2495,,0.6071148599391639
2496,,0.5506287412593989
2497,,0.5821433276783058
2498,,0.5553327774084165
2499,,0.6059309184991808
2500,,0.7207568992655994
2501,,0.8306287568556814
2502,,0.7739641060341296
2503,,0.5975637459517871
2504,,0.6783748446709696
2505,,0.7107245938625719
2506,,0.7410925982583411
2507,,0.6590847885420272
2508,,0.7885570905469306
2509,,0.7067484724687605
2510,,0.6987416993665476
2511,,0.7044361212858431
2512,,0.564812555386995
2513,,0.5457105116282854
2514,,0.7172165602830665
2515,,0.6609526017951579
2516,,0.7250925456888964
2517,,0.6666257098556482
2518,,0.5812178105726806
2519,,0.6909640704186389
2520,,0.5710154223973771
2521,,0.5652473510557963
2522,,0.4924430909444327
2523,,0.4937896583433669
2524,,0.6205774231198751
2525,,0.5767547924293823
2526,,0.6239366603139656
2527,,0.6040957431362044
2528,,0.5092181738651929
2529,,0.6088150033329136
2530,,0.6199011198703726
2531,,0.6660976565125812
2532,,0.5231139874996595
2533,,0.4137147487123962
2534,,0.6512887027289709
2535,,0.5807822325449429
2536,,0.6449329666512852
2537,,0.4713103765755505
2538,,0.5287003659394718
2539,,0.5821306567878735
2540,,0.6814531033286026
2541,,0.8176071274587063
2542,,0.7589204874918034
2543,,0.5810351418153911
2544,,0.6405021021434596
2545,,0.6862580866289689
2546,,0.7073899835118196
2547,,0.6151754618584178
2548,,0.767264681944718
2549,,0.6617641024933969
2550,,0.7770263313871415
2551,,0.7149839024153074
2552,,0.5721537692224166
2553,,0.4887646316403561
2554,,0.8038837078784709
2555,,0.6771427409847336
2556,,0.7991143268576699
2557,,0.6353476459883398
2558,,0.602813687407742
2559,,0.7502647784250182
2560,,0.7921020190782557
2561,,0.7733835748805933
2562,,0.775363658874815
2563,,0.5792249649249194
2564,,0.6987615794494791
2565,,0.6992416365754905
2566,,0.7515463468759749
2567,,0.6860976815371933
2568,,0.7864421620998654
2569,,0.7890401394958855
2570,,0.7659557209510951
2571,,0.7031816818754832
2572,,0.5585035265624205
2573,,0.4905721519134995
2574,,0.799706213196054
2575,,0.6748479587653619
2576,,0.7907786085386441
2577,,0.6337505315680456
2578,,0.5858864703396115
2579,,0.7418361165103748
2580,,0.6713823134817001
2581,,0.5876196441314381
2582,,0.4981551221852399
2583,,0.5793576746666977
2584,,0.6715361451992358
2585,,0.6052177300992376
2586,,0.7246713081899399
2587,,0.793668414676548
2588,,0.5415760704528161
2589,,0.696288709647332
2590,,0.7629567364633819
2591,,0.6980902090473942
2592,,0.5512045456386309
2593,,0.4816421809881963
2594,,0.7950814025744102
2595,,0.6689891122679776
2596,,0.7888261833364221
2597,,0.6310833978778154
2598,,0.5802640787618383
2599,,0.7356647591717626
2600,,0.18485414162390856
2601,,0.14520954679758014
2602,,0.2713122099060244
2603,,0.27907855908163914
2604,,0.21614171952046002
2605,,0.24450206267983787
2606,,0.21005634970411213
2607,,0.14073527504259659
2608,,0.14912825497789342
2609,,0.13935794490615308
2610,,0.19032700499050217
2611,,0.14067173753908813
2612,,0.27996062842429925
2613,,0.2872359325786321
2614,,0.22227817889202772
2615,,0.24851132928201794
2616,,0.21676077524923468
2617,,0.13549110102202422
2618,,0.14511879345147982
2619,,0.13393934195093715
2620,,0.1909785479410302
2621,,0.1420441800665662
2622,,0.2800671757003532
2623,,0.28759167147611353
2624,,0.2230411419306556
2625,,0.24903106506977857
2626,,0.21751745889736918
2627,,0.1366836815834565
2628,,0.14630005068216534
2629,,0.13526214548923493
2630,,0.2598725881536863
2631,,0.2852157099095375
2632,,0.3473073948714932
2633,,0.3328790554707711
2634,,0.27103338893587403
2635,,0.38118140545053897
2636,,0.2925910068572209
2637,,0.2795880401409503
2638,,0.2891657263864015
2639,,0.27808919554553263
2640,,0.18629509048026488
2641,,0.14380879985685016
2642,,0.27235595483269803
2643,,0.27925461001412644
2644,,0.2171698262073337
2645,,0.24529145749157
2646,,0.21116558447869815
2647,,0.13908173508109795
2648,,0.14816211987812694
2649,,0.13740231083817014
2650,,0.18804710489348053
2651,,0.14345688389485847
2652,,0.27470048258554686
2653,,0.2822436649988027
2654,,0.21923509238247849
2655,,0.2481930991959806
2656,,0.21477035520799262
2657,,0.13869672389228413
2658,,0.1482249848794553
2659,,0.1371867392799778
2660,,0.1883876274260265
2661,,0.1443250566980443
2662,,0.276858634394639
2663,,0.28371729699627424
2664,,0.2195381907679006
2665,,0.25122318755619233
2666,,0.2138893898481591
2667,,0.13982546617653985
2668,,0.14869506760357715
2669,,0.1378655106762745
2670,,0.24686306952558718
2671,,0.18079834507021708
2672,,0.33251331691698
2673,,0.29818792679101147
2674,,0.24583125183123844
2675,,0.33465677780019276
2676,,0.2791651734857003
2677,,0.17501058897145763
2678,,0.18624154648497956
2679,,0.17394277458569718
2680,,0.19045312108259554
2681,,0.14788023091865898
2682,,0.27803606289159866
2683,,0.28564541792903286
2684,,0.22205711791915309
2685,,0.2524760584249258
2686,,0.21643573568663035
2687,,0.14273586138185326
2688,,0.151857103317414
2689,,0.14108745383884386
2690,,0.19062725416913837
2691,,0.14137653199046543
2692,,0.2805104859421402
2693,,0.2871894878050335
2694,,0.2224673295302047
2695,,0.25191199214614207
2696,,0.21741296095581975
2697,,0.1359111730772242
2698,,0.14649289843870966
2699,,0.1342350874754746
2700,,0.1002709672351248
2701,,0.21354047021238906
2702,,0.22333605134165843
2703,,0.14470059505797744
2704,,0.13774505258590397
2705,,0.12091656882133725
2706,,0.1429710070063111
2707,,0.21576199220466852
2708,,0.1275221791546748
2709,,0.11547571286345124
2710,,0.10759403382999122
2711,,0.22583324223046577
2712,,0.220953405174725
2713,,0.15288567695980498
2714,,0.1478597003059366
2715,,0.12669633859007945
2716,,0.14564387911296817
2717,,0.2275135762933831
2718,,0.13655769124493883
2719,,0.12136742282669744
2720,,0.10703848079239073
2721,,0.22516358626358074
2722,,0.22038365884818328
2723,,0.1529966545686572
2724,,0.14677615006420175
2725,,0.1265573524924238
2726,,0.14629688117997336
2727,,0.22739029515173192
2728,,0.13575777260834704
2729,,0.12106177487098946
2730,,0.1862915258292558
2731,,0.3210608937957507
2732,,0.3493512088272348
2733,,0.22932455849631178
2734,,0.23095020364758667
2735,,0.19592823531656345
2736,,0.2358229605678284
2737,,0.3148222701178263
2738,,0.22608051508988364
2739,,0.19307147402164135
2740,,0.1028865444234182
2741,,0.2159355464325899
2742,,0.22101561233088923
2743,,0.1459888786694016
2744,,0.14045185670139776
2745,,0.12102451322220512
2746,,0.14384835096899226
2747,,0.2181029596476718
2748,,0.1292186226539088
2749,,0.11553056254570947
2750,,0.10462993901167719
2751,,0.21894812777659334
2752,,0.22241255352596312
2753,,0.14822002548732788
2754,,0.142357800033226
2755,,0.12430868495132784
2756,,0.14451271657017836
2757,,0.2208635085901134
2758,,0.13108510893556602
2759,,0.11885212511254863
2760,,0.10415640684010047
2761,,0.2215276701646886
2762,,0.22605655848545547
2763,,0.14977748043127484
2764,,0.1446620016494512
2765,,0.12384727254249542
2766,,0.14520532917944728
2767,,0.22361435915550265
2768,,0.13300860860874708
2769,,0.1185381645604468
2770,,0.16370950095172493
2771,,0.2809328953993403
2772,,0.27783462163930683
2773,,0.21915866046067273
2774,,0.21975083376706306
2775,,0.19515034696670835
2776,,0.20421413091953317
2777,,0.27792593654360664
2778,,0.2070546626271295
2779,,0.19045083021892095
2780,,0.10496987375770359
2781,,0.21877081249283709
2782,,0.22690232573612745
2783,,0.14850104214996318
2784,,0.14322821308681782
2785,,0.12457066477647338
2786,,0.14550760440824784
2787,,0.22095679228212478
2788,,0.13205246395529682
2789,,0.11914515649633253
2790,,0.10727484336085095
2791,,0.22853582071401207
2792,,0.22077112223594186
2793,,0.15450121927779248
2794,,0.14980360884168373
2795,,0.12620969047869135
2796,,0.14612711135540202
2797,,0.23006454157980033
2798,,0.13809913590290085
2799,,0.12102894418790705
2800,,0.28390893695449526
2801,,0.3264419864389516
2802,,0.25328951637201125
2803,,0.11647020292869732
2804,,0.282945587880053
2805,,0.2233681006791931
2806,,0.2554074464669621
2807,,0.10453053914417262
2808,,0.25787202967629486
2809,,0.2544076825203011
2810,,0.28054255105068343
2811,,0.32083024081631395
2812,,0.2506877145475085
2813,,0.1195605720360931
2814,,0.29225028557259436
2815,,0.22341965141903175
2816,,0.2521964654853376
2817,,0.11380602585320454
2818,,0.2601743198721815
2819,,0.26180890625462677
2820,,0.282070610678692
2821,,0.32138753107493256
2822,,0.2497409922410032
2823,,0.11451152602363812
2824,,0.2946335084472632
2825,,0.2225869209443358
2826,,0.2543965585452346
2827,,0.1125923932462102
2828,,0.2599603518740843
2829,,0.2627442087488456
2830,,0.3374356658183957
2831,,0.3979246252331582
2832,,0.37770846833992255
2833,,0.21552231948257583
2834,,0.3313448853336486
2835,,0.318326755302001
2836,,0.30950595123865265
2837,,0.18802773004618156
2838,,0.3650010823590719
2839,,0.3095394027166345
2840,,0.2853137518302104
2841,,0.3252547824333515
2842,,0.2525251981829244
2843,,0.11847186560662916
2844,,0.28910521705901226
2845,,0.22519210857361172
2846,,0.25662994112512927
2847,,0.1082264678229351
2848,,0.2585771816669461
2849,,0.25948921663169494
2850,,0.280487825260082
2851,,0.3245517991714245
2852,,0.2512496689398477
2853,,0.1176591505105636
2854,,0.28852764918413387
2855,,0.22193839743383542
2856,,0.2524283753687021
2857,,0.10718950008627684
2858,,0.26015492627927966
2859,,0.25716482170009247
2860,,0.2838998790079039
2861,,0.32726564948793774
2862,,0.25652038670719685
2863,,0.11994150568764222
2864,,0.29031372644674247
2865,,0.22663966761316776
2866,,0.25580906026889305
2867,,0.11048533787123266
2868,,0.2648602992059436
2869,,0.260272402134351
2870,,0.3341557461350702
2871,,0.3625879957778937
2872,,0.34105009721543117
2873,,0.21563634181188873
2874,,0.3248327915651249
2875,,0.3272760916469458
2876,,0.30571043235850914
2877,,0.1668886398522664
2878,,0.3067615553629158
2879,,0.32098184576297006
2880,,0.28408567993163153
2881,,0.3285090671052274
2882,,0.2574040428454858
2883,,0.12138384504545452
2884,,0.28760801036206307
2885,,0.2253221303332521
2886,,0.255437513479618
2887,,0.10804139571392671
2888,,0.26293229566596354
2889,,0.2591793431210089
2890,,0.2809377853982564
2891,,0.32285627644956794
2892,,0.25222123074424785
2893,,0.118011834666196
2894,,0.2986619125199945
2895,,0.22472750350732518
2896,,0.2532109680549435
2897,,0.11716968987313042
2898,,0.26437029948903695
2899,,0.26571275879757983
2900,,0.26917834656624695
2901,,0.3655752560554648
2902,,0.20216914735139802
2903,,0.38345368502771626
2904,,0.2730977831807986
2905,,0.4258596278309621
2906,,0.2688283788748323
2907,,0.41743232903613325
2908,,0.2368314380583582
2909,,0.41909665023694986
2910,,0.26002234532532087
2911,,0.35471581448869044
2912,,0.21097963769826922
2913,,0.3715483242447106
2914,,0.26585366158428664
2915,,0.41657949824184176
2916,,0.2625216823502593
2917,,0.4072302384175339
2918,,0.2284554806156836
2919,,0.40846261170994264
2920,,0.2597108731517881
2921,,0.3525497114607486
2922,,0.20766107954025753
2923,,0.37039330522814523
2924,,0.26448102079345326
2925,,0.418100190158769
2926,,0.2622591303161561
2927,,0.40892669768377843
2928,,0.22736361380689377
2929,,0.410103057302998
2930,,0.34286340088245437
2931,,0.3864484649732437
2932,,0.2608777089799916
2933,,0.3931439074777243
2934,,0.3493450922438269
2935,,0.42045199664289357
2936,,0.34200517016201387
2937,,0.4136002620679906
2938,,0.2618822302244529
2939,,0.4176118842764232
2940,,0.2667993539390948
2941,,0.36206823276557654
2942,,0.2061144812645353
2943,,0.38085605719789617
2944,,0.2707757669024836
2945,,0.42503683474391685
2946,,0.2675128250262442
2947,,0.4167261533756113
2948,,0.23431573776687886
2949,,0.4179215634759538
2950,,0.26443074735709915
2951,,0.3571729402430385
2952,,0.20315523727328305
2953,,0.3771265938643198
2954,,0.2694002507217119
2955,,0.4206748449676594
2956,,0.2644629959373201
2957,,0.4119862080571296
2958,,0.23145152365811322
2959,,0.41342590325210554
2960,,0.2662513256712143
2961,,0.35914383634356745
2962,,0.20718244823234133
2963,,0.37428369675177253
2964,,0.27079793950061737
2965,,0.41959027702012375
2966,,0.266870563982959
2967,,0.41057262476501
2968,,0.23216358574567397
2969,,0.4116192383612417
2970,,0.319748719004813
2971,,0.35819087097007896
2972,,0.2568018485169606
2973,,0.35705201411328646
2974,,0.3136421716122155
2975,,0.38787487017566524
2976,,0.3372836195125769
2977,,0.3814488974730788
2978,,0.23575791512290828
2979,,0.3814982551397109
2980,,0.26845674654616736
2981,,0.3616325607849937
2982,,0.20442134183314187
2983,,0.3781729835600443
2984,,0.2725021572028308
2985,,0.42350657327270225
2986,,0.2703073310229709
2987,,0.4146825927578073
2988,,0.2330010447730052
2989,,0.41590634388401126
2990,,0.2590002970214274
2991,,0.34888147518954027
2992,,0.21388867670263273
2993,,0.36671584425890213
2994,,0.2650858469795312
2995,,0.41308364093611827
2996,,0.26096485881160936
2997,,0.4035950876624229
2998,,0.22493521579778405
2999,,0.4046622736359722
3000,,0.35468130639141743
3001,,0.43439685976826714
3002,,0.4350362792755009
3003,,0.3272007823159344
3004,,0.2782386726005902
3005,,0.459910235488436
3006,,0.47871855740737235
3007,,0.39005105661821243
3008,,0.3567779494007243
3009,,0.48905150976534356
3010,,0.36631901338384226
3011,,0.3496009506208068
3012,,0.4192106676694467
3013,,0.3406137664552342
3014,,0.3103217440629884
3015,,0.38041659791943166
3016,,0.3069184130286442
3017,,0.4162730483181765
3018,,0.31926849529721824
3019,,0.3401453185821155
3020,,0.42835149674454154
3021,,0.45983739376107635
3022,,0.46883523204437716
3023,,0.4112215718669511
3024,,0.582958523791351
3025,,0.39647528113974695
3026,,0.44819718097396544
3027,,0.5960363397898
3028,,0.526610582639073
3029,,0.42873756520649975
3030,,0.5234566282095192
3031,,0.6458070134659173
3032,,0.6024244236378345
3033,,0.5533793466959926
3034,,0.8183102442246458
3035,,0.5420631595080787
3036,,0.5830125667578251
3037,,0.5801963780639251
3038,,0.733597690445293
3039,,0.5694168672833366
3040,,0.526531627233188
3041,,0.5963873933401374
3042,,0.5463030310595747
3043,,0.48284064536332905
3044,,0.5267950787093592
3045,,0.5841922564684278
3046,,0.6850948084434201
3047,,0.5576419299235398
3048,,0.5853230135238128
3049,,0.6387742238976035
3050,,0.43512677378752107
3051,,0.4694630170192016
3052,,0.4785839913061495
3053,,0.42155151531459345
3054,,0.5890799750093754
3055,,0.4049864041820051
3056,,0.4554446836486417
3057,,0.6017880421675759
3058,,0.5331684552923711
3059,,0.43701113555006865
3060,,0.4680493436587646
3061,,0.6106363242611346
3062,,0.5844198645687657
3063,,0.5134841273484705
3064,,0.7640202105341904
3065,,0.542611666034435
3066,,0.5180862134988915
3067,,0.5262262987939765
3068,,0.6653096134650768
3069,,0.5373019857847833
3070,,0.3535571849882871
3071,,0.43376231141059696
3072,,0.4348411060420199
3073,,0.32735231859945135
3074,,0.27459924348245246
3075,,0.4569433339448026
3076,,0.47669426231744644
3077,,0.3916710031277626
3078,,0.353462398218959
3079,,0.4879822995837265
3080,,0.4884415562327077
3081,,0.5887102746169226
3082,,0.5478022601805181
3083,,0.4901728446204535
3084,,0.7074883368503461
3085,,0.5251832464242826
3086,,0.5194281939605947
3087,,0.4971233313689246
3088,,0.6201742249564834
3089,,0.5274188897895098
3090,,0.5316993471884899
3091,,0.6442014276891206
3092,,0.594733448241708
3093,,0.558587153236795
3094,,0.827314821937053
3095,,0.5350851670466593
3096,,0.5811018199485851
3097,,0.5827008665631501
3098,,0.7462102764390839
3099,,0.5636053894335636
3100,,0.6152599475616016
3101,,0.5121783782716666
3102,,0.45800005689795786
3103,,0.5537033557913404
3104,,0.25397853168669315
3105,,0.4156596137411114
3106,,0.5195261649168037
3107,,0.3475580727740365
3108,,0.304773256655249
3109,,0.5559094718057775
3110,,0.6101565282129358
3111,,0.550613970143628
3112,,0.49392594721865246
3113,,0.5450869968661383
3114,,0.2653637680018915
3115,,0.4363963949107442
3116,,0.48402376867305547
3117,,0.38585552634400827
3118,,0.29951693884697694
3119,,0.5785557066493641
3120,,0.6261848885891664
3121,,0.6689098317929704
3122,,0.6413450425726411
3123,,0.5476863677458808
3124,,0.3226825950363313
3125,,0.605024849117112
3126,,0.7164672371997102
3127,,0.43343374245990557
3128,,0.39654689758575334
3129,,0.7361018121071246
3130,,0.7228749525631029
3131,,0.796158533135148
3132,,0.7271313620629609
3133,,0.669387080162777
3134,,0.4484380889312596
3135,,0.750893297517877
3136,,0.7539894588791314
3137,,0.5569651279955097
3138,,0.5330395972550948
3139,,0.8641972125081052
3140,,0.7263408127441159
3141,,0.6961190064660332
3142,,0.6177709712387413
3143,,0.701830791949601
3144,,0.3593399434449968
3145,,0.5816212094340044
3146,,0.6843591084145292
3147,,0.4657347871866143
3148,,0.41878260272035883
3149,,0.731478729985204
3150,,0.7481085572128933
3151,,0.7700323225129011
3152,,0.7021374930893756
3153,,0.7118412851526668
3154,,0.5019665907000563
3155,,0.6289861614773928
3156,,0.7101045934965529
3157,,0.5007829896219917
3158,,0.5253630159811586
3159,,0.747327635167487
3160,,0.7774089270539162
3161,,0.7353482097910156
3162,,0.7613297823002865
3163,,0.6909008008877262
3164,,0.5676844195823414
3165,,0.8400761361012365
3166,,0.8617317404186549
3167,,0.6699375888256857
3168,,0.6284233423124428
3169,,0.829656370297063
3170,,0.5011560299194164
3171,,0.544433779250824
3172,,0.5889863506873521
3173,,0.4400469428638033
3174,,0.4566552891136586
3175,,0.6140572754811813
3176,,0.5892875583338788
3177,,0.5441668243744069
3178,,0.5043742467170369
3179,,0.6066138202245845
3180,,0.6226175981092501
3181,,0.5719084471319479
3182,,0.48317121024128873
3183,,0.571242704555028
3184,,0.26891780207970506
3185,,0.4547426784677452
3186,,0.49495344230217586
3187,,0.4092087782620245
3188,,0.31249544575303856
3189,,0.5986130740690596
3190,,0.7628232032007801
3191,,0.6676779794269843
3192,,0.6216543010835972
3193,,0.6699964092693584
3194,,0.3437943532412692
3195,,0.6492170597268216
3196,,0.7450543681815929
3197,,0.49120470583053083
3198,,0.41192300718802966
3199,,0.7518195336611584
3200,,0.2037165839179061
3201,,0.2964950171743006
3202,,0.27130083089165535
3203,,0.2445163839389086
3204,,0.24823698002798134
3205,,0.2723402724066204
3206,,0.2148219689211871
3207,,0.20253341672785657
3208,,0.21115350309848582
3209,,0.258400815468661
3210,,0.2586738809050982
3211,,0.33904827399175413
3212,,0.2538609052569563
3213,,0.24148836296156648
3214,,0.2577531998634793
3215,,0.25482611949651224
3216,,0.20499584661399067
3217,,0.25636870481463647
3218,,0.20572944082346664
3219,,0.2498648048513742
3220,,0.5990904254064753
3221,,0.2361963354597401
3222,,0.2137257252485352
3223,,0.3364146471409252
3224,,0.5993483007942157
3225,,0.21835887016263683
3226,,0.3117678583510727
3227,,0.5988441952471957
3228,,0.32377499015885136
3229,,0.3321276969874545
3230,,0.5662989969115828
3231,,0.29725944946250393
3232,,0.28582346570807793
3233,,0.4453686242707773
3234,,0.6321109513319049
3235,,0.2927401892784548
3236,,0.44238786358517673
3237,,0.5648699190229747
3238,,0.42124470667746106
3239,,0.4314217767534986
3240,,0.3299629633940278
3241,,0.33681683929448814
3242,,0.31110540173162116
3243,,0.3623681158807603
3244,,0.3794664280220994
3245,,0.3151564759143718
3246,,0.32303177130486643
3247,,0.3295005057685007
3248,,0.3329894994271938
3249,,0.3653852376525295
3250,,0.2718828667794324
3251,,0.3816818460946948
3252,,0.3886213854945555
3253,,0.5234235400569276
3254,,0.33915647036477936
3255,,0.39729507069667325
3256,,0.490995934099354
3257,,0.27289383963486186
3258,,0.5112982624339898
3259,,0.5273227164195187
3260,,0.5531662040861772
3261,,0.39047460819924584
3262,,0.4366969637045265
3263,,0.5800717407995053
3264,,0.6708390333804062
3265,,0.44426419890263436
3266,,0.5679503416342544
3267,,0.5535827374234572
3268,,0.5870261338972907
3269,,0.5746297953650422
3270,,0.551968677684136
3271,,0.3069382483795978
3272,,0.3429595819657023
3273,,0.44816196264043817
3274,,0.6340685702809202
3275,,0.3458911502044343
3276,,0.47190860059835793
3277,,0.5500071171306948
3278,,0.517335792662819
3279,,0.43770492027276703
3280,,0.23857651944906788
3281,,0.3622432015264912
3282,,0.27432252080008135
3283,,0.23636784721849496
3284,,0.23746484912262011
3285,,0.275257099507463
3286,,0.20325189181719416
3287,,0.23528699896434252
3288,,0.20838506536084983
3289,,0.2456036635624148
3290,,0.4190223480775882
3291,,0.3686134895890771
3292,,0.33468096358119376
3293,,0.34530069466984836
3294,,0.47948359183147193
3295,,0.3366570283981587
3296,,0.3090769063569802
3297,,0.4183110059976547
3298,,0.32494927272320706
3299,,0.3510375290673807
3300,,0.15862010075269356
3301,,0.14229065120690537
3302,,0.1707418082420484
3303,,0.14600672649620494
3304,,-0.0484817470089347
3305,,0.13017255721306903
3306,,0.17439794556298538
3307,,0.14650542524663246
3308,,0.015540861883553395
3309,,0.17588407786996071
3310,,0.15005188575783904
3311,,0.13658893667968455
3312,,0.16704041969214317
3313,,0.13965721382107787
3314,,-0.046519131259075405
3315,,0.13011677461716054
3316,,0.1662715050430901
3317,,0.15004176812724862
3318,,0.01964166647336949
3319,,0.17293600560264938
3320,,0.1509265567245957
3321,,0.13783404822306905
3322,,0.1685622475182807
3323,,0.14068493906829077
3324,,-0.044043084455646836
3325,,0.13123658197860957
3326,,0.16688500010842847
3327,,0.14955585992007223
3328,,0.01912577096440176
3329,,0.17379155401462293
3330,,0.22298148170251508
3331,,0.2285611273687493
3332,,0.2313426238306347
3333,,0.22507470610658364
3334,,0.07019716189745594
3335,,0.2407825067350072
3336,,0.2633398650529644
3337,,0.23320467952433557
3338,,0.13390935599393772
3339,,0.2785928750250484
3340,,0.1519343238493943
3341,,0.13995268866473703
3342,,0.16844410335968807
3343,,0.14026977805801383
3344,,-0.04442371587547023
3345,,0.13223720102832412
3346,,0.16895949016120992
3347,,0.14998203108209418
3348,,0.020228989847927713
3349,,0.17515625437237126
3350,,0.4794838056295456
3351,,0.49275506631952004
3352,,0.5602752865233156
3353,,0.4534422812722668
3354,,0.39487424975424984
3355,,0.48266682184679377
3356,,0.4705211179588593
3357,,0.47926975593129173
3358,,0.3942769035507336
3359,,0.4777709526300966
3360,,0.15128748636627476
3361,,0.1383850882113394
3362,,0.16954264026078295
3363,,0.14062326672676723
3364,,-0.043831272307978536
3365,,0.13046527739201363
3366,,0.16766142746849802
3367,,0.15111474231599764
3368,,0.021425498061330282
3369,,0.17439872783418922
3370,,0.15824231864976618
3371,,0.14284908224294984
3372,,0.17076169724978063
3373,,0.1452455389935568
3374,,-0.048886179136760556
3375,,0.1291645393796494
3376,,0.17561015499686472
3377,,0.14662249247540363
3378,,0.015099613516375572
3379,,0.17585916127578022
3380,,0.1500247923909489
3381,,0.13807105487081173
3382,,0.16681240013035326
3383,,0.14026089007118905
3384,,-0.04656214911114139
3385,,0.13037595889913053
3386,,0.16669247915837293
3387,,0.15025707675961095
3388,,0.020920205107279946
3389,,0.17377790490088768
3390,,0.14339998234107548
3391,,0.2170593598493178
3392,,0.15043864642783472
3393,,0.19681444603546047
3394,,0.11887172129890275
3395,,0.18288452875714228
3396,,0.1832541853393348
3397,,0.3466037219141607
3398,,0.2244869612827284
3399,,0.2571114051824226
3400,,0.2504753047026778
3401,,0.18638304727454638
3402,,0.004157568262112461
3403,,-0.025919118225587245
3404,,0.055182750353511285
3405,,0.006668763565632004
3406,,-0.022225648558752687
3407,,0.2539343862474749
3408,,-0.05864144503533707
3409,,-0.03022542715146403
3410,,0.23374164933291977
3411,,0.1691839051374482
3412,,-0.007111394793410757
3413,,-0.03840771920955449
3414,,0.04581907298922802
3415,,-0.004726028269502552
3416,,-0.033990294709055076
3417,,0.23710512999393538
3418,,-0.0718001041733924
3419,,-0.042275604205054294
3420,,0.2345328419869565
3421,,0.1694815568885322
3422,,-0.005610914004693678
3423,,-0.035719630756864365
3424,,0.04782665674005686
3425,,-0.0032207153250504127
3426,,-0.031510102740267304
3427,,0.237944888614961
3428,,-0.06956915701644943
3429,,-0.03953633886848122
3430,,0.40743683283954657
3431,,0.24577473534790253
3432,,0.06718150970595817
3433,,0.04822216057753159
3434,,0.17364417893322093
3435,,0.0681951690676845
3436,,0.049446509355647685
3437,,0.40654133259229247
3438,,-0.001150754766882681
3439,,0.05091451729489964
3440,,0.2355110342552993
3441,,0.16915897782183
3442,,-0.004778583107923666
3443,,-0.035293891013642636
3444,,0.04760814276996778
3445,,-0.00237349605755241
3446,,-0.03104020355663461
3447,,0.23869130007838357
3448,,-0.0676626379638591
3449,,-0.039208332887179106
3450,,0.32626967854165956
3451,,0.506326328211901
3452,,0.42731629324474585
3453,,0.45107136125739156
3454,,0.2837630797271558
3455,,0.43362960758730584
3456,,0.4571101384281691
3457,,0.33031205187786794
3458,,0.44747302685475765
3459,,0.442484426319068
3460,,0.23732713238052017
3461,,0.1719058885758646
3462,,-0.0035103414516368912
3463,,-0.03290295419147029
3464,,0.0491949353938569
3465,,-0.0011080820288926312
3466,,-0.029213868485915128
3467,,0.2406727144514989
3468,,-0.06805304449017194
3469,,-0.03681849259864127
3470,,0.25154461144924384
3471,,0.187270466650404
3472,,0.0054524313378617704
3473,,-0.024041607392460466
3474,,0.056300615837937475
3475,,0.007976878273580672
3476,,-0.02042128240093764
3477,,0.25495552775391994
3478,,-0.05685021867637308
3479,,-0.02848139813552304
3480,,0.23536854397622045
3481,,0.16830724793365143
3482,,-0.007234416479039604
3483,,-0.03791522444570507
3484,,0.04675043899395853
3485,,-0.004833435096619446
3486,,-0.03333262763458062
3487,,0.23864610760535632
3488,,-0.07154703381978487
3489,,-0.041809230064989204
3490,,0.46267148819443116
3491,,0.21022500230446936
3492,,0.07642893392292457
3493,,0.07253636766651755
3494,,0.24282708071482545
3495,,0.07683516140065888
3496,,0.08491987459980171
3497,,0.46232637873979
3498,,0.02951938826924397
3499,,0.07525276780596722
3500,,0.25761336137516994
3501,,0.4312853873403978
3502,,0.3213244935640872
3503,,0.13409649847335559
3504,,0.3151990245068577
3505,,0.2780441287428418
3506,,0.1678366844243105
3507,,0.01262543896060275
3508,,0.3789515856815264
3509,,0.2988874488203269
3510,,0.2433409314012431
3511,,0.4304705195103927
3512,,0.3241185170081928
3513,,0.13333501429565878
3514,,0.30713481411390636
3515,,0.2689956593764242
3516,,0.16123443216700373
3517,,0.01709916467879362
3518,,0.376269732962041
3519,,0.2901829109995443
3520,,0.24225883869356934
3521,,0.4330030155698597
3522,,0.32621806816026644
3523,,0.13409285489714834
3524,,0.3088713354557878
3525,,0.2697315511701223
3526,,0.16249814140791452
3527,,0.01833881806274376
3528,,0.37852884661418584
3529,,0.29152976226368676
3530,,0.23775681879999389
3531,,0.42864217201918675
3532,,0.3618142106565585
3533,,0.21899777848732074
3534,,0.31268263996565243
3535,,0.26743589069199997
3536,,0.23724038986092422
3537,,0.09187851618932599
3538,,0.3883082488299525
3539,,0.3309575894394764
3540,,0.2454789320152856
3541,,0.4330882008921488
3542,,0.3264402359125414
3543,,0.1374030121609203
3544,,0.3090274230451463
3545,,0.2716688638860465
3546,,0.16374579131797962
3547,,0.019137592446920405
3548,,0.3783866594177681
3549,,0.29262535434180187
3550,,0.37069765573704117
3551,,0.5423959114208039
3552,,0.5007011036213813
3553,,0.38097741957937803
3554,,0.5213164926809098
3555,,0.6055598263623693
3556,,0.5294723002527082
3557,,0.32298916463999716
3558,,0.5025276710947644
3559,,0.4962869957771525
3560,,0.24589893829765924
3561,,0.43471661195970007
3562,,0.3282542927470936
3563,,0.13593296986354325
3564,,0.3103113621730369
3565,,0.2731511208970575
3566,,0.16258972625076085
3567,,0.02009712336410698
3568,,0.37932222033845386
3569,,0.29291177101655597
3570,,0.25771727318244075
3571,,0.4323265798999318
3572,,0.32283584261640397
3573,,0.13380569006029197
3574,,0.31742257358474124
3575,,0.2795548188749519
3576,,0.16833585440693832
3577,,0.012346815510413802
3578,,0.3795229273662393
3579,,0.30011067912448863
3580,,0.24422931676098464
3581,,0.43005087883065507
3582,,0.3246562221382596
3583,,0.13549827037772139
3584,,0.3069434690740175
3585,,0.26908172699240873
3586,,0.16110216392847557
3587,,0.017006558960502453
3588,,0.37583483466618617
3589,,0.2900863533492414
3590,,0.12930385096258606
3591,,0.2893019560976709
3592,,0.2436044114953446
3593,,0.25165087983352497
3594,,0.1769673689674775
3595,,0.1432025754799703
3596,,0.1693938151600399
3597,,0.15828925940980437
3598,,0.2691976474031889
3599,,0.20475188217560614
3600,,0.23447331095961071
3601,,0.19202365612819133
3602,,0.3721329460440509
3603,,0.22410652183479474
3604,,0.09191701776919647
3605,,0.2376026253371736
3606,,0.19484779026270002
3607,,0.1650446121255763
3608,,0.13555997147336613
3609,,0.21144095014038117
3610,,0.7033387313903631
3611,,0.6254499555333848
3612,,0.7993511114493912
3613,,0.6299479481246988
3614,,0.43549906314653675
3615,,0.6388462093488463
3616,,0.6244412430247986
3617,,0.485061280253031
3618,,0.4961221848037046
3619,,0.6643462712105879
3620,,0.620769971113751
3621,,0.49430015959818685
3622,,0.48352166682201275
3623,,0.6505904565824329
3624,,0.35103647313518876
3625,,0.5547141394911068
3626,,0.5546972215368173
3627,,0.41609991012162184
3628,,0.3724755657936202
3629,,0.578898868479939
3630,,0.23627858066690868
3631,,0.19014368557012445
3632,,0.3669972413994164
3633,,0.22491485536780292
3634,,0.08232775001148322
3635,,0.23568009532740247
3636,,0.1959142485996459
3637,,0.16958160864543828
3638,,0.13632598333562018
3639,,0.21028577192391515
3640,,0.23543597477821018
3641,,0.1899604453415833
3642,,0.37127731807880704
3643,,0.22418491001043706
3644,,0.09202487012631261
3645,,0.2371750672886407
3646,,0.1969238193251006
3647,,0.1710149792469209
3648,,0.14026659852870765
3649,,0.2115141257577549
3650,,0.23582092890540418
3651,,0.18828007364847835
3652,,0.36641398563166694
3653,,0.2259796755568685
3654,,0.08000762918223979
3655,,0.2344735233070179
3656,,0.1947105960982552
3657,,0.1687452050804743
3658,,0.13542576957281466
3659,,0.20798581461864998
3660,,0.1913978909247906
3661,,0.14647114827973828
3662,,0.32475622241105484
3663,,0.19218139328443767
3664,,0.04961321356932596
3665,,0.21331927918621235
3666,,0.14226304475978305
3667,,0.13857043779728812
3668,,0.10758678459480568
3669,,0.17546949485545105
3670,,0.4212193253197559
3671,,0.33124417660020933
3672,,0.5033491816722628
3673,,0.40933559245864354
3674,,0.2010117747567747
3675,,0.4216752827967747
3676,,0.36943685059924625
3677,,0.28541941471599985
3678,,0.23551430946444932
3679,,0.38234253945798824
3680,,0.6254834455561304
3681,,0.4901934191240842
3682,,0.5263720530313003
3683,,0.6383761080263921
3684,,0.3288233415671953
3685,,0.5089479989830579
3686,,0.41598310794079674
3687,,0.38705834682331075
3688,,0.35839154793931594
3689,,0.5317835341320335
3690,,0.747726125360126
3691,,0.8368124145410905
3692,,0.809857553814145
3693,,0.7145052050451427
3694,,0.5940549545079001
3695,,0.7398706135928134
3696,,0.7774317209973303
3697,,0.6057706548320828
3698,,0.6262312747890406
3699,,0.8426312128731164
3700,,0.07257284106212619
3701,,0.22180334512016545
3702,,0.1168123112088453
3703,,0.06828043484623687
3704,,0.037250028086983404
3705,,0.11786380933581782
3706,,0.07352322831322347
3707,,0.07024679855991553
3708,,0.030412158775926488
3709,,0.06903524907178697
3710,,0.3259607128713661
3711,,0.4402799853536874
3712,,0.4034128971108887
3713,,0.43597918729664487
3714,,0.3701285003925473
3715,,0.4115282516237586
3716,,0.40572451186203795
3717,,0.32411693280228127
3718,,0.400351269654644
3719,,0.430461081558951
3720,,0.17253521261059787
3721,,0.21498074507064438
3722,,0.25721314673469453
3723,,0.33645387537519705
3724,,0.25848097485852345
3725,,0.2639145352494064
3726,,0.3123580812808631
3727,,0.1736005800616584
3728,,0.3712379283276503
3729,,0.3453418993126392
3730,,0.07290557854098831
3731,,0.22282521056359023
3732,,0.10942617107470193
3733,,0.05735392362853416
3734,,0.02838870859942654
3735,,0.11055378442621625
3736,,0.06324658545600796
3737,,0.07070715008839482
3738,,0.02109422644009446
3739,,0.05815789365669974
3740,,0.07356095680652866
3741,,0.2219020745406872
3742,,0.11626207597894367
3743,,0.06814419104397393
3744,,0.03664200479004908
3745,,0.11732049168093132
3746,,0.07336606504348576
3747,,0.07130089758863355
3748,,0.029846767154954577
3749,,0.06880806844039118
3750,,0.07444828782792107
3751,,0.22278535412402561
3752,,0.10684010195488111
3753,,0.0557277891808242
3754,,0.026831107356381265
3755,,0.10795483107312047
3756,,0.06170886767807264
3757,,0.07231293711648219
3758,,0.01837531326629585
3759,,0.056488683604910585
3760,,0.10401817321730186
3761,,0.20257344611679498
3762,,0.07139471857117326
3763,,0.020898376055038498
3764,,0.046484732515459884
3765,,0.07493087459396869
3766,,0.02997068588408417
3767,,0.1016392496878515
3768,,0.005949222359758605
3769,,0.0243440316646297
3770,,0.09908766216147694
3771,,0.29729149968419494
3772,,0.21618420511642483
3773,,0.17183804216445678
3774,,0.13017223848218723
3775,,0.22025859400204922
3776,,0.17560070251738183
3777,,0.09312367936473086
3778,,0.1421598044328259
3779,,0.17309337540002523
3780,,0.1513934567733739
3781,,0.32656098150761503
3782,,0.2757649483616684
3783,,0.2925661664137606
3784,,0.17993894580791003
3785,,0.2825950915694815
3786,,0.2678725271893634
3787,,0.15233319392543054
3788,,0.29891776011400994
3789,,0.30108635728786926
3790,,0.3643560905728178
3791,,0.3542426325870436
3792,,0.4195577769920197
3793,,0.5995815561460869
3794,,0.47158290997077257
3795,,0.4292005769257117
3796,,0.5748613807259784
3797,,0.36556888229238843
3798,,0.6099362046848966
3799,,0.5890087176224063
3800,,0.23101328287964615
3801,,0.27948295620099944
3802,,0.1951068211998418
3803,,0.18661217911061442
3804,,0.2601677425099357
3805,,0.23093867838672727
3806,,0.19573235039725373
3807,,0.040318123694761863
3808,,0.28315868733709526
3809,,0.26052617146988716
3810,,0.5116946028998174
3811,,0.547434425293224
3812,,0.5431918588979668
3813,,0.5945986051735317
3814,,0.6390988224783277
3815,,0.6470917762149583
3816,,0.616773221866229
3817,,0.42097309042986036
3818,,0.5333165645004959
3819,,0.6134969020620036
3820,,0.4294013410383577
3821,,0.4551275477924386
3822,,0.3705485463083541
3823,,0.40582520461897886
3824,,0.5244455461093342
3825,,0.5032473181183187
3826,,0.4994645176429029
3827,,0.26524413494515975
3828,,0.4677163390426162
3829,,0.5322781034958317
3830,,0.23138087801535598
3831,,0.2793370196525523
3832,,0.19144994797647383
3833,,0.18361980516465493
3834,,0.2607304238029216
3835,,0.229742524132888
3836,,0.19425533758991373
3837,,0.02795420227385926
3838,,0.28288927477976933
3839,,0.26015214540284504
3840,,0.2302534673569536
3841,,0.27628523804059285
3842,,0.19223579112871422
3843,,0.1848419136548473
3844,,0.25879298233894543
3845,,0.2291728908752118
3846,,0.19761479894316125
3847,,0.03835752344798233
3848,,0.28038932266541083
3849,,0.25954704965765174
3850,,0.2323179050989408
3851,,0.2818748527413366
3852,,0.19353642778305774
3853,,0.18357769940538068
3854,,0.26158267903453586
3855,,0.22976059647460556
3856,,0.19289019804841692
3857,,0.026702960686138935
3858,,0.2864360177923687
3859,,0.26159256902613104
3860,,0.16823992034850754
3861,,0.2005841292239195
3862,,0.13987642267062145
3863,,0.17869477459398814
3864,,0.1821335802680084
3865,,0.16053104988871597
3866,,0.14494652594794177
3867,,0.022451466775551134
3868,,0.1815159181932246
3869,,0.17618650050886472
3870,,0.3289881251290004
3871,,0.36246818549885956
3872,,0.2783729268399125
3873,,0.31085520011391
3874,,0.38108813270105435
3875,,0.3386628849332654
3876,,0.3286783385241866
3877,,0.15029130955465053
3878,,0.3650690901212976
3879,,0.37700149239166125
3880,,0.502065130444511
3881,,0.5764839939091426
3882,,0.3880502977340373
3883,,0.4358721991266366
3884,,0.5822593621001615
3885,,0.5321584460630314
3886,,0.4098314521242863
3887,,0.22489754868978945
3888,,0.6017656632722421
3889,,0.5513369063164755
3890,,0.5150166230990396
3891,,0.5836531350542544
3892,,0.6923112694173692
3893,,0.7765560536274193
3894,,0.6977416843229647
3895,,0.8260022599792213
3896,,0.7705188671887213
3897,,0.5639203412912117
3898,,0.5981029246055458
3899,,0.6703496270087603
3900,,0.36077927981888136
3901,,0.3698594946809831
3902,,0.3692945656284621
3903,,0.2785610110746815
3904,,0.37168636114042225
3905,,0.3373105602854394
3906,,0.36923666304236463
3907,,0.3606581018110926
3908,,0.3701056943733828
3909,,0.09240800582972673
3910,,0.22412932261347696
3911,,0.2141942095542676
3912,,0.21524206590046074
3913,,0.25141367539189474
3914,,0.21525280245214934
3915,,0.5278829182076756
3916,,0.21623643140223933
3917,,0.22436622884949892
3918,,0.21364122425402293
3919,,0.12756843682775693
3920,,0.189918369365543
3921,,0.18216421060819335
3922,,0.1833748927309147
3923,,0.19067909754941087
3924,,0.18596013178400805
3925,,0.40517739203448955
3926,,0.18227518196973014
3927,,0.19153216978903126
3928,,0.18245866246522738
3929,,0.09657762707742891
3930,,0.36227264727716824
3931,,0.37154632317350345
3932,,0.37066350027801764
3933,,0.2794895425686012
3934,,0.3734065795059779
3935,,0.33633752284765184
3936,,0.37072536688581736
3937,,0.3620839745848542
3938,,0.3717973007985308
3939,,0.09822065720637019
3940,,0.3591957173693029
3941,,0.3684361271396184
3942,,0.3677675600923104
3943,,0.27875653624588526
3944,,0.37028981680752243
3945,,0.33646420072149863
3946,,0.36786289658899585
3947,,0.35898296922948414
3948,,0.36872403378678686
3949,,0.09718908954228109
3950,,0.3642719664050794
3951,,0.3735563364095096
3952,,0.37268956504627887
3953,,0.28291131192972496
3954,,0.37545228537936387
3955,,0.3381277051238395
3956,,0.37286841283222916
3957,,0.36405325412459777
3958,,0.37377545207058926
3959,,0.09980275741421803
3960,,0.27624242138804334
3961,,0.28407595588
3962,,0.282400453702766
3963,,0.21665410595562185
3964,,0.28410330684570784
3965,,0.21740558183551584
3966,,0.2832336269326243
3967,,0.27440759282426747
3968,,0.28495631314982717
3969,,0.1186675134089904
3970,,0.2105357831311102
3971,,0.21977371617738295
3972,,0.2194798974376514
3973,,0.1607064439684601
3974,,0.2204737751015799
3975,,0.3144781729388654
3976,,0.2195713430683465
3977,,0.21067950345029468
3978,,0.21927846143949484
3979,,0.04148210442428402
3980,,0.1892320483707086
3981,,0.18743501535603374
3982,,0.1884257932387705
3983,,0.2122074350862813
3984,,0.19102505553467525
3985,,0.4112426033490595
3986,,0.18912023168207942
3987,,0.18995370554591937
3988,,0.18760820963859287
3989,,0.09976819529577283
3990,,0.21749517193390436
3991,,0.21443639694092712
3992,,0.21572813849200917
3993,,0.2515969511090695
3994,,0.21781636619030698
3995,,0.5854059034525063
3996,,0.2167975244592825
3997,,0.21882932262877441
3998,,0.21512566779721098
3999,,0.1636606803681323
4000,,0.17660054587178795
4001,,0.17543922247907395
4002,,0.17535134474641634
4003,,0.1761409339054707
4004,,0.19178429431726476
4005,,0.175880980886053
4006,,0.17639084303604002
4007,,0.17526687884694897
4008,,0.17569521109993125
4009,,0.17447253682247518
4010,,0.49536857262367795
4011,,0.497534910364004
4012,,0.49852263830979227
4013,,0.4942907283733754
4014,,0.4941735322480657
4015,,0.4958812028166927
4016,,0.4968317646647632
4017,,0.49806785337799436
4018,,0.49450738226191726
4019,,0.4930379061319935
4020,,0.11553761282769043
4021,,0.11481768881710648
4022,,0.11502368022766478
4023,,0.11447590428925902
4024,,0.12975140102875538
4025,,0.11562870849601758
4026,,0.11494591325885098
4027,,0.11517142554364412
4028,,0.11395101387993178
4029,,0.11299508267308359
4030,,0.11137495183945842
4031,,0.11058363290146414
4032,,0.1108525485697271
4033,,0.11035731740590674
4034,,0.1255452186209319
4035,,0.1113564428852149
4036,,0.11096879118848546
4037,,0.11088431545959525
4038,,0.10989036376252528
4039,,0.10872901239438491
4040,,0.4695691381388453
4041,,0.4704349285595061
4042,,0.4713770470381963
4043,,0.4680772945164676
4044,,0.46764183112667324
4045,,0.4695556012474602
4046,,0.46973594436211297
4047,,0.47095177427328244
4048,,0.4676878613684907
4049,,0.4662785232886675
4050,,0.28126986269334703
4051,,0.28232075189438993
4052,,0.2836752376148636
4053,,0.28024858481179976
4054,,0.2774085428782327
4055,,0.2817558008211839
4056,,0.28372361106329214
4057,,0.28281579786061056
4058,,0.2806658278930026
4059,,0.27838369852803624
4060,,0.10990644609862932
4061,,0.10907711772273138
4062,,0.10935408907515383
4063,,0.10894193706124045
4064,,0.1236647465212659
4065,,0.10979257805327627
4066,,0.10949855598286828
4067,,0.10938123732184502
4068,,0.10846216603379875
4069,,0.1072153857948165
4070,,0.11221077923109912
4071,,0.11139757587385768
4072,,0.11167160619922026
4073,,0.11093904145203586
4074,,0.12678825990458398
4075,,0.11226326018806329
4076,,0.11146363451476761
4077,,0.11195253089064694
4078,,0.11060488421081274
4079,,0.10953240845132806
4080,,0.10931160438702069
4081,,0.10859525460021291
4082,,0.1087852697814081
4083,,0.10847547385677743
4084,,0.12320601240288301
4085,,0.10923029060846454
4086,,0.10897738592244866
4087,,0.10879833128331344
4088,,0.10790534534553231
4089,,0.10668021932784498
4090,,0.17339935696219072
4091,,0.17220870305454222
4092,,0.17203064916566863
4093,,0.1729575748478279
4094,,0.1884953550451239
4095,,0.17266186194023228
4096,,0.17315885639245143
4097,,0.1720270125280666
4098,,0.1724330413052491
4099,,0.1712566857685055
4100,,0.2328341879386746
4101,,0.23084143753788428
4102,,0.2319903205928608
4103,,0.23112998380939848
4104,,0.23060728871569683
4105,,0.23230387665464874
4106,,0.2306939748954275
4107,,0.23202897457437094
4108,,0.23040301338691496
4109,,0.22918458290248958
4110,,0.27237592594324617
4111,,0.2728006048692688
4112,,0.27338448808806187
4113,,0.27216839900008194
4114,,0.2717391637376184
4115,,0.2729128890124674
4116,,0.27292068394420493
4117,,0.2723523037831046
4118,,0.2706305282194004
4119,,0.27091480566419035
4120,,0.20367116143222477
4121,,0.20315033884897815
4122,,0.20497284414709827
4123,,0.2038874228090441
4124,,0.2026479823493806
4125,,0.20469412107406887
4126,,0.2039634691268121
4127,,0.20466850275054876
4128,,0.20248883077197785
4129,,0.20232154108130185
4130,,0.23261739562693506
4131,,0.2322983177790534
4132,,0.2330310407922166
4133,,0.23468548724489996
4134,,0.22761614514716683
4135,,0.23357251994954975
4136,,0.2334924938322366
4137,,0.23321615410119192
4138,,0.2341827417120477
4139,,0.23372567314324474
4140,,0.25661078828791734
4141,,0.2562450230337886
4142,,0.2572754675366976
4143,,0.2560911697412874
4144,,0.256958077970933
4145,,0.25692714380532705
4146,,0.2564934856646031
4147,,0.2564850039098798
4148,,0.25433859680703896
4149,,0.2543294366292085
4150,,0.24105667677791845
4151,,0.24135999920404425
4152,,0.24228777122688228
4153,,0.24083720776672013
4154,,0.2380894651690229
4155,,0.24169843485306813
4156,,0.24159912364574854
4157,,0.24109489635081766
4158,,0.23883234696293495
4159,,0.23911411183126485
4160,,0.2752787594545575
4161,,0.2751626838952264
4162,,0.2759148211229003
4163,,0.27495481580794373
4164,,0.27543353597775055
4165,,0.2756575355536436
4166,,0.2753602373398806
4167,,0.2750937228968832
4168,,0.2731976926800818
4169,,0.27338914940319603
4170,,0.40903137024089886
4171,,0.40940675750037137
4172,,0.40981181152813856
4173,,0.4098733398627791
4174,,0.4191952016451931
4175,,0.4098785351521794
4176,,0.41010260803479187
4177,,0.4090224324141747
4178,,0.40850802322568797
4179,,0.4092421334552949
4180,,0.27920477687552747
4181,,0.2797715236497476
4182,,0.2803134679023632
4183,,0.27937050223573723
4184,,0.2837326342759826
4185,,0.2796721780826577
4186,,0.2799225626909976
4187,,0.2790895869750095
4188,,0.2780133574320358
4189,,0.2782170144370758
4190,,0.25730384104399284
4191,,0.25741361774337396
4192,,0.25780594524520484
4193,,0.2573759848844332
4194,,0.25651028789393854
4195,,0.25750385291794564
4196,,0.2574119159957882
4197,,0.25712436977169073
4198,,0.25557931723435773
4199,,0.2558038301829029
4200,,0.4510895405110401
4201,,0.38553612985733654
4202,,0.45219860726759087
4203,,0.4687951347598169
4204,,0.550879473629299
4205,,0.601849360944581
4206,,0.4828526985690099
4207,,0.4503532332532573
4208,,0.4842761322879373
4209,,0.45768110641124427
4210,,0.3479395831804426
4211,,0.4760048516529666
4212,,0.3445402779067662
4213,,0.3568519167185404
4214,,0.553838814359716
4215,,0.610108168215812
4216,,0.366176787537297
4217,,0.343941913996243
4218,,0.37148088592343226
4219,,0.3529994652066227
4220,,0.2742623886473313
4221,,0.5344626715869305
4222,,0.277652909528625
4223,,0.2877458450074857
4224,,0.48160061685898536
4225,,0.6163803114147214
4226,,0.2968151659795768
4227,,0.2767447722935775
4228,,0.29991800155224474
4229,,0.2783066997492428
4230,,0.2089561468901932
4231,,0.4651345007143657
4232,,0.20418358696962158
4233,,0.21198502362439098
4234,,0.39924385207725416
4235,,0.4614232370335885
4236,,0.22044397833805773
4237,,0.20112360911200622
4238,,0.22126085198555268
4239,,0.21094330121392924
4240,,0.4509198016855013
4241,,0.44926862104069426
4242,,0.4535345573701588
4243,,0.46704924297706385
4244,,0.5822035805904602
4245,,0.626993819025172
4246,,0.47779984433584766
4247,,0.45219329217596105
4248,,0.4826778725145123
4249,,0.45629642792633157
4250,,0.38512441768882344
4251,,0.48707966828242144
4252,,0.39083862879670006
4253,,0.4034760552336162
4254,,0.5728421787866743
4255,,0.6414298804306682
4256,,0.4134722499277586
4257,,0.39005730362064184
4258,,0.4184034642867203
4259,,0.3906023125122642
4260,,0.40514781161190905
4261,,0.45123990252808643
4262,,0.4012248650223559
4263,,0.41442327288419994
4264,,0.5666406049981266
4265,,0.6174900248608158
4266,,0.4247030686154492
4267,,0.40021475885126023
4268,,0.4295834533149366
4269,,0.41042554113425683
4270,,0.1422621169597338
4271,,0.3516716390363672
4272,,0.10984960609391681
4273,,0.11225294260002523
4274,,0.32599908393122823
4275,,0.36283978162961233
4276,,0.11507793473207845
4277,,0.11078126709502512
4278,,0.12126225937495727
4279,,0.14026438318564954
4280,,0.3144321967112458
4281,,0.4566324660410224
4282,,0.3056540066225549
4283,,0.316730410138071
4284,,0.5076844728308976
4285,,0.6091468934280769
4286,,0.32481264634640783
4287,,0.3055471238001768
4288,,0.3302965498720331
4289,,0.3184752198975458
4290,,0.2995037012951544
4291,,0.4887805223300494
4292,,0.2961555243313461
4293,,0.307481053240757
4294,,0.5239854943456657
4295,,0.6178128360426938
4296,,0.3162646763210045
4297,,0.2959728731367708
4298,,0.32076394086126914
4299,,0.304200010975072
4300,,0.1544692210081013
4301,,0.15566775414028255
4302,,0.1559993022591902
4303,,0.15361281138927474
4304,,0.15777790215255386
4305,,0.15459242051876318
4306,,0.1558132216094919
4307,,0.1564355333049794
4308,,0.15325145271296656
4309,,0.15246602079428384
4310,,0.17190874120989186
4311,,0.17184985143099923
4312,,0.17276471668391188
4313,,0.16987404506575654
4314,,0.169268739745353
4315,,0.17201623716491263
4316,,0.1718742373620124
4317,,0.17314512847993907
4318,,0.17001429639316523
4319,,0.16868227705698505
4320,,0.12098407142511661
4321,,0.12036030798498344
4322,,0.12160174144577009
4323,,0.11975107094972039
4324,,0.1262433682184129
4325,,0.12061997495768877
4326,,0.1202739452855511
4327,,0.12183651902610153
4328,,0.11905889229892391
4329,,0.11804966171347414
4330,,0.21792784925557615
4331,,0.21909525929951476
4332,,0.21899847673896575
4333,,0.21679816915199585
4334,,0.2231774447580687
4335,,0.21830664410837192
4336,,0.218727279143728
4337,,0.21948494191888918
4338,,0.2163073164960156
4339,,0.21592341940463888
4340,,0.23981719666088078
4341,,0.24094451423803945
4342,,0.24037878413911007
4343,,0.23899501149499341
4344,,0.25373480537623827
4345,,0.23973070459935814
4346,,0.24070600578549797
4347,,0.24101572203173693
4348,,0.23897079616839573
4349,,0.23877280891918506
4350,,0.21044976954580308
4351,,0.21173313002102176
4352,,0.2118813992565575
4353,,0.20910369827880973
4354,,0.21330334489843455
4355,,0.21085146697811105
4356,,0.21159493805124496
4357,,0.21234511607171325
4358,,0.20883971592551334
4359,,0.208373248727645
4360,,0.1170597334559935
4361,,0.11667400350801937
4362,,0.11721007396502056
4363,,0.11530421489303187
4364,,0.11754297302396449
4365,,0.11640624040947699
4366,,0.11750531355047973
4367,,0.11822771111912177
4368,,0.11532511105638531
4369,,0.11388391378628877
4370,,0.14674952222321866
4371,,0.14658011075313876
4372,,0.14718945339557513
4373,,0.14534581792344614
4374,,0.14665662874477306
4375,,0.146391354133894
4376,,0.1467502458869922
4377,,0.14755157074471775
4378,,0.14494326243440775
4379,,0.14359275621962078
4380,,0.1953969825375974
4381,,0.1958285622175494
4382,,0.1966139531634945
4383,,0.19381313333952346
4384,,0.19473444972476034
4385,,0.1957066046154594
4386,,0.19579103566918976
4387,,0.19679002990921046
4388,,0.19348584416693554
4389,,0.19260363951643672
4390,,0.17341692202039233
4391,,0.1739932378337742
4392,,0.1740001614780798
4393,,0.1723092559995493
4394,,0.18332597163339742
4395,,0.17303244568193424
4396,,0.17459054874892396
4397,,0.1743782007256055
4398,,0.1721009906099042
4399,,0.1720565371583968
4400,,0.37528881523986946
4401,,0.601440028669714
4402,,0.3825926206680852
4403,,0.3960661302644655
4404,,0.582994524007874
4405,,0.7057826493948102
4406,,0.40532764854192027
4407,,0.3811687245971585
4408,,0.40767132526586203
4409,,0.3814057403570575
4410,,0.464096394103579
4411,,0.5406214319312208
4412,,0.4799308784397961
4413,,0.4941786241927866
4414,,0.6072882226314389
4415,,0.7134424305302733
4416,,0.504960237386934
4417,,0.4786883333099363
4418,,0.5068896339503273
4419,,0.47113852563711045
4420,,0.372213713854758
4421,,0.52849775267049
4422,,0.38476119406739506
4423,,0.39613742421334674
4424,,0.4836123897171175
4425,,0.6059754350085442
4426,,0.406652593305065
4427,,0.38263070852953907
4428,,0.4088775300614313
4429,,0.3776161808506183
4430,,0.3771904693826712
4431,,0.521521205563704
4432,,0.3785028146368776
4433,,0.38880938477035665
4434,,0.5499789265202139
4435,,0.6008739166430146
4436,,0.3954277418852116
4437,,0.37812748884677605
4438,,0.39918227381176646
4439,,0.3820900872149593
4440,,0.2346631763029266
4441,,0.4326373370779671
4442,,0.21179833374786786
4443,,0.21980204650235452
4444,,0.40613564078762265
4445,,0.4543983072765895
4446,,0.22522722534986347
4447,,0.21205054538513315
4448,,0.2323798343181505
4449,,0.23629424033831709
4450,,0.3791731263716436
4451,,0.5399455005719198
4452,,0.3820198895011355
4453,,0.39291296620008465
4454,,0.5873319411750684
4455,,0.6385471900673791
4456,,0.40026263554276686
4457,,0.3816249537855977
4458,,0.40361230464389397
4459,,0.3841020612576571
4460,,0.49247025460628036
4461,,0.47796333975484706
4462,,0.502940723100301
4463,,0.517669320754905
4464,,0.5385879084286055
4465,,0.6450099614191782
4466,,0.5287703180923002
4467,,0.5014776269443559
4468,,0.5308234608555339
4469,,0.49970577446508424
4470,,0.4444087101457195
4471,,0.4753882357736506
4472,,0.45489222242955984
4473,,0.47023751964587246
4474,,0.558836788277848
4475,,0.6769878443017086
4476,,0.48259243970537635
4477,,0.4537979881793938
4478,,0.48624565418868937
4479,,0.4512810763350861
4480,,0.46535923048539096
4481,,0.537844576448991
4482,,0.47610627606893713
4483,,0.4890635376418255
4484,,0.6148595359961521
4485,,0.6812719693017087
4486,,0.49844767093239795
4487,,0.4745764683541926
4488,,0.5008799098138755
4489,,0.47141711313648405
4490,,0.32077747407134183
4491,,0.4110476979387563
4492,,0.30483961264091347
4493,,0.3152940575597416
4494,,0.4272942759037782
4495,,0.4830240773543183
4496,,0.3224986371611956
4497,,0.30447059498919976
4498,,0.3284459831869722
4499,,0.32397083960422113
4500,,0.6219239777549431
4501,,0.748913483017504
4502,,0.8278371180183772
4503,,0.5052270693073861
4504,,0.7195184418700241
4505,,0.7751166680524368
4506,,0.7184319536120004
4507,,0.47155440546178257
4508,,0.7438359932778008
4509,,0.7678081768658832
4510,,0.7790903683489683
4511,,0.8415619890983514
4512,,0.8144964416562922
4513,,0.5409645031477404
4514,,0.821445822079073
4515,,0.874795635922009
4516,,0.8143937409124793
4517,,0.48479158774721154
4518,,0.7927852525237744
4519,,0.8581997840313044
4520,,0.662545941348003
4521,,0.7319605665086373
4522,,0.8393117561055283
4523,,0.5272139727535972
4524,,0.7353368628018004
4525,,0.7268583267696951
4526,,0.7237910620640033
4527,,0.49256845926335807
4528,,0.6933345999614888
4529,,0.7114257360858133
4530,,0.6670743343773909
4531,,0.8556329306181758
4532,,0.7420069989358965
4533,,0.49816555341503865
4534,,0.7906974409301701
4535,,0.8282131355070474
4536,,0.7911599302449682
4537,,0.5473412019797451
4538,,0.7700070028359884
4539,,0.8221206599524982
4540,,0.5689673213663364
4541,,0.8342472402729152
4542,,0.6770177525184384
4543,,0.4716475326723939
4544,,0.7265652045619074
4545,,0.7676935242525516
4546,,0.7416783835951337
4547,,0.6496256256372035
4548,,0.7542857589091561
4549,,0.8061576403012113
4550,,0.6465896214787589
4551,,0.8357568629771448
4552,,0.7465748842385596
4553,,0.5011545698902208
4554,,0.7701287754682595
4555,,0.8173370592271045
4556,,0.7710817760805664
4557,,0.5250495109048126
4558,,0.7476282007566707
4559,,0.8011997069642983
4560,,0.7089252088949245
4561,,0.7651561255498951
4562,,0.7407633462293721
4563,,0.46802893735355366
4564,,0.7582801074623113
4565,,0.7916888053489031
4566,,0.742604382188336
4567,,0.4151855917300291
4568,,0.7295998811173363
4569,,0.7816691161931234
4570,,0.7965201074449966
4571,,0.8629010244688622
4572,,0.8065362243105949
4573,,0.5449583447492695
4574,,0.8470649338793277
4575,,0.887927280290393
4576,,0.8376764556909105
4577,,0.5144590691151268
4578,,0.8312727332263035
4579,,0.8885260561404325
4580,,0.7783452102569284
4581,,0.8869285991695812
4582,,0.7811168397368257
4583,,0.5373373304445002
4584,,0.8567707965775352
4585,,0.8756951729521094
4586,,0.851231114280069
4587,,0.5424925557348351
4588,,0.784378313859496
4589,,0.8470095883064094
4590,,0.5807518247493257
4591,,0.805692863543227
4592,,0.6677026287891413
4593,,0.44392017130118033
4594,,0.7273986942673502
4595,,0.7536912515284879
4596,,0.7280851263588677
4597,,0.540945146134084
4598,,0.7266736792884889
4599,,0.770871893660023
4600,,0.2894808974259224
4601,,0.28902789906615445
4602,,0.28995532674532487
4603,,0.28917306620308425
4604,,0.30666490676845704
4605,,0.289005529205741
4606,,0.2881655069522635
4607,,0.28907007575129573
4608,,0.2883706892468018
4609,,0.2886160550059961
4610,,0.27645690103465026
4611,,0.27601784854475275
4612,,0.2766099231691551
4613,,0.27593839196118114
4614,,0.29191152064511394
4615,,0.275804202731457
4616,,0.2750126672221042
4617,,0.2757679884942753
4618,,0.2753942322264547
4619,,0.27549912872332555
4620,,0.3546728848986069
4621,,0.3538026570952423
4622,,0.3545661187524893
4623,,0.35410223365835736
4624,,0.3761474386821631
4625,,0.35369778929609796
4626,,0.35265038411338834
4627,,0.35371806049156984
4628,,0.3532879983640921
4629,,0.3535571527477076
4630,,0.27299093460762874
4631,,0.2724557338539395
4632,,0.2729308491801424
4633,,0.27217320728165134
4634,,0.28796754133045266
4635,,0.2722146238834931
4636,,0.2711858821621995
4637,,0.272135490489105
4638,,0.27176205196331815
4639,,0.27177092510054435
4640,,0.2870512038028601
4641,,0.2863647977358952
4642,,0.28721156358204536
4643,,0.28638346723825964
4644,,0.3026933012558316
4645,,0.286329469099325
4646,,0.28501034943094566
4647,,0.2863478176793133
4648,,0.2856394267332045
4649,,0.2858990228714818
4650,,0.28881195888492495
4651,,0.2880957977192626
4652,,0.28916499092409353
4653,,0.28816026584816157
4654,,0.2923035762614591
4655,,0.2896404696416383
4656,,0.28802738493172575
4657,,0.2885470644735777
4658,,0.2871331021828896
4659,,0.2871225180124304
4660,,0.23262644581899067
4661,,0.2315379280815031
4662,,0.23368819747603964
4663,,0.23208128789943044
4664,,0.23663614890860676
4665,,0.23363876822192625
4666,,0.23233916909747712
4667,,0.2326780526853088
4668,,0.2311212271875537
4669,,0.23139583660266508
4670,,0.2025445444371196
4671,,0.20374870614494006
4672,,0.2048912205730874
4673,,0.20435068494575698
4674,,0.20597121488965087
4675,,0.2048098996518128
4676,,0.20484349409967006
4677,,0.2027663558922833
4678,,0.20171845599432028
4679,,0.20330821220237483
4680,,0.2843984537949882
4681,,0.2838915537831606
4682,,0.2844380887894401
4683,,0.28384109643152683
4684,,0.301053262674185
4685,,0.28357203107302753
4686,,0.2827468275237763
4687,,0.283696260628301
4688,,0.2832093806190073
4689,,0.28340399503311126
4690,,0.28282409433171096
4691,,0.2823042990833585
4692,,0.2830208093452886
4693,,0.28222927056038527
4694,,0.2978173912920252
4695,,0.28211598474311084
4696,,0.28136859489012417
4697,,0.2822413009608698
4698,,0.28159779162103415
4699,,0.28160746849376184
4700,,0.01674983046544694
4701,,0.31787707439168233
4702,,0.002795792768598246
4703,,0.0031911611292142657
4704,,0.2565341562607688
4705,,0.3515123891109863
4706,,0.0030987464557785047
4707,,0.0037028104603838985
4708,,0.007351326500157719
4709,,0.01713653934385588
4710,,0.020512216412322152
4711,,0.311705753812896
4712,,0.008260681320023085
4713,,0.008427948372466411
4714,,0.2511661147162992
4715,,0.34603651002762825
4716,,0.008167931761649039
4717,,0.008921349060539987
4718,,0.012495390126699637
4719,,0.020806961212956273
4720,,-0.0011248093808100823
4721,,0.2989535359372412
4722,,-0.023420441782465804
4723,,-0.02214086515508103
4724,,0.2456004829399143
4725,,0.3178036160109654
4726,,-0.021135652537923915
4727,,-0.021278219268254094
4728,,-0.017466642163238837
4729,,-0.0002566643618914337
4730,,0.026003538592367238
4731,,0.31016046730278124
4732,,0.013751618991590133
4733,,0.013803001972080772
4734,,0.2562721827777964
4735,,0.3432263517817882
4736,,0.013415510455983742
4737,,0.01435043770303486
4738,,0.017847080661502267
4739,,0.026193383528886262
4740,,0.06279797229053334
4741,,0.30651736321058565
4742,,0.047204445889855395
4743,,0.046498559596852604
4744,,0.2654464529772787
4745,,0.3249146277420629
4746,,0.045946061431398434
4747,,0.048429093661270906
4748,,0.048993898451131494
4749,,0.06054164084384586
4750,,0.39722722983048375
4751,,0.46152943826084036
4752,,0.3990682083300506
4753,,0.4042806179508829
4754,,0.5325486177802886
4755,,0.6024645504420569
4756,,0.40731907952812785
4757,,0.398676074068985
4758,,0.4055482987333786
4759,,0.4006804896866932
4760,,0.24908087957663727
4761,,0.5442124031946068
4762,,0.2529165014614927
4763,,0.25626015133719554
4764,,0.44673269036214913
4765,,0.579172901317091
4766,,0.2583083224728605
4767,,0.2538255933549397
4768,,0.25536384747797014
4769,,0.2529271127325395
4770,,0.16615752847164605
4771,,0.5323516834921429
4772,,0.16585003245366978
4773,,0.16572312652029206
4774,,0.40907584606185343
4775,,0.5548212953696238
4776,,0.16492100913082758
4777,,0.16610819518557896
4778,,0.16675095873036652
4779,,0.16724401529114732
4780,,0.016867205277088754
4781,,0.3168990929959682
4782,,0.0017206644908417876
4783,,0.0019271766502429143
4784,,0.2507106330559731
4785,,0.35126380104560617
4786,,0.002013222006615384
4787,,0.0024185001759778543
4788,,0.006059708484038508
4789,,0.017183318078307693
4790,,0.01567483079373727
4791,,0.31619035901290354
4792,,0.002646874665001204
4793,,0.002962257973487009
4794,,0.2525966506782636
4795,,0.34854406842075564
4796,,0.002861205905356396
4797,,0.0034555511814052253
4798,,0.007064843843911241
4799,,0.016066449254509854
4800,,0.5439757078099858
4801,,0.6493841862124176
4802,,0.6115823512169811
4803,,0.3745812681292245
4804,,0.6117776568720503
4805,,0.628332087167977
4806,,0.6518390410029015
4807,,0.7088115023692625
4808,,0.7351685186416379
4809,,0.7183626878578597
4810,,0.5231216330044655
4811,,0.6346423292989152
4812,,0.6078121327089834
4813,,0.3662939858167706
4814,,0.598794062100921
4815,,0.6227174248713339
4816,,0.6362607068812249
4817,,0.6724271994037645
4818,,0.7317774745293548
4819,,0.7144681528931872
4820,,0.5700674849111249
4821,,0.6518413403031988
4822,,0.5460541508853173
4823,,0.3736547777342732
4824,,0.6064340540067585
4825,,0.5780829837813513
4826,,0.6543996761464841
4827,,0.8092626410763054
4828,,0.6681641042111274
4829,,0.6543843230259947
4830,,0.5209419898114694
4831,,0.6331717051671824
4832,,0.599442002637226
4833,,0.363160211184874
4834,,0.5996594156389792
4835,,0.6218374747754508
4836,,0.6351485342465304
4837,,0.6617692154812111
4838,,0.724508268638944
4839,,0.7090421872544163
4840,,0.573148062328092
4841,,0.6774934041882821
4842,,0.5627630244559834
4843,,0.3889227381316802
4844,,0.6534932931321517
4845,,0.6079901462335873
4846,,0.6865468216069248
4847,,0.7492356881700475
4848,,0.6904163591184936
4849,,0.674910542945722
4850,,0.8634936452024555
4851,,0.8054223039816745
4852,,0.7247335445423119
4853,,0.5178999088656576
4854,,0.8488894656939274
4855,,0.7982343991555653
4856,,0.8605865591459696
4857,,0.6854771388559888
4858,,0.7841145222634321
4859,,0.7977273472424359
4860,,0.7316458359970873
4861,,0.7248958548350657
4862,,0.8694821371384431
4863,,0.5564928193677968
4864,,0.7194613635619747
4865,,0.7497787637764625
4866,,0.7440632040088158
4867,,0.5912471572266467
4868,,0.7454063082177399
4869,,0.7748832369684248
4870,,0.6033471485557802
4871,,0.676034156578372
4872,,0.8100493698234706
4873,,0.575829447983943
4874,,0.6497805515162256
4875,,0.6981436304263456
4876,,0.6751892886554013
4877,,0.6172996501214809
4878,,0.7056200486963657
4879,,0.7285547752594419
4880,,0.5328698018304093
4881,,0.6395405476545606
4882,,0.6064651450130116
4883,,0.37108232671274444
4884,,0.6013721063812103
4885,,0.6202930396277664
4886,,0.6407505252199082
4887,,0.6940570735320566
4888,,0.7307402601741612
4889,,0.7132867323993725
4890,,0.5267531575773996
4891,,0.6384941418384487
4892,,0.6105028332428074
4893,,0.3701965627856538
4894,,0.6001921589986152
4895,,0.6246542359764405
4896,,0.6394060753313241
4897,,0.6818783830571438
4898,,0.7342877796768741
4899,,0.7182583578346482
4900,,0.47143124511302537
4901,,0.5180489382378924
4902,,0.4774587814671617
4903,,0.5019916224871028
4904,,0.5602301170930213
4905,,0.46774415872003416
4906,,0.4581178960174358
4907,,0.560375105473051
4908,,0.5040825106927376
4909,,0.4883454306326075
4910,,0.4738124684677165
4911,,0.5187972261073444
4912,,0.4683761144538303
4913,,0.4978578032051799
4914,,0.5510016016216337
4915,,0.46529731627574245
4916,,0.4648533069115087
4917,,0.5615164437425777
4918,,0.4974967179538348
4919,,0.4843368219315005
4920,,0.40470963553113765
4921,,0.45286595953624087
4922,,0.44627523528953245
4923,,0.47612595547557857
4924,,0.5548597774999352
4925,,0.44127420880011803
4926,,0.37831563970771853
4927,,0.4891684327403846
4928,,0.4770395603131679
4929,,0.4670888117926495
4930,,0.4667139204441636
4931,,0.5150418010349658
4932,,0.4624613815845984
4933,,0.4936140541863996
4934,,0.5460531746437935
4935,,0.4621236616306992
4936,,0.46053131196332675
4937,,0.5563276017387012
4938,,0.4964405311337479
4939,,0.4807100637002907
4940,,0.4365860704053267
4941,,0.490834310469315
4942,,0.4941245944405359
4943,,0.5145037319373676
4944,,0.5842762003271433
4945,,0.4763590891913697
4946,,0.43081286017047277
4947,,0.5357234349557981
4948,,0.5284595047138224
4949,,0.5120467219190129
4950,,0.6442680510018108
4951,,0.7666193666985099
4952,,0.6488800733681096
4953,,0.7236547782673722
4954,,0.5948074787497966
4955,,0.6920372133074446
4956,,0.6577985486262189
4957,,0.7276712919419654
4958,,0.7898890909760712
4959,,0.584922972046837
4960,,0.7223834007167197
4961,,0.7355022469592869
4962,,0.7619919048403001
4963,,0.631705526279535
4964,,0.5530073920870593
4965,,0.6279489812717618
4966,,0.6652988161037016
4967,,0.7223788051699713
4968,,0.6981546592944414
4969,,0.5381039137157367
4970,,0.6678074880984113
4971,,0.6423117982805988
4972,,0.647484045915157
4973,,0.5769877559420096
4974,,0.5398743184626288
4975,,0.5925680702153119
4976,,0.5496422420259695
4977,,0.6282398667776197
4978,,0.6215761188672522
4979,,0.4914152465813775
4980,,0.4683256076015594
4981,,0.5162758843827611
4982,,0.4731411732956285
4983,,0.4964639788291882
4984,,0.5528805975122537
4985,,0.4619625388006924
4986,,0.457361785655661
4987,,0.5590224530678397
4988,,0.4981030047837295
4989,,0.4831922133461361
4990,,0.47429355351783076
4991,,0.5205497539101587
4992,,0.47149419953389965
4993,,0.4985106480330715
4994,,0.5536318245591447
4995,,0.4657836917716717
4996,,0.46399866532326806
4997,,0.5633066074764552
4998,,0.4994677869795552
4999,,0.4844377241077672
5000,,0.46557901543067437
5001,,0.465299874094699
5002,,0.42500296512246694
5003,,0.46240358876385507
5004,,0.4822147381908656
5005,,0.6190667319239896
5006,,0.47885312828367643
5007,,0.4600014748342842
5008,,0.5104159889773822
5009,,0.4647050626023509
5010,,0.543389055543064
5011,,0.5412250675142345
5012,,0.6234662820569493
5013,,0.5486424941412698
5014,,0.5685869945334298
5015,,0.1396704850381106
5016,,0.5661768156172805
5017,,0.5431238118608884
5018,,0.6055500337814337
5019,,0.5447876461626857
5020,,0.48194714653637377
5021,,0.4787048738022831
5022,,0.6452527567386082
5023,,0.488584715814881
5024,,0.5070115593630256
5025,,0.14994020665538946
5026,,0.5056907900525588
5027,,0.4806063351603441
5028,,0.5679025668374089
5029,,0.48443548807482906
5030,,0.48015159177050765
5031,,0.47695803568747197
5032,,0.6529885178431901
5033,,0.48802652030647853
5034,,0.503328824899473
5035,,0.1251964522798511
5036,,0.5016419444298368
5037,,0.47876183977621745
5038,,0.5444501168580316
5039,,0.48227133317342735
5040,,0.4902909014191773
5041,,0.4876411613150384
5042,,0.4780066788545379
5043,,0.4865364572219154
5044,,0.5017038175411045
5045,,0.5802673690204463
5046,,0.49839210202875844
5047,,0.48276154478044075
5048,,0.5581696149751929
5049,,0.4880693354401899
5050,,0.5191172102573978
5051,,0.5165792012678914
5052,,0.6711613945290211
5053,,0.5228095806067917
5054,,0.5439077020969671
5055,,0.22643184363499336
5056,,0.5417891855745601
5057,,0.517368373479862
5058,,0.6054273942010099
5059,,0.5211389618604646
5060,,0.4998175288317489
5061,,0.49901229948279846
5062,,0.4542180971271974
5063,,0.4991066758529058
5064,,0.5183994653837756
5065,,0.5677972267794331
5066,,0.5157324583577789
5067,,0.49585714917649043
5068,,0.5370208779424086
5069,,0.5008106122997724
5070,,0.3162647201183001
5071,,0.3170186109569638
5072,,0.3664823613533106
5073,,0.3175504541992647
5074,,0.3091335223335665
5075,,0.7448139655139479
5076,,0.30818420257541385
5077,,0.31302432486608217
5078,,0.3953032881779985
5079,,0.3211132664934748
5080,,0.6317281693201221
5081,,0.6336647240302196
5082,,0.5836819640801288
5083,,0.6325229870032135
5084,,0.6343163615466066
5085,,0.5572439822254251
5086,,0.6313530967485289
5087,,0.6290756817325083
5088,,0.7088752210180538
5089,,0.6286504944333795
5090,,0.5461230371527577
5091,,0.5438609452745664
5092,,0.6215080396598975
5093,,0.5513730225247964
5094,,0.571315197835116
5095,,0.1375651418034579
5096,,0.5690026365837407
5097,,0.5457562803841859
5098,,0.6068960724392801
5099,,0.5475397746416157
5100,,0.8061156129680654
5101,,0.8016013600435381
5102,,0.7121205958642324
5103,,0.8075715650751348
5104,,0.7706444710329354
5105,,0.3186594704003278
5106,,0.7722339253226402
5107,,0.8022778435591632
5108,,0.8345353150111701
5109,,0.7953236236445381
5110,,0.5198033298824942
5111,,0.5217006050915559
5112,,0.5393167356135623
5113,,0.515586163702285
5114,,0.5229169381303762
5115,,0.533982765684426
5116,,0.5192664744832534
5117,,0.5182578974535459
5118,,0.6286929630838006
5119,,0.5107213271425146
5120,,0.4337477292440197
5121,,0.4364364672079082
5122,,0.467222629528419
5123,,0.4368644171906373
5124,,0.39694156559396176
5125,,0.698635164127314
5126,,0.3967450188595415
5127,,0.4371354983968081
5128,,0.5286687905253984
5129,,0.4241161445948036
5130,,0.7526447957937166
5131,,0.7458587677352528
5132,,0.7107261991558931
5133,,0.7520271248317696
5134,,0.7284980046615268
5135,,0.2600226704279941
5136,,0.7286566287024601
5137,,0.7466715777567892
5138,,0.8697089818171198
5139,,0.7431091670634072
5140,,0.7161149526657233
5141,,0.7125233864718443
5142,,0.601931186777501
5143,,0.7194562373035028
5144,,0.6554757439939443
5145,,0.19153343569913933
5146,,0.6559591927061543
5147,,0.7183959560131232
5148,,0.6728586964429111
5149,,0.698453354841613
5150,,0.5940449377888527
5151,,0.5952428398832834
5152,,0.5793652416986977
5153,,0.5954551938758418
5154,,0.5572895509510396
5155,,0.6374632969913946
5156,,0.5567821035931342
5157,,0.5931491960330565
5158,,0.6861995249619086
5159,,0.5849174830351596
5160,,0.6123515774636301
5161,,0.6098041454587025
5162,,0.535755302259329
5163,,0.6161991563894936
5164,,0.5626872922247899
5165,,0.288414998463633
5166,,0.5624663595075776
5167,,0.6148429795499799
5168,,0.6308120680454028
5169,,0.5985653716401655
5170,,0.5815930444166746
5171,,0.5782897511438982
5172,,0.6268354310530733
5173,,0.5861248943075765
5174,,0.6081265878216057
5175,,0.14872070495818976
5176,,0.6049333910249037
5177,,0.5794424246066117
5178,,0.6410591658643594
5179,,0.581661941449101
5180,,0.5640687454750808
5181,,0.5624930527656182
5182,,0.5507556963801337
5183,,0.5608811507360297
5184,,0.5579529398770566
5185,,0.6679315018137157
5186,,0.5560971285450115
5187,,0.556507803273919
5188,,0.6674153548710047
5189,,0.5595088710913417
5190,,0.56375169849688
5191,,0.5660626546324692
5192,,0.5293336257281042
5193,,0.5655500026693798
5194,,0.5270064890564017
5195,,0.4885463329669608
5196,,0.5265912032326875
5197,,0.5662331350436571
5198,,0.6467324269192507
5199,,0.5512646641661018
5200,,0.4804118581679849
5201,,0.5222652736589721
5202,,0.4830969673012924
5203,,0.4329991771758994
5204,,0.5145540012607728
5205,,0.5002719772723452
5206,,0.5170963915529675
5207,,0.3464909194621173
5208,,0.7119086589541976
5209,,0.523821130339663
5210,,0.7598560159374234
5211,,0.49448476259642205
5212,,0.47003127512154086
5213,,0.4515296723258333
5214,,0.7660009773980611
5215,,0.5126723490968559
5216,,0.721429376398395
5217,,0.5799660302517873
5218,,0.8298653489476624
5219,,0.49178468901178884
5220,,0.7666833837438721
5221,,0.34457236341870406
5222,,0.33546073201386317
5223,,0.30911676809628474
5224,,0.754080689236818
5225,,0.3896747860177008
5226,,0.7260564527061053
5227,,0.7114989543432099
5228,,0.7630981597829962
5229,,0.34265246891724693
5230,,0.49549532350808034
5231,,0.5885283693813463
5232,,0.537675523839298
5233,,0.49482862156125546
5234,,0.5466389889609562
5235,,0.5387471908310844
5236,,0.5297880381181642
5237,,0.3350923953344363
5238,,0.7456775940291221
5239,,0.5897541706790764
5240,,0.4010221958622159
5241,,0.5215927620247757
5242,,0.4618732607333443
5243,,0.4714582533674379
5244,,0.40583675161324895
5245,,0.4368001843713122
5246,,0.4491511153465362
5247,,0.24031137789492746
5248,,0.5566462671919089
5249,,0.5224837549744172
5250,,0.7794616008545963
5251,,0.4590474087651977
5252,,0.4233526771302516
5253,,0.39806674645148876
5254,,0.8097506959369407
5255,,0.4589421596307553
5256,,0.7557490938529705
5257,,0.6364916976214765
5258,,0.857983744672506
5259,,0.458093121445547
5260,,0.48271134525806647
5261,,0.4948780771930398
5262,,0.46323035563311865
5263,,0.4183346094590601
5264,,0.4534172558519499
5265,,0.5814113573851225
5266,,0.49078382189565684
5267,,0.3768307903073438
5268,,0.5699774379295536
5269,,0.4954511326271752
5270,,0.5498900454258691
5271,,0.9696237186558998
5272,,0.9346636503405001
5273,,0.9008444896441918
5274,,0.5868635751968497
5275,,0.8434634760368062
5276,,0.5982492966383891
5277,,0.23844997567988924
5278,,0.5804190082696469
5279,,0.9698188960922498
5280,,0.817714619821234
5281,,0.4100364576141853
5282,,0.3855918643590116
5283,,0.35053733323724184
5284,,0.8393033921583724
5285,,0.4277830180062622
5286,,0.7831864368397451
5287,,0.691432524401168
5288,,0.9188167292550937
5289,,0.40914779607234053
5290,,0.6154532748648361
5291,,0.4288041157289027
5292,,0.3862372525964225
5293,,0.37468438201098764
5294,,0.6270963202257767
5295,,0.4290914553337209
5296,,0.5880298518017921
5297,,0.4810961762562054
5298,,0.7591746342724903
5299,,0.4275630288921699
5300,,0.48648505388281327
5301,,0.4848342228606194
5302,,0.5003611963082304
5303,,0.4835294392444407
5304,,0.470894523235836
5305,,0.6946183293711685
5306,,0.4722638196818429
5307,,0.4846063888615611
5308,,0.567461212109035
5309,,0.4832455042111
5310,,0.28283416106943476
5311,,0.28415439158872285
5312,,0.29257436629934275
5313,,0.2831905826141905
5314,,0.2814319683654787
5315,,0.6380342257787707
5316,,0.2836543256908085
5317,,0.28208803774822355
5318,,0.32189374926917136
5319,,0.2879228950262862
5320,,0.13510700636372247
5321,,0.1351509416153071
5322,,0.15499522766745966
5323,,0.13196342889620338
5324,,0.13710213083029318
5325,,0.6417233273911636
5326,,0.13765792224302736
5327,,0.13283359923668825
5328,,0.16260959084122398
5329,,0.13762043443323793
5330,,0.26946149954639553
5331,,0.27052241096041174
5332,,0.31178293115064803
5333,,0.2700120420789402
5334,,0.256396096310792
5335,,0.6795073337446433
5336,,0.2597885027589374
5337,,0.26909164255066775
5338,,0.31245257489632505
5339,,0.27612722099415377
5340,,0.3131028951630107
5341,,0.3133813935123038
5342,,0.32923293355461797
5343,,0.31279763981436476
5344,,0.30338244692323485
5345,,0.6576226007774082
5346,,0.30725515969007905
5347,,0.31166141785383406
5348,,0.3911198532745721
5349,,0.31504746239395864
5350,,0.15969395960373522
5351,,0.16148591502919435
5352,,0.19413074050938792
5353,,0.15746091821455288
5354,,0.16125013654319317
5355,,0.6857164974420227
5356,,0.16219553666141534
5357,,0.15942954663626008
5358,,0.19713747579819715
5359,,0.16410089865233368
5360,,0.6191920440394727
5361,,0.6197955278280627
5362,,0.6161925659075363
5363,,0.6212186747555382
5364,,0.6008993149140744
5365,,0.6104430836609948
5366,,0.6041193453882814
5367,,0.6198643288011194
5368,,0.7383316105380134
5369,,0.6145668808833722
5370,,0.5876062909699401
5371,,0.5911276304815545
5372,,0.5517110250368422
5373,,0.590496891950994
5374,,0.5808099151175619
5375,,0.6219091998407831
5376,,0.5831838430557024
5377,,0.5918671712594021
5378,,0.662785244227382
5379,,0.588343431114319
5380,,0.6971758371089651
5381,,0.6990290740635027
5382,,0.6555823467606506
5383,,0.6953335233886437
5384,,0.7009534004783243
5385,,0.5581013695863977
5386,,0.7021937231695314
5387,,0.697964663677246
5388,,0.7983722219666792
5389,,0.7008734957298871
5390,,0.13156234926175314
5391,,0.13201632990152093
5392,,0.15465350975484277
5393,,0.12887813783864133
5394,,0.13379111131070204
5395,,0.6397741583027228
5396,,0.13405586538041836
5397,,0.13017907456472178
5398,,0.16376075252571182
5399,,0.1338303417811475
5400,,0.7866315349840426
5401,,0.3561461253180869
5402,,0.34459929194680256
5403,,0.3194940327988025
5404,,0.7951913016557735
5405,,0.3766460371358501
5406,,0.7896060215465586
5407,,0.720227131146467
5408,,0.7795606794731577
5409,,0.35429260835231036
5410,,0.6358283045922993
5411,,0.2333831956121189
5412,,0.239690543749479
5413,,0.19575694310832611
5414,,0.5884334045471871
5415,,0.31089769548381846
5416,,0.6342293504146473
5417,,0.7528206033038156
5418,,0.4787906664311808
5419,,0.23282203876545188
5420,,0.5730904071597855
5421,,0.12908686498163893
5422,,0.14583398830957414
5423,,0.12048072741247687
5424,,0.5379340089561463
5425,,0.16779370920187126
5426,,0.5676854113595778
5427,,0.6137971872869661
5428,,0.3772909503603137
5429,,0.1274887607465591
5430,,0.53433778356869
5431,,0.14918698950728349
5432,,0.17410550701201893
5433,,0.1537607233524585
5434,,0.49055738577251407
5435,,0.24085526897075493
5436,,0.4993860683682363
5437,,0.6425137245109103
5438,,0.48040343909811656
5439,,0.14832187170433198
5440,,0.6085560133029725
5441,,0.23641747563242305
5442,,0.24770175871991518
5443,,0.20690549008363568
5444,,0.5645997550415308
5445,,0.317573314971113
5446,,0.5904351765277633
5447,,0.7376037744030386
5448,,0.5285446436074575
5449,,0.23538992193081687
5450,,0.5808841801273146
5451,,0.1483037602189759
5452,,0.1658692137610948
5453,,0.13958844073462068
5454,,0.5269779364970517
5455,,0.2424858807573008
5456,,0.5483014774972397
5457,,0.6404655299943252
5458,,0.43112293197066376
5459,,0.14663354573443194
5460,,0.6966910404471508
5461,,0.4642951689557835
5462,,0.4390498944079368
5463,,0.4052031001370911
5464,,0.720590178551919
5465,,0.5018043044321765
5466,,0.6768217398521595
5467,,0.6608342025545322
5468,,0.8240743318646089
5469,,0.4635995902475848
5470,,0.7249892576942707
5471,,0.3756068665909993
5472,,0.34830761769065066
5473,,0.32920898644852087
5474,,0.7254321780142925
5475,,0.4190112983126587
5476,,0.7131277441243307
5477,,0.6832827298528579
5478,,0.792274531131453
5479,,0.37477107559587897
5480,,0.6914594904392217
5481,,0.460633320396266
5482,,0.4276441816624249
5483,,0.3866211017338507
5484,,0.7050658851166092
5485,,0.517317958479398
5486,,0.6906881736993287
5487,,0.6778195896196978
5488,,0.7821679405107449
5489,,0.46116211285434705
5490,,0.5650699452842546
5491,,0.13008185610137377
5492,,0.147243093441577
5493,,0.12222542024065819
5494,,0.5281792975725728
5495,,0.16742325549080728
5496,,0.5606696098576411
5497,,0.6072463349921221
5498,,0.3714860044463175
5499,,0.1284480114416859
5500,,0.5159751375080601
5501,,0.6932021347930251
5502,,0.8305141792856026
5503,,0.5275185600174874
5504,,0.451305548032375
5505,,0.8152939350346423
5506,,0.4785254181482669
5507,,0.39118236919214333
5508,,0.821670606196018
5509,,0.6563616137987625
5510,,0.2760143369252935
5511,,0.4560378409051569
5512,,0.5629865308039556
5513,,0.28064463800618406
5514,,0.19936731013626313
5515,,0.5013362603850225
5516,,0.2950723031198574
5517,,0.21793415634273566
5518,,0.5494033326477853
5519,,0.37212256067319127
5520,,0.14666807909056598
5521,,0.3632459403733281
5522,,0.5030488009487588
5523,,0.13408578026955487
5524,,0.0925969597983111
5525,,0.3988024796987824
5526,,0.1403867548246751
5527,,0.11322883860354853
5528,,0.46577133856579994
5529,,0.2721127239851247
5530,,0.2777774381898878
5531,,0.47936653914704486
5532,,0.6249853315134233
5533,,0.26408459510955384
5534,,0.21170545390146225
5535,,0.5304354171311761
5536,,0.31072493657767386
5537,,0.15583128399106044
5538,,0.5534379942228185
5539,,0.44698784063827846
5540,,0.3254416269771746
5541,,0.538727911124964
5542,,0.6355938572741129
5543,,0.3407608630947432
5544,,0.24083309456239155
5545,,0.5744613994186851
5546,,0.3559422642767447
5547,,0.22859179058966253
5548,,0.6026869300777337
5549,,0.48522724040019277
5550,,0.1769704284216273
5551,,0.44199614100660756
5552,,0.5597488975130902
5553,,0.1735204767881235
5554,,0.1086852179949559
5555,,0.4440736171683801
5556,,0.21515279047501445
5557,,0.13158197595084925
5558,,0.5031463996600103
5559,,0.3646178773015136
5560,,0.6478786113958714
5561,,0.7450743206420647
5562,,0.7889807165583058
5563,,0.6890608545014805
5564,,0.5249267110017455
5565,,0.8429482613427324
5566,,0.607439185898327
5567,,0.5033488170306795
5568,,0.8218853346282748
5569,,0.7733818550145455
5570,,0.5392116224139978
5571,,0.7367847624915658
5572,,0.7876110843521931
5573,,0.5669234251527386
5574,,0.459578719716323
5575,,0.7936384175713682
5576,,0.5416992385914938
5577,,0.4199011302483783
5578,,0.7943624578009238
5579,,0.7361710755547903
5580,,0.6404789768420014
5581,,0.7194609814564517
5582,,0.6893425465502758
5583,,0.691163698834252
5584,,0.5079500537784045
5585,,0.7645149831366322
5586,,0.5747422900930509
5587,,0.5043326851859645
5588,,0.7869011461705138
5589,,0.6809542688584407
5590,,0.1487327581562248
5591,,0.36059211557077453
5592,,0.5009791346917402
5593,,0.13723944486259296
5594,,0.09470013661226184
5595,,0.39473999329415554
5596,,0.1385159947955278
5597,,0.1139126701513738
5598,,0.4612745209360421
5599,,0.2716426551595473
5600,,0.7569882842586141
5601,,0.7553369426813815
5602,,0.7125492288031461
5603,,0.7583684862601264
5604,,0.7546070206256199
5605,,0.2944553183974279
5606,,0.7532556089877824
5607,,0.7566901841928497
5608,,0.8241051165285886
5609,,0.754467316070381
5610,,0.704568884165187
5611,,0.7081096065781418
5612,,0.6630472362420736
5613,,0.7067298252533873
5614,,0.7058224085570511
5615,,0.5396323311270932
5616,,0.7062467802533205
5617,,0.7068870037484664
5618,,0.7881907667555812
5619,,0.7048880462469846
5620,,0.2391202083143163
5621,,0.24856455334820554
5622,,0.3255950940804522
5623,,0.24373536764584325
5624,,0.23023825921293534
5625,,0.6383667137991611
5626,,0.2276771536730944
5627,,0.24681120591460873
5628,,0.314921178378353
5629,,0.2379862104500997
5630,,0.5130478338085693
5631,,0.521660043851687
5632,,0.5741468979355814
5633,,0.516496991416793
5634,,0.5114268909684689
5635,,0.6810577506449623
5636,,0.5087557020718121
5637,,0.5176928925571015
5638,,0.6232172858673978
5639,,0.5174320383633404
5640,,0.531479801704225
5641,,0.5368677846972688
5642,,0.5268763686752469
5643,,0.5307394737361709
5644,,0.5328605104115609
5645,,0.6064707930659874
5646,,0.5287477094431628
5647,,0.5303392284327003
5648,,0.6216842722567537
5649,,0.5330435902180943
5650,,0.31377376460940404
5651,,0.3205702295685668
5652,,0.36506153521658863
5653,,0.3177726638905016
5654,,0.3174552487957605
5655,,0.8712277815717654
5656,,0.3162992228859607
5657,,0.31841285965258326
5658,,0.3358523005584437
5659,,0.3180783165116521
5660,,0.6480177917336272
5661,,0.6510985416597823
5662,,0.6116983884712119
5663,,0.6458408794029098
5664,,0.6576905464697274
5665,,0.4057103730332069
5666,,0.6535463615003282
5667,,0.6460047853404168
5668,,0.7550638942999334
5669,,0.6501641087203587
5670,,0.7553302389857797
5671,,0.7570634090354083
5672,,0.7280619133300994
5673,,0.7573551290233452
5674,,0.7542699917028484
5675,,0.3236820408390071
5676,,0.7548925135433555
5677,,0.7576305562188828
5678,,0.8555410154300749
5679,,0.7549741921884408
5680,,0.7003662652031235
5681,,0.70380603013816
5682,,0.6743710467589129
5683,,0.7007690540379785
5684,,0.707987884047903
5685,,0.29570667554591235
5686,,0.709679535035462
5687,,0.7028012536338151
5688,,0.8034031231594165
5689,,0.7002206715354469
5690,,0.3128157085522608
5691,,0.31848162975088645
5692,,0.40689077207093216
5693,,0.3146010423414817
5694,,0.30281538421649873
5695,,0.7774059630781611
5696,,0.3042192887732041
5697,,0.31554542161566235
5698,,0.3779022291150749
5699,,0.31300946096206944
5700,,0.551577135409737
5701,,0.630838144187519
5702,,0.5750398409478633
5703,,0.5505233294146399
5704,,0.5973915105411907
5705,,0.5844785600271584
5706,,0.5783248557853002
5707,,0.313912160706844
5708,,0.7457283182343282
5709,,0.6319443444638184
5710,,0.7377901555811432
5711,,0.5551110036981934
5712,,0.5041452571678724
5713,,0.49017553607165626
5714,,0.7678286862364461
5715,,0.5306066314280401
5716,,0.7294292618503152
5717,,0.5137734359260092
5718,,0.8778395562863628
5719,,0.5548991431596106
5720,,0.4992023548989787
5721,,0.16633791009572607
5722,,0.1785554362751388
5723,,0.15350642915682158
5724,,0.4676401609411267
5725,,0.23415143047871534
5726,,0.4639167556622087
5727,,0.6251330230183553
5728,,0.454230370273893
5729,,0.1628667581772385
5730,,0.6063284439268029
5731,,0.33688569418354475
5732,,0.3328494373487375
5733,,0.2937723751771804
5734,,0.6002686222058117
5735,,0.41790142809536795
5736,,0.5920706353670586
5737,,0.7353914630522642
5738,,0.643230498487877
5739,,0.334411051646384
5740,,0.8140731245569186
5741,,0.41850870418441133
5742,,0.390608817361224
5743,,0.36676424475143016
5744,,0.817590117254836
5745,,0.43041897928786943
5746,,0.779392294209104
5747,,0.6882551148369802
5748,,0.8388971573897466
5749,,0.4158986786146891
5750,,0.5850503852238291
5751,,0.17030466223642948
5752,,0.18365068042842764
5753,,0.16864546347321094
5754,,0.5491198297610557
5755,,0.2467218515169758
5756,,0.5459655680274551
5757,,0.6833846927727687
5758,,0.5368767253348912
5759,,0.1697666536342503
5760,,0.7254918643429851
5761,,0.5352606120379062
5762,,0.49061775318423495
5763,,0.4618453789572319
5764,,0.758499644631905
5765,,0.5294277999861445
5766,,0.7185768187868696
5767,,0.5251724561686026
5768,,0.8591265540357382
5769,,0.5346313615290998
5770,,0.5373154777783522
5771,,0.5790415560024362
5772,,0.5303850233995506
5773,,0.5063594707607548
5774,,0.578149333646702
5775,,0.5667662848327288
5776,,0.5602504831974002
5777,,0.36632941950500997
5778,,0.7351036022335917
5779,,0.5802717553647714
5780,,0.5416156717416009
5781,,0.5911968563013668
5782,,0.5381387701917817
5783,,0.5226436832619205
5784,,0.575563814577303
5785,,0.5588650046473731
5786,,0.5605320739873556
5787,,0.3559720771157002
5788,,0.700196683023579
5789,,0.5917454678629717
5790,,0.5609702935780037
5791,,0.20855057249262027
5792,,0.23119078550845415
5793,,0.20548557488209912
5794,,0.5378075455568487
5795,,0.31014557334442727
5796,,0.5298964023209861
5797,,0.7916808864159135
5798,,0.5172687558804157
5799,,0.2069679961273866
5800,,0.8250632915431513
5801,,0.6531151928838791
5802,,0.511009528145824
5803,,0.8613400364316823
5804,,0.6579828346730925
5805,,0.6869672950290246
5806,,0.6566317750422823
5807,,0.668103229410054
5808,,0.6649697361396105
5809,,0.6645815481680301
5810,,0.7157694539000656
5811,,0.8265037117346306
5812,,0.7518636151781471
5813,,0.7571490321463993
5814,,0.5929087198608425
5815,,0.8593172183253124
5816,,0.6183867634401369
5817,,0.6021220354033637
5818,,0.8411497852400787
5819,,0.8238437058117338
5820,,0.2679588694208438
5821,,0.5658615652578853
5822,,0.637060017281396
5823,,0.2858383483184267
5824,,0.20331943798384025
5825,,0.5146568254102549
5826,,0.3012635043367926
5827,,0.1604689869152854
5828,,0.5794778672776373
5829,,0.4806952600028478
5830,,0.5127253226828938
5831,,0.7112872491680929
5832,,0.7008039250062769
5833,,0.5539372401715918
5834,,0.3663220939360411
5835,,0.7053862352370319
5836,,0.49386337661723
5837,,0.35273035246805573
5838,,0.7497990233199174
5839,,0.642795513620405
5840,,0.5326143766215421
5841,,0.8601835133803026
5842,,0.7987052612976816
5843,,0.5908939658972555
5844,,0.43320034114385264
5845,,0.8300850285541631
5846,,0.5063209300372081
5847,,0.466999808636578
5848,,0.8903137845361229
5849,,0.7247126996090845
5850,,0.3007924440803653
5851,,0.5054381373487311
5852,,0.6841656520954911
5853,,0.2613444763105599
5854,,0.21395359118019852
5855,,0.6085354164509956
5856,,0.30321707650755647
5857,,0.17770868041490095
5858,,0.6238317274365024
5859,,0.485054281428974
5860,,0.6783407203190808
5861,,0.8465757286337366
5862,,0.65469629889427
5863,,0.7521089185946673
5864,,0.5255159208091178
5865,,0.7739707282210642
5866,,0.5822543090263858
5867,,0.5878386259708753
5868,,0.8521754155129975
5869,,0.7350478409770368
5870,,0.7900299814374888
5871,,0.6754831975286415
5872,,0.5492331442598093
5873,,0.8475770732009339
5874,,0.6259818011578335
5875,,0.6842286414135441
5876,,0.6465147265678635
5877,,0.6195911618274751
5878,,0.6864086805711331
5879,,0.6868694088833788
5880,,0.6845096467457383
5881,,0.6657319925836852
5882,,0.5361121547101368
5883,,0.7642479232885518
5884,,0.5786994550449845
5885,,0.6575301338557119
5886,,0.5950488710062067
5887,,0.6367549945552315
5888,,0.6374558848760339
5889,,0.6609989383050148
5890,,0.32058391086119753
5891,,0.5581717215484194
5892,,0.697191701432381
5893,,0.3061911752038472
5894,,0.22511446429103982
5895,,0.6085968474625251
5896,,0.364265690673776
5897,,0.20760379444143795
5898,,0.6441641370788835
5899,,0.49297589905244094
5900,,0.538516732772923
5901,,0.24412117672998532
5902,,0.16184655159076833
5903,,0.2617558312428596
5904,,0.3053381279176398
5905,,0.20420871363823132
5906,,0.6937193456556892
5907,,0.5855705170338302
5908,,0.6691873977061531
5909,,0.16384165220288122
5910,,0.7384439057199033
5911,,0.4238792731155946
5912,,0.3384461128279022
5913,,0.4567843746024803
5914,,0.4880979231779624
5915,,0.38666703996140817
5916,,0.8375156347007428
5917,,0.7987283044275857
5918,,0.7965893647043343
5919,,0.3343378928686508
5920,,0.5756462001866416
5921,,0.5169267280591503
5922,,0.5113024034021745
5923,,0.5792199753001169
5924,,0.5319036721880606
5925,,0.5829960138159477
5926,,0.5512646729680268
5927,,0.5641808041722676
5928,,0.5009998222986066
5929,,0.5101622994890451
5930,,0.695395471006863
5931,,0.6065024126488525
5932,,0.4708129651653504
5933,,0.5907390993228901
5934,,0.6461259573853375
5935,,0.5258398010724034
5936,,0.7559148453970599
5937,,0.7403074930403015
5938,,0.7662761403361268
5939,,0.4670543459450347
5940,,0.7888016064998822
5941,,0.5636014129759606
5942,,0.4702657143166658
5943,,0.5686337492913952
5944,,0.598984142036716
5945,,0.512457064751348
5946,,0.7783831744180103
5947,,0.8011592577412752
5948,,0.790035628845899
5949,,0.46176628486425686
5950,,0.6892242014295061
5951,,0.5937977999522099
5952,,0.6204652585610444
5953,,0.6859464492497227
5954,,0.6204662823384652
5955,,0.6813486958338862
5956,,0.6224749880029168
5957,,0.6535497298435666
5958,,0.5271900366071834
5959,,0.6208155144930461
5960,,0.6721218680501765
5961,,0.4111186493127966
5962,,0.275963095500116
5963,,0.4123512693326936
5964,,0.4703273724338084
5965,,0.3313152531501386
5966,,0.7395093889813094
5967,,0.7385853578249323
5968,,0.7978679860292521
5969,,0.27108464029742974
5970,,0.5702755390763018
5971,,0.3078008307653929
5972,,0.18603993972009236
5973,,0.3269816604966389
5974,,0.3645810387289508
5975,,0.24394017984361954
5976,,0.7343963204401759
5977,,0.6616864217978999
5978,,0.7577394231167798
5979,,0.18673786363974687
5980,,0.5484028521811133
5981,,0.30134236655041396
5982,,0.19063856652603467
5983,,0.30809187026099105
5984,,0.3498174745050261
5985,,0.2420522256878372
5986,,0.7138568290522929
5987,,0.6451115977661472
5988,,0.7287438806101726
5989,,0.189055428480756
5990,,0.6978352919711794
5991,,0.6669687400738551
5992,,0.6012013525510077
5993,,0.6840300089230649
5994,,0.676358858730363
5995,,0.6543505429829488
5996,,0.6696558950104957
5997,,0.6684866310225039
5998,,0.6162334275175905
5999,,0.5972178030411073
6000,,0.597500443447231
6001,,0.6851825574184918
6002,,0.4867030511360776
6003,,0.505142000725765
6004,,0.5146209593055151
6005,,0.6033791126897083
6006,,0.6062086332362688
6007,,0.4837215664009254
6008,,0.6466746432507742
6009,,0.6350862274679194
6010,,0.6109645503493683
6011,,0.6761259178649337
6012,,0.5094520995834171
6013,,0.5291060897068995
6014,,0.5077148804999421
6015,,0.6777226761663535
6016,,0.596496175640251
6017,,0.5244531889814092
6018,,0.6243030760995751
6019,,0.6137080434884639
6020,,0.7319582565898914
6021,,0.6515023637871827
6022,,0.7044135068487587
6023,,0.8280309373312031
6024,,0.7806428094469839
6025,,0.6060041303653103
6026,,0.8159873001092329
6027,,0.7554065097675469
6028,,0.6211307265801763
6029,,0.7124105083063728
6030,,0.7854241461562135
6031,,0.6262306088554873
6032,,0.7503342172974096
6033,,0.8052145205897027
6034,,0.7723288457937912
6035,,0.5921514923975382
6036,,0.8800002053064941
6037,,0.7768632326610247
6038,,0.6850963803445691
6039,,0.6934408148711372
6040,,0.5302089857653021
6041,,0.4213285630196354
6042,,0.5218266774189693
6043,,0.6358667400014303
6044,,0.591653901100648
6045,,0.38231293979309006
6046,,0.6420881227395041
6047,,0.6189788278292063
6048,,0.48451363349619975
6049,,0.5168456044558265
6050,,0.6439961412035193
6051,,0.6597436384493939
6052,,0.611691980689494
6053,,0.6680275362632551
6054,,0.6811597347081148
6055,,0.6261613817751912
6056,,0.6962786923504658
6057,,0.6230552146461588
6058,,0.645681227555853
6059,,0.6750124850900332
6060,,0.5424108535108008
6061,,0.474876922732703
6062,,0.5530552713853605
6063,,0.6548340032536146
6064,,0.6268907175739293
6065,,0.422095895733011
6066,,0.6508090470338108
6067,,0.6263494288558487
6068,,0.4725776318880158
6069,,0.5743822981747124
6070,,0.6049530209077787
6071,,0.6799506246218362
6072,,0.504696678383903
6073,,0.5231379736223312
6074,,0.5032805114443117
6075,,0.6825017205956414
6076,,0.5845407398195588
6077,,0.5135179494126156
6078,,0.6217448242956377
6079,,0.6144369029233823
6080,,0.561819205539091
6081,,0.672899083330678
6082,,0.532030797420692
6083,,0.6191409117682023
6084,,0.6611033201313985
6085,,0.6157859192774839
6086,,0.6093050697492404
6087,,0.5551732767161861
6088,,0.5399555391569095
6089,,0.6666486606284656
6090,,0.46275153150504506
6091,,0.49976032945179216
6092,,0.4942709314976817
6093,,0.6365558890663408
6094,,0.5932391290720148
6095,,0.4448713664367792
6096,,0.5838155667573994
6097,,0.5609484564596479
6098,,0.38839197248239776
6099,,0.556089642983159
6100,,0.28251246972541527
6101,,0.343943070405714
6102,,0.28639399776637264
6103,,0.44286342582455585
6104,,0.37127650227825615
6105,,0.27854420880198627
6106,,0.3088217611597343
6107,,0.28342630396916724
6108,,0.22988833436643943
6109,,0.32261821626729204
6110,,0.6264369324658121
6111,,0.4923927024035873
6112,,0.795663335963286
6113,,0.5320465610940324
6114,,0.7917265077893143
6115,,0.5037806391332005
6116,,0.47186976197706637
6117,,0.458127638313377
6118,,0.44069776128351545
6119,,0.6277313945570471
6120,,0.6988331791782504
6121,,0.46158805141674436
6122,,0.5192209200650737
6123,,0.6063863889591334
6124,,0.5742043617731596
6125,,0.43509396913663634
6126,,0.5630338374900465
6127,,0.5806113117536873
6128,,0.48192961514007937
6129,,0.5828452337563609
6130,,0.7545487968980513
6131,,0.5739971186568675
6132,,0.6881351490620239
6133,,0.7312222721858335
6134,,0.7109891476065211
6135,,0.5468083067833913
6136,,0.6847486839082579
6137,,0.6912965194422711
6138,,0.575837819328737
6139,,0.7114491205485233
6140,,0.43938738628265095
6141,,0.3198985593286917
6142,,0.3836988939545771
6143,,0.45506781456797013
6144,,0.4478852848943811
6145,,0.3213390187244169
6146,,0.5042894273610689
6147,,0.5506228747129187
6148,,0.5047387259259511
6149,,0.3866885061189577
6150,,0.7442753162831898
6151,,0.5436476363290967
6152,,0.6253026456265142
6153,,0.6693976500131505
6154,,0.6450950092361094
6155,,0.5331096217871876
6156,,0.5880899578965421
6157,,0.5493776004226756
6158,,0.4649141130541451
6159,,0.6688602781404285
6160,,0.5334257998954182
6161,,0.49820325784854796
6162,,0.5514868174076405
6163,,0.5328762438413197
6164,,0.50221114469425
6165,,0.520311570710988
6166,,0.4685647078262732
6167,,0.4135002953979682
6168,,0.421700544017071
6169,,0.5446817952526427
6170,,0.5096584013696062
6171,,0.3940086877114868
6172,,0.4574870680252271
6173,,0.6250383232206557
6174,,0.5292700275842444
6175,,0.34031457179652
6176,,0.5940987553202708
6177,,0.571938631080812
6178,,0.3996847357348624
6179,,0.4220468924527029
6180,,0.6556397634912869
6181,,0.5101345056106699
6182,,0.6154211423753551
6183,,0.7421554619443034
6184,,0.6827975080753721
6185,,0.46149431838903643
6186,,0.6784507223558762
6187,,0.6539121687646884
6188,,0.4814433427616011
6189,,0.5929300095079062
6190,,0.40064070598217016
6191,,0.2797511887128933
6192,,0.47204661497569766
6193,,0.28968082534856
6194,,0.5159479046343451
6195,,0.32052949297923156
6196,,0.2807315964369508
6197,,0.34179766291593117
6198,,0.36892209538323717
6199,,0.3712066020024615
6200,,0.22346349333298227
6201,,0.17393544953144147
6202,,0.4057653135473945
6203,,0.35767138254528824
6204,,0.3380286773216641
6205,,0.3616750474432151
6206,,0.3628796062201308
6207,,0.17657720111781697
6208,,0.2926387705387161
6209,,0.37961456953258943
6210,,0.32198397190320605
6211,,0.3415546350611024
6212,,0.5342301731025086
6213,,0.5213913511674088
6214,,0.4189866144451082
6215,,0.4948338515798425
6216,,0.4657576010792749
6217,,0.34343774736313204
6218,,0.4281066569416098
6219,,0.40918321388351375
6220,,0.42926411610588855
6221,,0.40624865707300883
6222,,0.5976408808537886
6223,,0.6111358662799018
6224,,0.5022218951698013
6225,,0.5247867203809553
6226,,0.5166098729392156
6227,,0.40198414319485565
6228,,0.44141843493270816
6229,,0.4602182286057419
6230,,0.45670624315008723
6231,,0.47327858662501665
6232,,0.7224666411625265
6233,,0.7128568156154964
6234,,0.6350303410818666
6235,,0.6096807035025579
6236,,0.6351060511617035
6237,,0.46739309957894376
6238,,0.548496282996345
6239,,0.5827820940053259
6240,,0.372302701494587
6241,,0.3650573606898646
6242,,0.4547687442033121
6243,,0.46024763196320195
6244,,0.46103148851925113
6245,,0.4660375672198895
6246,,0.4724824981545437
6247,,0.35927239644536896
6248,,0.38254379656749427
6249,,0.4151766417601507
6250,,0.41913797259722485
6251,,0.42757653728136835
6252,,0.6889785422940518
6253,,0.6677818370038462
6254,,0.5761162198429255
6255,,0.5394602656701768
6256,,0.573831430856226
6257,,0.42768574517022306
6258,,0.49067361992338376
6259,,0.5363486223274545
6260,,0.41413000394378635
6261,,0.4235754341365353
6262,,0.5391692714381981
6263,,0.519285246946716
6264,,0.36751146765142684
6265,,0.48053981086113084
6266,,0.40252346487138324
6267,,0.4263457030777513
6268,,0.37541430209310833
6269,,0.36973840811527825
6270,,0.35282187645090934
6271,,0.3078657360158381
6272,,0.6187859367003361
6273,,0.5867938442879562
6274,,0.5713667986451193
6275,,0.5260216213595013
6276,,0.5789821872410003
6277,,0.30319411502892635
6278,,0.43248740573264843
6279,,0.5531363457448573
6280,,0.38774912562471764
6281,,0.3706780606709499
6282,,0.7208724529058075
6283,,0.6974856011348283
6284,,0.6305668142071886
6285,,0.5699285613083032
6286,,0.630619296041506
6287,,0.36608943000817373
6288,,0.502384399518724
6289,,0.6208853706036959
6290,,0.2484653531453015
6291,,0.2297714450221328
6292,,0.25652511973902775
6293,,0.2837807198672714
6294,,0.18545322855680796
6295,,0.2556438797269418
6296,,0.2317869471258702
6297,,0.23166260335468758
6298,,0.21754682266048705
6299,,0.1743225455504568
6300,,0.64541244286462
6301,,0.5355046098400699
6302,,0.5269823897631174
6303,,0.6065551198282806
6304,,0.5550358881056907
6305,,0.5605421481059502
6306,,0.6647345280263617
6307,,0.5660970619639415
6308,,0.6424637285650396
6309,,0.564116456168708
6310,,0.6329316457627299
6311,,0.5486559253079905
6312,,0.5201554177245507
6313,,0.5986567957621151
6314,,0.5540006121369612
6315,,0.5676315914555579
6316,,0.6411510636432399
6317,,0.5475900227342255
6318,,0.6426454053604548
6319,,0.5598656326243795
6320,,0.6798950867074414
6321,,0.5105660344930532
6322,,0.6496499641278873
6323,,0.7514531071545705
6324,,0.7060729162929218
6325,,0.5110013024379183
6326,,0.8643221325604429
6327,,0.7973202786968827
6328,,0.772604143647594
6329,,0.5880071156327313
6330,,0.4186085142825404
6331,,0.41508611558072267
6332,,0.38480628596714633
6333,,0.44904497373556795
6334,,0.4321390523684113
6335,,0.3480254147177274
6336,,0.3788939381919707
6337,,0.41236368069732693
6338,,0.3824479796659196
6339,,0.4323964823674952
6340,,0.4894995658688974
6341,,0.2778563423084667
6342,,0.35011384574679794
6343,,0.4495035662188658
6344,,0.40813872815396524
6345,,0.24007414926170512
6346,,0.45772669680810074
6347,,0.42416751903984146
6348,,0.3391028185459123
6349,,0.31796201028673465
6350,,0.7297299038673475
6351,,0.5846497815659149
6352,,0.589445795934324
6353,,0.6508794084776591
6354,,0.592256540716591
6355,,0.5548909263982008
6356,,0.6591751735375199
6357,,0.6144252216623454
6358,,0.598465659252922
6359,,0.6209249870109881
6360,,0.6816664708005855
6361,,0.5980055675393313
6362,,0.6103450825832623
6363,,0.6873834575995046
6364,,0.5850638063717948
6365,,0.5751212371146578
6366,,0.6243516698447393
6367,,0.577065993692818
6368,,0.5669969723717699
6369,,0.6107387924917349
6370,,0.3823068408515729
6371,,0.2106766493521164
6372,,0.26680899072019726
6373,,0.36653330790298877
6374,,0.32837634426217516
6375,,0.1571717788246625
6376,,0.362258112730689
6377,,0.36397737181044076
6378,,0.31968701915225706
6379,,0.24490548149762834
6380,,0.6206877819336096
6381,,0.5260486605072838
6382,,0.49626094916527574
6383,,0.5834627517382973
6384,,0.5375825685028014
6385,,0.5531460078379091
6386,,0.6158618202892573
6387,,0.5317203027063029
6388,,0.6244304037560386
6389,,0.536666029820744
6390,,0.2757943815349623
6391,,0.19436302123520352
6392,,0.23925904684090765
6393,,0.3870537334453791
6394,,0.3344098397859878
6395,,0.13966389357007045
6396,,0.4130106908223099
6397,,0.40008519580253377
6398,,0.3924313687145775
6399,,0.22127493497422931
6400,,0.6834799268530762
6401,,0.645530327676104
6402,,0.5371638034203308
6403,,0.6213139505886979
6404,,0.3512589914040818
6405,,0.6002169317330772
6406,,0.37648120376149785
6407,,0.6352066593959502
6408,,0.41652573548285704
6409,,0.31866436892003824
6410,,0.7220339792515036
6411,,0.6389301866041333
6412,,0.5467891195960218
6413,,0.6290858830892314
6414,,0.3573030199754015
6415,,0.6412538907898616
6416,,0.3797532734395437
6417,,0.6411285142527454
6418,,0.4215296179424831
6419,,0.32413588379176134
6420,,0.564343508656964
6421,,0.5420821494229523
6422,,0.7602962121813935
6423,,0.8156418679311966
6424,,0.6736553298146147
6425,,0.6904564587374884
6426,,0.652794171474505
6427,,0.531792784450344
6428,,0.5505610287449432
6429,,0.6039402912181164
6430,,0.3579405488995954
6431,,0.32756759948917075
6432,,0.4471161225112917
6433,,0.435822486451508
6434,,0.40965567247568446
6435,,0.4792915551935495
6436,,0.4411416704378766
6437,,0.32816942377520586
6438,,0.4260730154760449
6439,,0.4137145274938814
6440,,0.21674420841747005
6441,,0.18860623245787617
6442,,0.5283271362911326
6443,,0.5049625379471873
6444,,0.5839513426152381
6445,,0.38433409485289594
6446,,0.4958122324048485
6447,,0.18489209653655786
6448,,0.39891713311813093
6449,,0.4864565105287464
6450,,0.610833493927968
6451,,0.5956098917286926
6452,,0.6237443764952856
6453,,0.6900385463451016
6454,,0.4143528368129811
6455,,0.5953453606204712
6456,,0.43380146865700203
6457,,0.5912084237945828
6458,,0.5498633253758419
6459,,0.38602605807695045
6460,,0.5938152713275143
6461,,0.5501352504325555
6462,,0.637643212586442
6463,,0.6626963531061466
6464,,0.41097784027350814
6465,,0.6333918738490121
6466,,0.43600954354640503
6467,,0.5517817924412618
6468,,0.4729275704130222
6469,,0.38675377984950415
6470,,0.18791119067586648
6471,,0.14347237714549607
6472,,0.4608111115833982
6473,,0.42190000629803326
6474,,0.5843291966711789
6475,,0.31241091939131316
6476,,0.4892926770547182
6477,,0.14403850081545955
6478,,0.3492376117552468
6479,,0.445674652586847
6480,,0.7039854109327931
6481,,0.6242700668074195
6482,,0.5340771718726725
6483,,0.6134234502071888
6484,,0.3572984640233859
6485,,0.6290997644323291
6486,,0.3735593002247842
6487,,0.6290167409920994
6488,,0.409431061006271
6489,,0.32418025796019395
6490,,0.29037404039995973
6491,,0.20489613734789136
6492,,0.41449395920907994
6493,,0.4034342703743818
6494,,0.5052147057214269
6495,,0.37488256499538164
6496,,0.4552617029057556
6497,,0.20380259418270025
6498,,0.2834320163358903
6499,,0.3981049455672687
6500,,0.36786490114071974
6501,,0.3676192090833038
6502,,0.5337193971621395
6503,,0.5159620501000127
6504,,0.4327798088231748
6505,,0.47576000925696915
6506,,0.48494208569950786
6507,,0.4656538227162642
6508,,0.48343466062198376
6509,,0.27822448025430657
6510,,0.4014188334371692
6511,,0.3893916959681065
6512,,0.5381278696906062
6513,,0.5113524558452984
6514,,0.43411217924307755
6515,,0.47717031578379193
6516,,0.4985752594041385
6517,,0.48518399544825264
6518,,0.4870077975695348
6519,,0.29951620016638975
6520,,0.319466002326216
6521,,0.386501692949485
6522,,0.5003818842162898
6523,,0.6276912428329706
6524,,0.5448185452886987
6525,,0.5233316209088887
6526,,0.40638378521198487
6527,,0.5696468619944426
6528,,0.6387915191078015
6529,,0.24615540205500291
6530,,0.5625570425708774
6531,,0.4941155880385819
6532,,0.7244066216794145
6533,,0.660031635713869
6534,,0.6270039860940964
6535,,0.4418888959370292
6536,,0.44481941722788815
6537,,0.6722529197176058
6538,,0.5859761780285125
6539,,0.5108217958554953
6540,,0.40445123295908425
6541,,0.2824023346473353
6542,,0.5068620892336101
6543,,0.5575115881491762
6544,,0.34493631093115945
6545,,0.5394715541557911
6546,,0.35466633324196156
6547,,0.639925749631055
6548,,0.6251716868632099
6549,,0.08636497398122117
6550,,0.26147507862464026
6551,,0.4521310675780197
6552,,0.5937555439830976
6553,,0.5913554468146491
6554,,0.4342786696502604
6555,,0.5640696236556155
6556,,0.4796674782938799
6557,,0.39837341269398907
6558,,0.4560086615415484
6559,,0.3155816195090454
6560,,0.46930027266830365
6561,,0.47353022643669274
6562,,0.5887811391635495
6563,,0.6770802152498461
6564,,0.40268946360313296
6565,,0.6473427847947346
6566,,0.7166719767423049
6567,,0.5055990242953395
6568,,0.5855972482948715
6569,,0.2723273877869698
6570,,0.37176450030030583
6571,,0.22537730574512158
6572,,0.4457761840587184
6573,,0.503058998960277
6574,,0.392891645496913
6575,,0.43925092828666995
6576,,0.2803799033074885
6577,,0.6113541011521727
6578,,0.5775068025028949
6579,,0.1053081879624368
6580,,0.4359893196526033
6581,,0.38152827295149616
6582,,0.5495688590857959
6583,,0.5079774609996609
6584,,0.4293524674662973
6585,,0.47510202695769377
6586,,0.4912600377199731
6587,,0.5119995585875136
6588,,0.5034070704044166
6589,,0.2955022166782624
6590,,0.49817102284870296
6591,,0.1834810038374749
6592,,0.4653422046979867
6593,,0.4018855964176391
6594,,0.5994910769959361
6595,,0.24346351681140443
6596,,0.13265906943718833
6597,,0.7502851401564015
6598,,0.620403312526558
6599,,0.2665908704133423
6600,,0.5321829708796848
6601,,0.562717550019376
6602,,0.43174513504810696
6603,,0.4744540022185867
6604,,0.47495808411952056
6605,,0.6330255077053144
6606,,0.49045262402627476
6607,,0.53366226337754
6608,,0.5657272404643943
6609,,0.5299711837070319
6610,,0.6469424934767869
6611,,0.49609574377424265
6612,,0.5830630125516362
6613,,0.6561202617762659
6614,,0.6187487661223408
6615,,0.4777530138265147
6616,,0.7649331177423428
6617,,0.7958505313113621
6618,,0.6142389690610041
6619,,0.5904814483977416
6620,,0.539627467537772
6621,,0.459832753256037
6622,,0.46502499956258475
6623,,0.5560982234714152
6624,,0.5033248128389032
6625,,0.48134530031012324
6626,,0.6191079429413743
6627,,0.712396609105979
6628,,0.5519042949743391
6629,,0.5024573226486884
6630,,0.6002972513024538
6631,,0.4502869223381435
6632,,0.5425305804641987
6633,,0.5808312097146611
6634,,0.5908796501080087
6635,,0.4664610778989859
6636,,0.6612551095838466
6637,,0.7202046612427749
6638,,0.5485692378206942
6639,,0.5234158682946968
6640,,0.5697805456648376
6641,,0.431586460801864
6642,,0.45037299000945696
6643,,0.46237472483970643
6644,,0.4826476506664809
6645,,0.4415989629778194
6646,,0.44028447017909983
6647,,0.523893760564897
6648,,0.43265087856997275
6649,,0.47858767712897876
6650,,0.7029649928140175
6651,,0.5085743895711354
6652,,0.6455886102023145
6653,,0.7479030742532187
6654,,0.716241746862948
6655,,0.47038398192709985
6656,,0.7765455353377458
6657,,0.8274906063387373
6658,,0.5899306922850882
6659,,0.5967231448700986
6660,,0.5329441269517555
6661,,0.46990436348191045
6662,,0.45793954222449373
6663,,0.5469684756514437
6664,,0.5026936941136317
6665,,0.49023255213504346
6666,,0.5955269854214571
6667,,0.6859679785465089
6668,,0.5498589629008965
6669,,0.5104638400181467
6670,,0.5181113613583269
6671,,0.5629251250018059
6672,,0.4208654095490585
6673,,0.47442120247773356
6674,,0.45853734885398895
6675,,0.6277289786570491
6676,,0.47451071508851633
6677,,0.5254256984574338
6678,,0.5495240724333259
6679,,0.5150111842746217
6680,,0.6319229556988347
6681,,0.4853375465157386
6682,,0.525116033767473
6683,,0.5214053357361432
6684,,0.5633145053600191
6685,,0.45058071574360703
6686,,0.5182573554887526
6687,,0.537752627328809
6688,,0.469003496182094
6689,,0.5454524311207036
6690,,0.5275396097710952
6691,,0.5599665033560398
6692,,0.42717802661590293
6693,,0.47187502944689375
6694,,0.46999180923726463
6695,,0.6296931799362857
6696,,0.48981686732780205
6697,,0.5327947831154114
6698,,0.5628336698273084
6699,,0.5266114718228371
6700,,0.4636145971212849
6701,,0.5286556345400923
6702,,0.4410937452880991
6703,,0.4810061071770026
6704,,0.31488672632793147
6705,,0.5243860344367204
6706,,0.35822751540638176
6707,,0.5268865301203007
6708,,0.43023919559334645
6709,,0.2847886596932693
6710,,0.49994628429568877
6711,,0.4951910047166773
6712,,0.6187551408524522
6713,,0.6607807009602771
6714,,0.5031818109244615
6715,,0.5738010819866757
6716,,0.5406957774476016
6717,,0.4825018146582456
6718,,0.4974497829903817
6719,,0.4510480918956521
6720,,0.3994454538694988
6721,,0.46993958132876557
6722,,0.5206585982030576
6723,,0.5187987739488047
6724,,0.46532928701200704
6725,,0.5022191262119623
6726,,0.49511518085632555
6727,,0.45960646913409886
6728,,0.4595033059333984
6729,,0.4152006347862497
6730,,0.384947004346528
6731,,0.4560155385558082
6732,,0.5812507927338508
6733,,0.5739780793427548
6734,,0.5099471040918937
6735,,0.5249769050459889
6736,,0.5569149641565421
6737,,0.4437498954297757
6738,,0.4874197131284888
6739,,0.4714417938909202
6740,,0.3434445430467371
6741,,0.40056221192387603
6742,,0.49099992723181785
6743,,0.4725270262569821
6744,,0.3704802362284998
6745,,0.44756703246417784
6746,,0.43326926341315586
6747,,0.3984039941542684
6748,,0.414623525716718
6749,,0.3454687047045788
6750,,0.38664621744668193
6751,,0.40672410196228814
6752,,0.775457158423965
6753,,0.7391245016837398
6754,,0.678466754521079
6755,,0.6379984714181216
6756,,0.7015996077163689
6757,,0.3968469300698656
6758,,0.6054953134425248
6759,,0.6569701326648598
6760,,0.4034682909258255
6761,,0.47128644252463237
6762,,0.5224264311119451
6763,,0.5159592028771434
6764,,0.4701818905368891
6765,,0.5135443866832824
6766,,0.49521973317503465
6767,,0.4649075047981748
6768,,0.46617344472638456
6769,,0.4192105143904098
6770,,0.44936769715876845
6771,,0.5156231883352074
6772,,0.44080095459384694
6773,,0.4637793137248096
6774,,0.31856685414054214
6775,,0.5242630687371779
6776,,0.3624157094931376
6777,,0.5143333203455338
6778,,0.44209438392231526
6779,,0.2923388052118632
6780,,0.40789627776382864
6781,,0.3978935703235601
6782,,0.5598456589852278
6783,,0.5568090789760225
6784,,0.41215034026818564
6785,,0.509553750240032
6786,,0.47799992968413896
6787,,0.39051361311067373
6788,,0.45624853973525603
6789,,0.3853061437043588
6790,,0.4627278777227255
6791,,0.5305692507538565
6792,,0.43870098154395504
6793,,0.479206930317807
6794,,0.31290937714117617
6795,,0.5230480139098365
6796,,0.35455865079813725
6797,,0.5279208301631746
6798,,0.4260110887991514
6799,,0.2800428313207506
6800,,0.2714238868293939
6801,,0.44107309675530926
6802,,0.5167168057223468
6803,,0.5481083866732157
6804,,0.5224388166997365
6805,,0.36817297146110567
6806,,0.36314766294853557
6807,,0.3175719158859982
6808,,0.35761382535871566
6809,,0.48937650033311036
6810,,0.31846683636634077
6811,,0.4649997782361327
6812,,0.6760871006356328
6813,,0.7403706222584103
6814,,0.6828066042307905
6815,,0.49234143652451423
6816,,0.3807218985335575
6817,,0.5756323100839591
6818,,0.6245685635396321
6819,,0.4838144854010702
6820,,0.2497492681534368
6821,,0.4127107157865869
6822,,0.5994448579821363
6823,,0.6477616257008307
6824,,0.7078426213553596
6825,,0.38417488364138164
6826,,0.29596412955291923
6827,,0.48555858905154736
6828,,0.4957007308927892
6829,,0.5184568773336543
6830,,0.24606445783195585
6831,,0.4891518454848258
6832,,0.6016442313834173
6833,,0.6757967208103082
6834,,0.7302866155706411
6835,,0.4185859164137598
6836,,0.30864342316285465
6837,,0.5358184505655188
6838,,0.5504371461629854
6839,,0.5521967766676025
6840,,0.2530046452802345
6841,,0.5271805607857047
6842,,0.6297709091475201
6843,,0.6117406967536803
6844,,0.615881756995454
6845,,0.4495110956135566
6846,,0.34127672506451956
6847,,0.39169606798856127
6848,,0.4258307085035099
6849,,0.6178526587871609
6850,,0.5126815790778836
6851,,0.5307159038857355
6852,,0.6953279118232412
6853,,0.8190717542003877
6854,,0.5963009734963405
6855,,0.6238939233101428
6856,,0.4539509767050479
6857,,0.7550912276304675
6858,,0.8281690297812061
6859,,0.3990424398239517
6860,,0.25602829218656803
6861,,0.42347142206239075
6862,,0.5956313895512579
6863,,0.646001687185688
6864,,0.7119038771094068
6865,,0.38383187694037446
6866,,0.3069782786365996
6867,,0.47498787765285067
6868,,0.4884375572130969
6869,,0.5281407147923194
6870,,0.2770967413436499
6871,,0.435390044998597
6872,,0.5222454738873006
6873,,0.5496256739968737
6874,,0.5333476284595535
6875,,0.36630309022661467
6876,,0.3731493249758341
6877,,0.3302627845937028
6878,,0.34954637290470336
6879,,0.49224946118565294
6880,,0.28267126606499754
6881,,0.5878995980370376
6882,,0.6617879360048364
6883,,0.6563796791745676
6884,,0.5808308961087629
6885,,0.48751792600570515
6886,,0.37314047265038713
6887,,0.4149235382598979
6888,,0.4753368295390726
6889,,0.5928322705724085
6890,,0.26685647632625503
6891,,0.4352140167635875
6892,,0.5142893954624915
6893,,0.5458774668803563
6894,,0.5272643768295489
6895,,0.3634460955680824
6896,,0.3596645953081488
6897,,0.3153705482155325
6898,,0.3548396453717816
6899,,0.4893946306312489
6900,,0.5092273451420062
6901,,0.5092105603022026
6902,,0.39526078284885224
6903,,0.5230837777821586
6904,,0.20393469528042452
6905,,0.5106752392203726
6906,,0.5022653344477941
6907,,0.15922942013980046
6908,,0.49853178829440326
6909,,0.18770805599577728
6910,,0.5334649510460879
6911,,0.5143638317258376
6912,,0.6284741097835154
6913,,0.5828550136036708
6914,,0.3631507034162409
6915,,0.556589311268073
6916,,0.5311153757155014
6917,,0.3302799976828199
6918,,0.4981290376427709
6919,,0.4287576076036026
6920,,0.4397356443761795
6921,,0.4204565041737566
6922,,0.4982113298065288
6923,,0.5679540090208255
6924,,0.27612905602034776
6925,,0.47728414720275725
6926,,0.4106687244624762
6927,,0.2873513809629954
6928,,0.4055280320605922
6929,,0.42113099918307323
6930,,0.4202206237397371
6931,,0.39350572084879276
6932,,0.5462919587049141
6933,,0.5606776344439194
6934,,0.3321653786271084
6935,,0.4862405382926301
6936,,0.41084869142889524
6937,,0.35016079392495497
6938,,0.3779490566800441
6939,,0.45649714346022097
6940,,0.38600963017839984
6941,,0.3834214448500003
6942,,0.3232158983219318
6943,,0.5631397246718057
6944,,0.19067212499727185
6945,,0.4950958762977032
6946,,0.4341823278923362
6947,,0.2181112305547261
6948,,0.37232702177918775
6949,,0.2572791463211243
6950,,0.492585448280295
6951,,0.4820194759677786
6952,,0.7080977916898775
6953,,0.592582786113463
6954,,0.5481106014089348
6955,,0.5142673065951043
6956,,0.5903657391798771
6957,,0.5289228577743748
6958,,0.4800118622121927
6959,,0.5416819192070177
6960,,0.4289057244715754
6961,,0.41925843999346096
6962,,0.48567448715455475
6963,,0.5830264072421031
6964,,0.2799450374215266
6965,,0.47198424136518174
6966,,0.41319902514251816
6967,,0.2980255302035576
6968,,0.4061460061130381
6969,,0.4285765822545102
6970,,0.4912336721660211
6971,,0.4921261433218621
6972,,0.384099827433777
6973,,0.5437759738274851
6974,,0.24058687751104146
6975,,0.5102896545916414
6976,,0.5093052415223902
6977,,0.198362288137448
6978,,0.48068459563207316
6979,,0.19475633724332153
6980,,0.43937584781174344
6981,,0.4286665352932758
6982,,0.3995268582546194
6983,,0.5983468252448835
6984,,0.2698453266218777
6985,,0.5570727067201091
6986,,0.4964632673303139
6987,,0.27164486682958267
6988,,0.41302479888498844
6989,,0.26631236759705357
6990,,0.5115074987633883
6991,,0.5084178737554916
6992,,0.39559765957754217
6993,,0.5233044728686767
6994,,0.2021528889287926
6995,,0.5086723136203941
6996,,0.4985149523637383
6997,,0.15917105716084806
6998,,0.49696001045563837
6999,,0.19199160160371137
7000,,0.1126185921727312
7001,,0.1118487686008518
7002,,0.14351758906921996
7003,,0.07008713770165297
7004,,0.11341747073472314
7005,,0.22578117923304622
7006,,0.2601905329986254
7007,,0.13840914455042427
7008,,0.1472008135057116
7009,,0.14498626163743863
7010,,0.2640993511853029
7011,,0.2628494845443715
7012,,0.2687253217500402
7013,,0.2095211770082844
7014,,0.2621607443709493
7015,,0.4894063082903372
7016,,0.3368546750709279
7017,,0.2661448623236368
7018,,0.2649583411908884
7019,,0.25706289912688407
7020,,0.20019974445319033
7021,,0.19649401994147314
7022,,0.20749314016143566
7023,,0.12904242559246654
7024,,0.20408652255636137
7025,,0.5844242565974151
7026,,0.2390260561712291
7027,,0.19904779631880998
7028,,0.20507127883527515
7029,,0.24447730744766816
7030,,0.10954863924357525
7031,,0.1089185755180209
7032,,0.14013114055027764
7033,,0.05974283676952723
7034,,0.11044206255142114
7035,,0.22378229479911943
7036,,0.25555952395062853
7037,,0.13487684551016332
7038,,0.1436271250324697
7039,,0.1417036633548152
7040,,0.25588310104818895
7041,,0.25132544174862886
7042,,0.25613825173311483
7043,,0.1934494131289991
7044,,0.25660397634423676
7045,,0.6077640411473907
7046,,0.30877196867794077
7047,,0.2512669125210462
7048,,0.2565420811641904
7049,,0.26639699135762396
7050,,0.24547001548152486
7051,,0.24440827294966974
7052,,0.2507193983447509
7053,,0.19213830655258624
7054,,0.24394003858067675
7055,,0.4880218155999453
7056,,0.3188496026994776
7057,,0.24876371599838387
7058,,0.24719315759919772
7059,,0.24874811385473672
7060,,0.24462201625746366
7061,,0.2441176570873736
7062,,0.252907840962622
7063,,0.18548957512829292
7064,,0.24308073569629177
7065,,0.5035892507533326
7066,,0.3228580472739721
7067,,0.25180486188843026
7068,,0.25320240569030517
7069,,0.24725034335057858
7070,,0.26373029865110365
7071,,0.262271683619013
7072,,0.2698910071540833
7073,,0.2050888001742418
7074,,0.26206363136220134
7075,,0.50938391661898
7076,,0.3276462038967466
7077,,0.2665725812824328
7078,,0.2658968447768322
7079,,0.2550780721887446
7080,,0.26040865204032315
7081,,0.25945325193778945
7082,,0.2635736585608483
7083,,0.201643805733675
7084,,0.25846008926077657
7085,,0.4799954433121387
7086,,0.32870233706900304
7087,,0.2616317816857383
7088,,0.259702134238644
7089,,0.24727102947587568
7090,,0.20691387379399556
7091,,0.20503974881425172
7092,,0.21211572153413866
7093,,0.1529679420895257
7094,,0.205028120710929
7095,,0.45453817107534855
7096,,0.28058831624733527
7097,,0.20908761955921654
7098,,0.21011432715017908
7099,,0.2652232541968573
7100,,0.48269672191996055
7101,,0.47741339102007785
7102,,0.48381964650710496
7103,,0.4839931914789778
7104,,0.48240791234760405
7105,,0.34392814816966466
7106,,0.4730199730378676
7107,,0.4737197125787307
7108,,0.4748665826995958
7109,,0.47115150427553437
7110,,0.1761454342390013
7111,,0.17578923113972567
7112,,0.18050641160443548
7113,,0.12367060024208679
7114,,0.1770190818215045
7115,,0.4811926076667662
7116,,0.18215741273075892
7117,,0.17548251796882078
7118,,0.18263540773740936
7119,,0.16338505429932762
7120,,0.20498983592201966
7121,,0.20347717275546337
7122,,0.21966182164691822
7123,,0.17904582728770913
7124,,0.2046739224068938
7125,,0.43568371133795697
7126,,0.3215787143280363
7127,,0.21076676082854068
7128,,0.215519942571044
7129,,0.21038655706229012
7130,,0.12811386342305073
7131,,0.13158414604528024
7132,,0.13809709675836657
7133,,0.0866484409410605
7134,,0.12976581184584945
7135,,0.48865791421304616
7136,,0.19594608205622743
7137,,0.13221220200946163
7138,,0.14015017892918624
7139,,0.13841286574187428
7140,,0.351915320166605
7141,,0.3471335206286162
7142,,0.34733239938222127
7143,,0.3418496354208844
7144,,0.3514118505162632
7145,,0.3057218074409268
7146,,0.3669653473696532
7147,,0.3396445829699985
7148,,0.33999655475052926
7149,,0.4090721672824146
7150,,0.20637203359336526
7151,,0.20316986487051308
7152,,0.21303040926349226
7153,,0.15514959798095593
7154,,0.20169510129357746
7155,,0.5330981022290284
7156,,0.31155580214439527
7157,,0.20492040279946663
7158,,0.20776310683788216
7159,,0.19276849724607942
7160,,0.16611225999927942
7161,,0.16569411871541645
7162,,0.1796586881092617
7163,,0.10171009059143896
7164,,0.16351584119248455
7165,,0.35673715854165
7166,,0.2575413083006947
7167,,0.1724005562223383
7168,,0.178793716020072
7169,,0.1521221098630504
7170,,0.5652008840785978
7171,,0.5595751770289862
7172,,0.5645864592332736
7173,,0.5577210822584374
7174,,0.5647700094887078
7175,,0.3931880941423214
7176,,0.5357821607016664
7177,,0.5537712329466888
7178,,0.5528676070133383
7179,,0.4937816160288126
7180,,0.07436539948204701
7181,,0.07251074714479044
7182,,0.07752456182487225
7183,,0.06304401991473135
7184,,0.07179686875677087
7185,,0.2775545501469617
7186,,0.1645423760097277
7187,,0.07656739701522046
7188,,0.07798139417047109
7189,,0.0930814313903474
7190,,0.20094059360644181
7191,,0.19708416297654363
7192,,0.20565154827212712
7193,,0.14893149005716388
7194,,0.19711255900602276
7195,,0.5564652628375109
7196,,0.29257402437552343
7197,,0.19673703618973712
7198,,0.2014301317018964
7199,,0.18426013787155415
7200,,0.13129478745802525
7201,,0.26442151372658285
7202,,0.24928391815846263
7203,,0.1270093655424407
7204,,0.2773628300626235
7205,,0.25443889385278873
7206,,0.2658033658055947
7207,,0.2587659496247466
7208,,0.2570404903006922
7209,,0.28148273662200934
7210,,0.05771778314056239
7211,,0.3008956186449917
7212,,0.5523926358786049
7213,,0.05894763985836492
7214,,0.5827046858182412
7215,,0.30134321959020144
7216,,0.27485750765584926
7217,,0.30514086892778536
7218,,0.29557226268534664
7219,,0.2201715149835116
7220,,0.45596825978588207
7221,,0.5591641406993169
7222,,0.2288847110638968
7223,,0.45151121553526685
7224,,0.34103390775914455
7225,,0.5682625975472962
7226,,0.508025615155091
7227,,0.5582352538400087
7228,,0.5553464627776887
7229,,0.4458900743254731
7230,,0.09686981929859839
7231,,0.35822289364782745
7232,,0.5606156697212357
7233,,0.09917558577105627
7234,,0.6708984035683649
7235,,0.35217552140598585
7236,,0.29889020592013227
7237,,0.35740039275446134
7238,,0.3570077796842117
7239,,0.2542799073590811
7240,,0.12030815805152056
7241,,0.19253016875764684
7242,,0.22633100407784923
7243,,0.11723101010618978
7244,,0.24437144237967418
7245,,0.18495656555089526
7246,,0.21055941873192593
7247,,0.19178572843991676
7248,,0.18495778148059258
7249,,0.23577653520036398
7250,,0.30525920742259627
7251,,0.7165092453435529
7252,,0.3045896023579304
7253,,0.3074918063760136
7254,,0.4759772067041318
7255,,0.6894087954897739
7256,,0.6141865984368057
7257,,0.7125258575958315
7258,,0.7150988209970512
7259,,0.5732798947978667
7260,,0.18263919359096076
7261,,0.46747245115514574
7262,,0.16913502278989673
7263,,0.18941301128216576
7264,,0.30568825197034594
7265,,0.4458252388716753
7266,,0.3983246859934191
7267,,0.4595879619347423
7268,,0.47490753054780266
7269,,0.3538915884880933
7270,,0.1338777206558247
7271,,0.30865459303838444
7272,,0.26434664888396775
7273,,0.12887668182618026
7274,,0.297319159640574
7275,,0.29809546138391474
7276,,0.3041976280791896
7277,,0.3042002414411107
7278,,0.3010238742704143
7279,,0.31075781401630675
7280,,0.07761734800357199
7281,,0.3790759443687458
7282,,0.15461060420577566
7283,,0.08609059650129364
7284,,0.22193766556325262
7285,,0.3641081275485507
7286,,0.36075445355830893
7287,,0.36585453635134846
7288,,0.3827344960798879
7289,,0.36837996706288195
7290,,0.2963048918002281
7291,,0.6713033569328308
7292,,0.3108751694061437
7293,,0.2970718517698071
7294,,0.456556932015432
7295,,0.6513156730201621
7296,,0.5824417348126525
7297,,0.6744448314627166
7298,,0.6651576959655081
7299,,0.5474595758419658
7300,,0.28858421233404363
7301,,0.2861523231381423
7302,,0.2867314885613905
7303,,0.2134299643982796
7304,,0.2846227622297882
7305,,0.6836236685945796
7306,,0.38514404900124144
7307,,0.2760956573862082
7308,,0.2803277972703135
7309,,0.27264425933267167
7310,,0.25379740824400976
7311,,0.25300132557790134
7312,,0.25853825923996954
7313,,0.19476957103496978
7314,,0.2520675663106705
7315,,0.6265210134298624
7316,,0.3547525098589679
7317,,0.2537446981715408
7318,,0.2583017447128525
7319,,0.2767143613335519
7320,,0.25717030029828536
7321,,0.2544775804101459
7322,,0.2626531132196872
7323,,0.19973050767934583
7324,,0.2509059323256348
7325,,0.6049955639026227
7326,,0.36661104746901196
7327,,0.25672927712726334
7328,,0.2567307684610645
7329,,0.23404912058149863
7330,,0.22478428430956554
7331,,0.22536923653306776
7332,,0.22925872138837908
7333,,0.1885797143407631
7334,,0.22361152653174632
7335,,0.6770529926905086
7336,,0.29779612895792323
7337,,0.2301247450531661
7338,,0.23014316533679846
7339,,0.2664206993823839
7340,,0.2323027708899449
7341,,0.2295644758598017
7342,,0.24040145364277826
7343,,0.1853058582493115
7344,,0.22546341061299005
7345,,0.5267186974846214
7346,,0.36601077198043686
7347,,0.23466533125500214
7348,,0.23566960294561684
7349,,0.24294711272279174
7350,,0.18772842878314472
7351,,0.18369486685572675
7352,,0.19327916565363612
7353,,0.1360698285754074
7354,,0.18637338828674344
7355,,0.6573276978913368
7356,,0.28690058093556403
7357,,0.1829442139873983
7358,,0.1869190930297165
7359,,0.18765313218359853
7360,,0.22411950817541448
7361,,0.22502072687292846
7362,,0.22927857648391967
7363,,0.19014632346749022
7364,,0.22292452092709825
7365,,0.6786182089479449
7366,,0.30109187840506973
7367,,0.23051637679298714
7368,,0.23053385600143567
7369,,0.265982990186878
7370,,0.18271460737925155
7371,,0.1784952347269515
7372,,0.19646260441812669
7373,,0.1423901544408681
7374,,0.18142619365911378
7375,,0.6605884097418864
7376,,0.2929738619852761
7377,,0.1856800737333834
7378,,0.1919081889629047
7379,,0.18490466186019977
7380,,0.2969680133014247
7381,,0.29147901235652046
7382,,0.31422305399691863
7383,,0.27166636213630824
7384,,0.29541768983825667
7385,,0.4337249203033544
7386,,0.3937894182232643
7387,,0.30180800426520915
7388,,0.31238098954118254
7389,,0.4890822599651701
7390,,0.3320238164401119
7391,,0.33078014547586604
7392,,0.35579018986328964
7393,,0.34157103094080643
7394,,0.3333562441659585
7395,,0.38670082251859894
7396,,0.42754129302172333
7397,,0.349333833280118
7398,,0.3564164700586413
7399,,0.5429984104807564
7400,,0.29322663640467067
7401,,0.6297842045331482
7402,,0.5122072505766064
7403,,0.29095504476768336
7404,,0.6328903706853486
7405,,0.6193514270889381
7406,,0.5787593042795371
7407,,0.6252253193101893
7408,,0.6249577462846
7409,,0.536482844532364
7410,,0.150662321717233
7411,,0.3912115727285363
7412,,0.5358221901780793
7413,,0.15028296624262302
7414,,0.6092726905839267
7415,,0.3827857138067883
7416,,0.3595811522372968
7417,,0.3921295962517892
7418,,0.39005669649738384
7419,,0.34326439170424383
7420,,0.28999860382382375
7421,,0.6988988001971297
7422,,0.31005916582097115
7423,,0.2889827222718346
7424,,0.41289893196962135
7425,,0.6921843346913481
7426,,0.7019467933423642
7427,,0.7002495745881173
7428,,0.6935238115161996
7429,,0.6136042269718841
7430,,0.11803373484033267
7431,,0.3144122979695766
7432,,0.3892598315375874
7433,,0.11719822479365699
7434,,0.41633826532099827
7435,,0.32127893421565296
7436,,0.34042504574731325
7437,,0.3312988833927305
7438,,0.3107805173007441
7439,,0.3104648417642256
7440,,0.13744673267699037
7441,,0.5177974269388568
7442,,0.21323113642310607
7443,,0.1386508910947097
7444,,0.29123900742535513
7445,,0.5015694110512235
7446,,0.5378919131918399
7447,,0.5204500902245055
7448,,0.5134638711281334
7449,,0.4729496665833505
7450,,0.36778312419716963
7451,,0.5391520229307136
7452,,0.7062051355520306
7453,,0.3633488312396122
7454,,0.7361571050434226
7455,,0.5641600194330458
7456,,0.5216547908484979
7457,,0.5523568253123524
7458,,0.536554207569568
7459,,0.4743732232740532
7460,,0.11485566112283284
7461,,0.3163720619024431
7462,,0.3915134022441875
7463,,0.11400434688685221
7464,,0.4205389829991776
7465,,0.3238454643378961
7466,,0.34458528350188733
7467,,0.33269861784958266
7468,,0.3129880740995305
7469,,0.3070373007744842
7470,,0.35456705958098056
7471,,0.5302384540366685
7472,,0.7191406278881767
7473,,0.35050716966595474
7474,,0.7401932011338371
7475,,0.5538962563029177
7476,,0.5127587161627756
7477,,0.5444133217110142
7478,,0.5269815679633167
7479,,0.4694486764082441
7480,,0.18931582972932182
7481,,0.4195060082774138
7482,,0.24807737867203
7483,,0.18416800891109178
7484,,0.29195809641742215
7485,,0.40830992662610743
7486,,0.40516413132905243
7487,,0.416680710823816
7488,,0.40303124100941956
7489,,0.4135913303499045
7490,,0.26551071990613795
7491,,0.35229412980538644
7492,,0.22861107169543496
7493,,0.25821700649491086
7494,,0.2955712946831862
7495,,0.34558129853542874
7496,,0.37319851079313365
7497,,0.33785554792625394
7498,,0.34212911519400013
7499,,0.3728539562671177
7500,,0.3263872593193017
7501,,0.43150116323310944
7502,,0.5043853695817934
7503,,0.540396383376432
7504,,0.26288982154831225
7505,,0.6695190118699437
7506,,0.40487952017677
7507,,0.39048668266235115
7508,,0.3303697810383141
7509,,0.6580635488989521
7510,,0.2769750020353536
7511,,0.4565966021640784
7512,,0.3169869435844097
7513,,0.530040925970874
7514,,0.246711911950878
7515,,0.4994089541428258
7516,,0.2927027472168911
7517,,0.3153276038707823
7518,,0.22869394335434523
7519,,0.49135374997722137
7520,,0.2954680838387669
7521,,0.283025229041895
7522,,0.514833131345104
7523,,0.35836485933484763
7524,,0.24219001033948284
7525,,0.6817236768091923
7526,,0.41280874625335984
7527,,0.3414860101257148
7528,,0.3371074907388916
7529,,0.6559799853146848
7530,,0.2274960481356495
7531,,0.37184160397893284
7532,,0.2956496942078622
7533,,0.44127881310553485
7534,,0.23228721675376351
7535,,0.4293927237877355
7536,,0.27351276007264563
7537,,0.2461881706029171
7538,,0.22087584968422908
7539,,0.45384355964460343
7540,,0.2476751803919915
7541,,0.22157207123737802
7542,,0.35157509103722817
7543,,0.28147084538395617
7544,,0.21805805352811636
7545,,0.5969714601233129
7546,,0.3654697077171134
7547,,0.27298626479643884
7548,,0.2948857322705414
7549,,0.5594878648110554
7550,,0.26162276949019647
7551,,0.4699279129340497
7552,,0.4863138192087757
7553,,0.5720483842714356
7554,,0.2040721902706271
7555,,0.46282371758349794
7556,,0.24283431815630063
7557,,0.30512465263434796
7558,,0.18914200563221367
7559,,0.4814179927284228
7560,,0.23490478531005987
7561,,0.37631362156716885
7562,,0.2967997105899334
7563,,0.4477448093734939
7564,,0.23909780950311496
7565,,0.43298219658817005
7566,,0.27468012950993814
7567,,0.25342357343354593
7568,,0.22199738288855242
7569,,0.45746948680861454
7570,,0.26385704536235255
7571,,0.48041648077714844
7572,,0.47099644137296864
7573,,0.5814851364820137
7574,,0.20975501593630091
7575,,0.46700877463254864
7576,,0.24839681208791092
7577,,0.30711483082345115
7578,,0.1981477476375846
7579,,0.4855362673819353
7580,,0.49248143175201153
7581,,0.2516293527985821
7582,,0.2980826833091509
7583,,0.27038077851199305
7584,,0.4837418937439128
7585,,0.43264922366775127
7586,,0.2571594177784262
7587,,0.4580548411909426
7588,,0.24073454884177975
7589,,0.43755872674818097
7590,,0.5638094755172764
7591,,0.21343534614791485
7592,,0.35865695560886424
7593,,0.25559645419636345
7594,,0.5391552651612321
7595,,0.3256858673000552
7596,,0.2116600627542719
7597,,0.5312887995225989
7598,,0.18976621138300226
7599,,0.3309910422831687
7600,,0.1597199841429796
7601,,0.1589106543837482
7602,,0.15769611838760697
7603,,0.1236771074005967
7604,,0.16084934839987808
7605,,0.34514473685661473
7606,,0.14116095667190742
7607,,0.1496106822222638
7608,,0.15081482021188633
7609,,0.10648678543366188
7610,,0.12517685714902613
7611,,0.12723759294996775
7612,,0.12146655724992025
7613,,0.09951038280364313
7614,,0.12771275236527288
7615,,0.2785539647537485
7616,,0.11974288099075855
7617,,0.11539640637003408
7618,,0.11327315515858542
7619,,0.07079905392176433
7620,,0.15939638309716758
7621,,0.15869313073920727
7622,,0.15813906979980932
7623,,0.12459774686496898
7624,,0.16079604195504155
7625,,0.34849662937735815
7626,,0.14043909213871375
7627,,0.14975624322281722
7628,,0.15110041775586452
7629,,0.11026209065136033
7630,,0.07106119814834669
7631,,0.07258189517618831
7632,,0.06568957285990175
7633,,0.08867963075733877
7634,,0.07346338691402783
7635,,0.12640596928611875
7636,,0.05647600044928823
7637,,0.06087075623215902
7638,,0.05999486856574613
7639,,0.031238747652736612
7640,,0.15740706166091278
7641,,0.1565928693398332
7642,,0.1557335786408807
7643,,0.12246472875686426
7644,,0.1587139429252417
7645,,0.3460600977209877
7646,,0.14147395821697106
7647,,0.14720897638844338
7648,,0.14899518512998255
7649,,0.10568373971490046
7650,,0.16064402567523814
7651,,0.15985917253388307
7652,,0.15897082112543273
7653,,0.12430834410144795
7654,,0.161725558697132
7655,,0.34474058698458243
7656,,0.14229913781801257
7657,,0.15080430753453772
7658,,0.15209156266725177
7659,,0.10700546364322763
7660,,0.06445034748857364
7661,,0.06980360548259594
7662,,0.0773954319895444
7663,,0.0911143305349024
7664,,0.06687295477637326
7665,,0.34669968707176757
7666,,0.13149211513953596
7667,,0.0815383730238228
7668,,0.0787980818084614
7669,,0.13430126712750012
7670,,0.14306770539931613
7671,,0.1445339204679404
7672,,0.13869605625786846
7673,,0.11199010957382516
7674,,0.14521250150547418
7675,,0.3104623898583798
7676,,0.1288063361270374
7677,,0.1320897870490163
7678,,0.13104809747945567
7679,,0.08643607340951304
7680,,0.15818832128063
7681,,0.1572854662311775
7682,,0.1563286971756915
7683,,0.12329511158921148
7684,,0.15939323262336424
7685,,0.3450773178801
7686,,0.1400243787896563
7687,,0.14787232411295825
7688,,0.14943824657716145
7689,,0.10504211299068103
7690,,0.1267862534961416
7691,,0.1290174354725243
7692,,0.12188879359330664
7693,,0.0989130975171799
7694,,0.1291436978071227
7695,,0.2875651949332688
7696,,0.11789946886432848
7697,,0.11598958158962214
7698,,0.11414242463358239
7699,,0.07052805161463561
7700,,-0.05785005848215651
7701,,0.0777739342769844
7702,,0.2721731274590272
7703,,-0.060683534613829276
7704,,0.2480490065937607
7705,,0.07600374900524333
7706,,0.13744022359844715
7707,,0.07795036953326685
7708,,0.07921929950224574
7709,,0.0980225959268633
7710,,-0.022549731173629215
7711,,0.06913856207041934
7712,,0.22810386276118938
7713,,-0.025994733427121094
7714,,0.21861249365521104
7715,,0.06421689853017239
7716,,0.1251772907387813
7717,,0.06590365412604976
7718,,0.07073426206091463
7719,,0.1053837133141123
7720,,-0.059257124544197626
7721,,0.0817107939591736
7722,,0.2855861086829654
7723,,-0.062070524798185575
7724,,0.2561328116062956
7725,,0.0803632870134734
7726,,0.14118589448496724
7727,,0.08181926822660959
7728,,0.08316037406439068
7729,,0.10297589442834963
7730,,-0.04310581913243058
7731,,0.019755545695143505
7732,,0.16396362361517225
7733,,-0.04739343222096046
7734,,0.14151665769511482
7735,,0.009127645252070632
7736,,0.05845316555598169
7737,,0.01769774861525716
7738,,0.014577335969203745
7739,,0.0647942574692744
7740,,-0.05585196482231565
7741,,0.08175681893758607
7742,,0.2825309203978019
7743,,-0.0586911630128983
7744,,0.25570597436849846
7745,,0.0800687349065752
7746,,0.14051334983448485
7747,,0.08184354197370086
7748,,0.08314772586027898
7749,,0.10117214324836143
7750,,-0.06030506337777489
7751,,0.07656821137375883
7752,,0.2718338030037574
7753,,-0.06310339408841399
7754,,0.24778882720059853
7755,,0.07468465822915527
7756,,0.13483558727821268
7757,,0.07683628728786895
7758,,0.07817866651176783
7759,,0.09533217719065326
7760,,-0.0012424319851982437
7761,,0.07575937733696081
7762,,0.2765555970521348
7763,,-0.0031973130204480376
7764,,0.2480770462509609
7765,,0.07637207972744076
7766,,0.13009232943256338
7767,,0.07854187764068522
7768,,0.0755599882491384
7769,,0.0896066236959443
7770,,-0.04580774239593455
7771,,0.06809442521997139
7772,,0.2341462492957567
7773,,-0.048992937779181206
7774,,0.21889611884637386
7775,,0.06427813578929638
7776,,0.1270177078585984
7777,,0.06645742198225031
7778,,0.06939563451655396
7779,,0.0921287525791312
7780,,-0.061151219317124736
7781,,0.07708457866704327
7782,,0.27761305307412804
7783,,-0.06410630974783185
7784,,0.25129453509021027
7785,,0.07568970988728041
7786,,0.1364071584986656
7787,,0.07739874799799548
7788,,0.07881896316444006
7789,,0.09931453469946921
7790,,-0.028408204561960478
7791,,0.0621762283121044
7792,,0.21548393790789744
7793,,-0.031685914436298465
7794,,0.20684536470893247
7795,,0.05744814242828955
7796,,0.12142284729823372
7797,,0.05981404327368621
7798,,0.064030370472058
7799,,0.0973467555667879
7800,,0.14476365222056548
7801,,0.3107402034598138
7802,,0.08432044726202734
7803,,0.3544916379084594
7804,,0.12709011988360464
7805,,0.1267708085666834
7806,,0.10144312472669136
7807,,0.15030914198893602
7808,,0.08769234027983543
7809,,0.13957749265443153
7810,,0.11836569816275323
7811,,0.2721043464228654
7812,,0.08204221186937832
7813,,0.3151863836160216
7814,,0.09955509397075445
7815,,0.11272376293432335
7816,,0.07656645747352464
7817,,0.1282515319706804
7818,,0.08535072194176416
7819,,0.12228264180977141
7820,,0.1484557070116438
7821,,0.31581187834608415
7822,,0.08287948011479332
7823,,0.35829033397732624
7824,,0.13191417909169612
7825,,0.12838210595092703
7826,,0.0958470271720937
7827,,0.15391267979469717
7828,,0.08526724651374196
7829,,0.14121853464521106
7830,,0.06198801057716622
7831,,0.1274771840815482
7832,,0.03877387059823591
7833,,0.18095365357632354
7834,,0.041929484746906956
7835,,0.0296353166970912
7836,,0.02608984959451356
7837,,0.07157933409221878
7838,,0.08835143429618836
7839,,0.032670844231434834
7840,,0.14532176931930602
7841,,0.31423344937925507
7842,,0.08327812166677656
7843,,0.3586666770480078
7844,,0.1292241362793336
7845,,0.12793110280998224
7846,,0.0932426462636983
7847,,0.1499987176475899
7848,,0.08282334456830395
7849,,0.14069161343860076
7850,,0.14510458289214986
7851,,0.31135512738826643
7852,,0.08305976662493456
7853,,0.3553594533394495
7854,,0.12841277215442098
7855,,0.12573472572666156
7856,,0.09778424640324573
7857,,0.15043122577118923
7858,,0.08382984153071098
7859,,0.13819560338821973
7860,,0.10737315670233862
7861,,0.26441867166985744
7862,,0.1027599202367319
7863,,0.3187906618823108
7864,,0.09958676328773969
7865,,0.10080521063065942
7866,,0.0943240886339513
7867,,0.11820993323273954
7868,,0.10743053082397086
7869,,0.10909689359389287
7870,,0.1312142944896939
7871,,0.2843077964409215
7872,,0.0901624099600693
7873,,0.32344830593643104
7874,,0.11354303593309775
7875,,0.11883393595605725
7876,,0.09308440976349137
7877,,0.14011860248677627
7878,,0.08708126925097151
7879,,0.1307744677659176
7880,,0.14628873067301557
7881,,0.31204140094871535
7882,,0.08128960788358952
7883,,0.35608320165375057
7884,,0.12950175210062992
7885,,0.1262484602166229
7886,,0.09602327454736889
7887,,0.151203549592486
7888,,0.08605307757854455
7889,,0.1385527366928711
7890,,0.11744095992063709
7891,,0.2675366954581577
7892,,0.08835619507140588
7893,,0.3102224452339838
7894,,0.09731524970650385
7895,,0.11021430837203945
7896,,0.08764770092359186
7897,,0.1272920855451622
7898,,0.08800835212671784
7899,,0.11990072458689133
7900,,0.2533909398279454
7901,,0.36181558854678086
7902,,0.2178883554679782
7903,,0.4143269383537471
7904,,0.2529851889364334
7905,,0.2700737256033443
7906,,0.4219199345138599
7907,,0.27885743889158376
7908,,0.21828137824559254
7909,,0.20742026098811964
7910,,0.22473534915637877
7911,,0.3133338635186087
7912,,0.18701197710049006
7913,,0.3309196672493015
7914,,0.212833783852269
7915,,0.23436712679231708
7916,,0.3368726253918751
7917,,0.24004341010885188
7918,,0.17424572605174407
7919,,0.1790468096850325
7920,,0.2582107588162211
7921,,0.37064292132289656
7922,,0.22214667118097123
7923,,0.41109588468112257
7924,,0.2557053129640295
7925,,0.2814022435577724
7926,,0.41853554263218656
7927,,0.2907386904331586
7928,,0.22769906908545703
7929,,0.21417121919292859
7930,,0.14841317353600036
7931,,0.21283429818379837
7932,,0.010842019991955235
7933,,0.1460625473245672
7934,,0.01728795584861234
7935,,0.17433359856068004
7936,,0.14823579040159326
7937,,0.17894438646499156
7938,,0.037886913133465115
7939,,0.08784695958059077
7940,,0.2583545779010737
7941,,0.3685832487447624
7942,,0.22089078220837213
7943,,0.4117789646471527
7944,,0.25662765365396123
7945,,0.28122973926657074
7946,,0.4195880439684698
7947,,0.290302214133344
7948,,0.22368315858669327
7949,,0.21240353067893525
7950,,0.2535166373332714
7951,,0.3621125665197229
7952,,0.21964187185256376
7953,,0.41360907449662554
7954,,0.25459369061249704
7955,,0.2715378577837719
7956,,0.42138427518603994
7957,,0.2802593959822346
7958,,0.2177976917674792
7959,,0.20872859740153799
7960,,0.20144809507474964
7961,,0.2894918738422507
7962,,0.21439295472956704
7963,,0.5127046027173047
7964,,0.2909510042202872
7965,,0.23338247491880576
7966,,0.5130812277745809
7967,,0.23659916297220712
7968,,0.11320583878506896
7969,,0.17249862904499105
7970,,0.2305061284585157
7971,,0.32558402300955924
7972,,0.20474092611300815
7973,,0.378229242348629
7974,,0.2407245532401353
7975,,0.23702830581478335
7976,,0.3845160104261257
7977,,0.24363294201905278
7978,,0.19286269500487296
7979,,0.1890723590242004
7980,,0.25566203581238023
7981,,0.3655957756837651
7982,,0.21819315260091407
7983,,0.41254712906006785
7984,,0.25372859724580754
7985,,0.27479693862787546
7986,,0.42075098866661953
7987,,0.2837832892224591
7988,,0.2202243290825978
7989,,0.2099610216229234
7990,,0.217719980035128
7991,,0.30433185530293483
7992,,0.18949096120690112
7993,,0.35561093811894634
7994,,0.22262740285723093
7995,,0.22208923131066882
7996,,0.3611514042829436
7997,,0.22740832995961807
7998,,0.16753712677875549
7999,,0.17235536568577764
8000,,0.3928222130269564
8001,,0.5488502753998695
8002,,0.572007834266307
8003,,0.6735885676310509
8004,,0.7352566106198086
8005,,0.5049973187214714
8006,,0.47939669423723785
8007,,0.5607618687682321
8008,,0.6454018753883884
8009,,0.7165692945339666
8010,,0.1944213040638924
8011,,0.19717216591769038
8012,,0.21763903657142855
8013,,0.4444441253092994
8014,,0.3266127836257262
8015,,0.22569113140527713
8016,,0.2318296367903685
8017,,0.2433702351875347
8018,,0.18446229754825547
8019,,0.3075598143188167
8020,,0.46936796858600177
8021,,0.5753236831469452
8022,,0.5807926162198164
8023,,0.6017411793332514
8024,,0.7449662834753237
8025,,0.49177347646825353
8026,,0.6379869071863937
8027,,0.5752421117838372
8028,,0.6617173015841638
8029,,0.5537908925088164
8030,,0.22546744968493398
8031,,0.21644309090002842
8032,,0.261554504461635
8033,,0.27384868136881774
8034,,0.2976148708299705
8035,,0.2820943479861711
8036,,0.2287737507606963
8037,,0.29517348752146444
8038,,0.17297378252048942
8039,,0.27496645879086756
8040,,0.2226359376300257
8041,,0.21717021866057334
8042,,0.2503126924148616
8043,,0.4106070106983544
8044,,0.3447018553305311
8045,,0.2640520533667773
8046,,0.25190136248099537
8047,,0.2788063132867918
8048,,0.1932118321274409
8049,,0.3228359251975083
8050,,0.37380187569677503
8051,,0.5263790956999248
8052,,0.5742752315604027
8053,,0.548735709285578
8054,,0.7531450970474883
8055,,0.4536426942475925
8056,,0.4800316851605879
8057,,0.531026792262179
8058,,0.6844055562077955
8059,,0.586021160748803
8060,,0.22628905473752045
8061,,0.2169833985932359
8062,,0.2620722798133439
8063,,0.27346410326608583
8064,,0.29702898403494893
8065,,0.28215995420479023
8066,,0.22875113658224305
8067,,0.2952607787055723
8068,,0.17290000289447804
8069,,0.2753591262067572
8070,,0.3114171771652812
8071,,0.4688883437113103
8072,,0.4727941628881472
8073,,0.515051591145911
8074,,0.5752940101044206
8075,,0.37156501135703884
8076,,0.38115361787016705
8077,,0.45816353043198715
8078,,0.5816970005154858
8079,,0.5542471977320544
8080,,0.32220827455817624
8081,,0.331596409566367
8082,,0.3332060476765992
8083,,0.5857521329925036
8084,,0.5140261520814561
8085,,0.3120218506293715
8086,,0.3381568040275646
8087,,0.33078997922845654
8088,,0.33399733246258745
8089,,0.44547104144573796
8090,,0.4253061875695884
8091,,0.6263806185293418
8092,,0.6043038497134344
8093,,0.7009251475687917
8094,,0.7900329027942545
8095,,0.5202588972617483
8096,,0.539013452216579
8097,,0.6110484029260199
8098,,0.7679753906455399
8099,,0.7111340460262514
8100,,0.10466812101076362
8101,,0.18157914174570156
8102,,0.209125484896508
8103,,0.18533509198703252
8104,,0.30881430963194356
8105,,0.16551580288893813
8106,,0.18569350697542986
8107,,0.2131605093215681
8108,,0.27296199120947623
8109,,0.24346455502948633
8110,,0.10215446447095614
8111,,0.17589667302172665
8112,,0.20285572516371853
8113,,0.1790762979544594
8114,,0.3051533894215722
8115,,0.15876889505271047
8116,,0.1770445878039113
8117,,0.204772008172514
8118,,0.26518900423399594
8119,,0.23561160604086942
8120,,0.24176403485006306
8121,,0.29455673190852516
8122,,0.2981106111467269
8123,,0.6283266144285812
8124,,0.4394223870508138
8125,,0.2764192808670277
8126,,0.3894350394973636
8127,,0.32144724343975006
8128,,0.34177915546867454
8129,,0.3964894131513627
8130,,0.21126966966127275
8131,,0.2967347799588923
8132,,0.3108997313994224
8133,,0.3301658762080767
8134,,0.3982585106955221
8135,,0.27068780276564675
8136,,0.26692492569863246
8137,,0.31273259586605223
8138,,0.39436575431343995
8139,,0.3560453100374696
8140,,0.2963690914403919
8141,,0.3309782005225981
8142,,0.3582703293831989
8143,,0.32921593987876896
8144,,0.5049827498650812
8145,,0.29814854783638467
8146,,0.3588450063071569
8147,,0.32551125233614453
8148,,0.40310410007540826
8149,,0.30718574125046594
8150,,0.09932403807126054
8151,,0.17479255782263592
8152,,0.2036751094773074
8153,,0.17592820499298847
8154,,0.30519070801198905
8155,,0.157552958935618
8156,,0.17428954832562016
8157,,0.20417496252928385
8158,,0.26502890355142406
8159,,0.2370507937748032
8160,,0.08359571739123607
8161,,0.10091323554925719
8162,,0.10366220675159787
8163,,0.10313081514142775
8164,,0.17042706190032833
8165,,0.098513142434983
8166,,0.13953453450001724
8167,,0.13539686771586795
8168,,0.14138608315514203
8169,,0.09836209184380973
8170,,0.10663075932985572
8171,,0.18082738472996085
8172,,0.20586160759923006
8173,,0.18169164644029012
8174,,0.3087964571582651
8175,,0.16432659809283834
8176,,0.17991007044386392
8177,,0.21097638366471178
8178,,0.2694457427679816
8179,,0.23884574545276432
8180,,0.08452237427901312
8181,,0.08872447579101515
8182,,0.0838299041867929
8183,,0.07354044947907118
8184,,0.12484192573665802
8185,,0.09712461002783107
8186,,0.13913123795250193
8187,,0.13486040744106847
8188,,0.09734600371628445
8189,,0.05816938881279819
8190,,0.29501120738855996
8191,,0.32931179462952487
8192,,0.3531649778782882
8193,,0.3106772315675162
8194,,0.5303600498491092
8195,,0.30656935744978786
8196,,0.3576916639893837
8197,,0.33596335918647
8198,,0.4293673451821878
8199,,0.27809071602306185
8200,,0.3187882238773413
8201,,0.0002527996207011534
8202,,0.22682609689885994
8203,,-0.02741361333636658
8204,,0.05806218537308418
8205,,0.3090986391645003
8206,,-0.029220074687437363
8207,,0.23094642330470577
8208,,0.12365437377302102
8209,,0.303074547047146
8210,,0.3147059392935377
8211,,-0.001878170757932127
8212,,0.2234029063583498
8213,,-0.03748832435571246
8214,,0.05492709255662448
8215,,0.29979073199651396
8216,,-0.039320562641269124
8217,,0.22373531186615775
8218,,0.13162364505362445
8219,,0.2977850887398067
8220,,0.48652229910484
8221,,0.46297405130348707
8222,,0.41611207752741197
8223,,0.2702261461566242
8224,,0.4100824782141631
8225,,0.3339914590561551
8226,,0.26899370771404724
8227,,0.296980627529772
8228,,0.534543838110703
8229,,0.48388851381419073
8230,,0.42581335577821033
8231,,0.1723950052621012
8232,,0.31365009828120366
8233,,0.13589238568514514
8234,,0.190897166193434
8235,,0.39423523520172643
8236,,0.1360455709592775
8237,,0.3226831305915644
8238,,0.2827917481721016
8239,,0.41597371891065094
8240,,0.25297438515706716
8241,,0.2097591652912263
8242,,0.5991923623695778
8243,,0.23179679333229297
8244,,0.2164428527897604
8245,,0.5204377004047993
8246,,0.23189794218106852
8247,,0.17188670257750535
8248,,0.3080582538173492
8249,,0.316775806389474
8250,,0.31446409402460296
8251,,-0.007314501140016135
8252,,0.22173261630600338
8253,,-0.034588482272262605
8254,,0.05028717605569238
8255,,0.3044204570232374
8256,,-0.03640615067586851
8257,,0.22735079895485968
8258,,0.12613491613207997
8259,,0.2969508203492623
8260,,0.16412419534461847
8261,,-0.021623391780744527
8262,,0.13036583557224024
8263,,-0.07620317821338207
8264,,0.023455504213150284
8265,,0.09667532811309491
8266,,-0.0778700800256916
8267,,0.08642272875371751
8268,,0.09049753743512393
8269,,0.15928001378292003
8270,,0.315793384463646
8271,,-0.00032023946624575375
8272,,0.22651962741318826
8273,,-0.03545856390071086
8274,,0.057683329423089215
8275,,0.30172385945910307
8276,,-0.03729196827471488
8277,,0.22318667093915032
8278,,0.1327432851707555
8279,,0.2997692818848625
8280,,0.10788241039324203
8281,,-0.0891253985793351
8282,,0.08720659929226109
8283,,-0.08235026430661449
8284,,-0.0561698117806484
8285,,0.021398925497938457
8286,,-0.08375820399262215
8287,,0.025966492211047756
8288,,0.018279926494728822
8289,,0.1145304198274402
8290,,0.27591739603399834
8291,,0.17907094897023446
8292,,0.5321300639988
8293,,0.21298194023145717
8294,,0.2165691190630611
8295,,0.4531654559644346
8296,,0.21323925724630136
8297,,0.16331335409880193
8298,,0.2586641925311229
8299,,0.32613323444353415
8300,,0.1394691509978898
8301,,0.25424261306994034
8302,,0.25897222222932215
8303,,0.31391480148292245
8304,,0.3206680777472314
8305,,0.19913413540537134
8306,,0.22027122928112627
8307,,0.2616830960050842
8308,,0.3600086838639814
8309,,0.3735521087615702
8310,,0.44237750350646116
8311,,0.6280342419083433
8312,,0.6073246862191969
8313,,0.4919706533474508
8314,,0.7578729389461785
8315,,0.4883701667383923
8316,,0.5485437509228582
8317,,0.6195287861171729
8318,,0.7745166846708746
8319,,0.5572116415231487
8320,,0.1742279376382308
8321,,0.28739672549440987
8322,,0.2990311581263376
8323,,0.3012938133190586
8324,,0.3784338824716378
8325,,0.233660329845792
8326,,0.23567200170325822
8327,,0.292147345598192
8328,,0.4039068251647665
8329,,0.4063599846245118
8330,,0.1826975973360036
8331,,0.30746764107896407
8332,,0.32766263185684574
8333,,0.30354877655777945
8334,,0.38873326772491806
8335,,0.24475584853222443
8336,,0.24781068368604572
8337,,0.30717144610063946
8338,,0.4251682317391731
8339,,0.43634118426882423
8340,,0.197674213654546
8341,,0.3237898261749075
8342,,0.350136771173861
8343,,0.3319334962245146
8344,,0.40478905365408324
8345,,0.2622740627291019
8346,,0.2639101042372824
8347,,0.33038878592129084
8348,,0.43676976692442804
8349,,0.44078763277755123
8350,,0.19823176229726286
8351,,0.32528239493887745
8352,,0.3510627368721535
8353,,0.33970318529342525
8354,,0.40524559653313397
8355,,0.2654321578248392
8356,,0.270395288548961
8357,,0.3337793873457088
8358,,0.43620277326039597
8359,,0.44434910076864265
8360,,0.4316517826159572
8361,,0.5897374514688425
8362,,0.5835966009242994
8363,,0.49297712712522435
8364,,0.7518262740314509
8365,,0.46367244532161334
8366,,0.5249433886574372
8367,,0.5732914306326662
8368,,0.7384109626116626
8369,,0.5294126957331352
8370,,0.19649307500206842
8371,,0.3227789129603366
8372,,0.3485137585401853
8373,,0.3357111895549464
8374,,0.4058311234200268
8375,,0.26290044205188495
8376,,0.26314011544541066
8377,,0.3288176112015099
8378,,0.43841433619852654
8379,,0.44167643492876224
8380,,0.1771044614259556
8381,,0.2998862192807369
8382,,0.32086621678784183
8383,,0.3000724587929835
8384,,0.38459222726056486
8385,,0.24010306823485084
8386,,0.2448268389001101
8387,,0.30100538204148924
8388,,0.4179895165596328
8389,,0.42907956274522885
8390,,0.16937067983545878
8391,,0.28776156246398765
8392,,0.30215846313126854
8393,,0.33049304991320716
8394,,0.3811090761855979
8395,,0.23368300455933758
8396,,0.229477778465001
8397,,0.28885597551784226
8398,,0.4093003683655593
8399,,0.4082280887968237
8400,,0.3191024803914154
8401,,0.1496555182656394
8402,,0.20637749540564226
8403,,0.04771664283054324
8404,,0.154284365978067
8405,,0.35682081524570886
8406,,0.04711331015561917
8407,,0.46808092428868797
8408,,0.19005227576247355
8409,,0.3396637795673518
8410,,0.5466306770191376
8411,,0.19335162750588802
8412,,0.7626392074936106
8413,,0.1773443311278758
8414,,0.2074708678603081
8415,,0.7905610627189115
8416,,0.1774616736118847
8417,,0.5953840134132018
8418,,0.331204366731792
8419,,0.6974375479186679
8420,,0.41900640831157143
8421,,0.10168298593396649
8422,,0.3084490516212087
8423,,0.011450303126038064
8424,,0.11930737706913189
8425,,0.4815264379001897
8426,,0.010660031747996571
8427,,0.5983326248031722
8428,,0.18314532340635817
8429,,0.4436407654985671
8430,,0.46880133200175717
8431,,0.09177863030304723
8432,,0.30806314870367807
8433,,0.01683819202912444
8434,,0.10960501857405762
8435,,0.4940538277944851
8436,,0.01582480216074978
8437,,0.6858607031288342
8438,,0.17473211930360527
8439,,0.481639783055508
8440,,0.46389707621854126
8441,,0.12833415583752353
8442,,0.31340248202705623
8443,,0.07189987382818427
8444,,0.14628085958212775
8445,,0.5113671400634953
8446,,0.07162755076508796
8447,,0.6860601265079822
8448,,0.19382854418488618
8449,,0.4793202173221097
8450,,0.4646294056217788
8451,,0.1337935272595052
8452,,0.31490489285716194
8453,,0.0734689535834045
8454,,0.15017984986245778
8455,,0.5111308940505208
8456,,0.07318341710348963
8457,,0.6811097133780528
8458,,0.19490628666558513
8459,,0.47983355767178826
8460,,0.4977701266408597
8461,,0.191762134277044
8462,,0.7772680907030847
8463,,0.18384191070634803
8464,,0.20655566446701107
8465,,0.7791852415291896
8466,,0.18418807443806184
8467,,0.5464143137860774
8468,,0.32921699332711307
8469,,0.6409640856192023
8470,,0.460957460336324
8471,,0.12862051828219614
8472,,0.312086455953035
8473,,0.07004912233851238
8474,,0.14584341934350176
8475,,0.5101022306367956
8476,,0.06974232465998863
8477,,0.6812178965445141
8478,,0.19161996787272326
8479,,0.47670644685849517
8480,,0.46650922094656
8481,,0.09258559635931862
8482,,0.30858460320587655
8483,,0.01863160446403346
8484,,0.11159093562766442
8485,,0.49398910852059785
8486,,0.017503940995789197
8487,,0.6840648241914128
8488,,0.17238370744763903
8489,,0.47813939175260556
8490,,0.40859165710225664
8491,,0.1550243595317554
8492,,0.29942889323737876
8493,,0.0761842391339202
8494,,0.16792377535508551
8495,,0.49435808759430877
8496,,0.0764462569542112
8497,,0.6070833605384242
8498,,0.19653213494248178
8499,,0.44381678977121125
8500,,0.37386175703035945
8501,,0.355044145994972
8502,,0.2803771206809821
8503,,0.526767361427267
8504,,0.09319617314222411
8505,,0.35330056853421626
8506,,0.11674275589021785
8507,,0.35677333117065235
8508,,-0.003119512716443267
8509,,0.03370704212863775
8510,,0.2979005468370278
8511,,0.2940507596385665
8512,,0.32139834614592155
8513,,0.40471128610523865
8514,,0.5222131632437745
8515,,0.2939833472801595
8516,,0.149065835222018
8517,,0.2967280193541423
8518,,0.09023502986777593
8519,,0.5197487493052759
8520,,0.3631311776466442
8521,,0.3551205567283984
8522,,0.21169815579014323
8523,,0.39300227842375
8524,,0.05155864680367317
8525,,0.3557047416646487
8526,,0.17810442064161716
8527,,0.355655561274293
8528,,0.05510863567776751
8529,,0.04686339006511427
8530,,0.30079261067880775
8531,,0.2869038076706936
8532,,0.17691492369498502
8533,,0.3354081887567594
8534,,0.037225338657622516
8535,,0.28845448129744383
8536,,0.11070966739423702
8537,,0.28614069830361044
8538,,-0.012579450651762157
8539,,0.041557397186914175
8540,,0.30492626659682975
8541,,0.2889248350764524
8542,,0.20875155950463456
8543,,0.39147739103872026
8544,,0.09206644682563979
8545,,0.2928343386589286
8546,,0.1098989660595468
8547,,0.28900272398944105
8548,,-0.01376868874395713
8549,,0.08766407681950246
8550,,0.3068143745210049
8551,,0.29042122913012103
8552,,0.2170993968581078
8553,,0.390772503981241
8554,,0.08944625997226972
8555,,0.2938840609359905
8556,,0.1104060217879447
8557,,0.2894258041654656
8558,,-0.01458296165662662
8559,,0.08412895829500741
8560,,0.2721289474638767
8561,,0.2715420664446604
8562,,0.3103861657087365
8563,,0.3775808054484473
8564,,0.5933304348261572
8565,,0.2709075248894917
8566,,0.14603142326805632
8567,,0.2733817084172438
8568,,0.08718344957243646
8569,,0.5743156679339306
8570,,0.3034601312816954
8571,,0.2870936596467231
8572,,0.21092363274342546
8573,,0.3910944083470186
8574,,0.09126245521835488
8575,,0.29092660094578143
8576,,0.10744772814268655
8577,,0.2872078427632604
8578,,-0.016125198025989603
8579,,0.08706508412974345
8580,,0.2989559704442627
8581,,0.28462163481313585
8582,,0.17569162509119776
8583,,0.3313744928940226
8584,,0.042935942461233306
8585,,0.28528451650184083
8586,,0.11273261475915407
8587,,0.2839715060673271
8588,,-0.01043352746632308
8589,,0.04297815730989131
8590,,0.33408215126338403
8591,,0.3170358050038476
8592,,0.2382395075818043
8593,,0.4247239314498476
8594,,0.07417955834062503
8595,,0.31938244748571376
8596,,0.12003221406917125
8597,,0.31649568362666064
8598,,-0.006794945853392846
8599,,0.06943038437882043
8600,,0.582930316256715
8601,,0.7185699270737018
8602,,0.7606760148655577
8603,,0.5446735750675121
8604,,0.7774885305154439
8605,,0.6720334992759326
8606,,0.6411071824333658
8607,,0.7128584918416071
8608,,0.7741578691169818
8609,,0.7985718916095776
8610,,0.5779792221481376
8611,,0.6982387271245251
8612,,0.7209607178242217
8613,,0.49236112231697715
8614,,0.6666830541735203
8615,,0.6606114334410862
8616,,0.6326899504886015
8617,,0.6869753780174731
8618,,0.7045694259705663
8619,,0.7964527347555762
8620,,0.5749128529295536
8621,,0.6965787766051106
8622,,0.7287966277245466
8623,,0.4997379738211555
8624,,0.6984595214043507
8625,,0.6592393833559562
8626,,0.6426769734329902
8627,,0.6915493310568116
8628,,0.7213152092395593
8629,,0.7913902585663655
8630,,0.25752591229871874
8631,,0.38177067489791555
8632,,0.40206982439103334
8633,,0.4712247700459343
8634,,0.5071768058507156
8635,,0.2983038124942838
8636,,0.33197722253095124
8637,,0.3779308571475667
8638,,0.5180810700220628
8639,,0.4851809157243926
8640,,0.21275060857328604
8641,,0.3497727522532267
8642,,0.3633800662449138
8643,,0.40216446493571095
8644,,0.4468568791634556
8645,,0.27257337823644645
8646,,0.27737884149910935
8647,,0.3273376189312007
8648,,0.49632533444563354
8649,,0.4906497721157426
8650,,0.23251326721496088
8651,,0.38018010577473155
8652,,0.3845269922597233
8653,,0.4896424137247226
8654,,0.5022883012723939
8655,,0.2850764306619035
8656,,0.33157210168097434
8657,,0.37009440135110616
8658,,0.5315992375550125
8659,,0.5053403290530359
8660,,0.23142880050102554
8661,,0.376763849751658
8662,,0.3778477560570093
8663,,0.4551560174094623
8664,,0.4987585294140937
8665,,0.3036417643651249
8666,,0.31530108280075925
8667,,0.3760677796487796
8668,,0.5182158576241711
8669,,0.5128211175400095
8670,,0.5859424259215283
8671,,0.7160552627998427
8672,,0.7426162999774493
8673,,0.5388382417592759
8674,,0.6996928440704118
8675,,0.6809459408074162
8676,,0.6407700295925127
8677,,0.6965856975675659
8678,,0.7349815399158449
8679,,0.8316078174598771
8680,,0.5815458605573267
8681,,0.6904540893856281
8682,,0.7347132409873806
8683,,0.4347360091916303
8684,,0.6960567794244166
8685,,0.6603815729997067
8686,,0.6357261892784827
8687,,0.6978740972206267
8688,,0.7058749444930557
8689,,0.7498383466424166
8690,,0.5988536722849995
8691,,0.7205556902880719
8692,,0.7540204864594529
8693,,0.5121057313151821
8694,,0.691172343751315
8695,,0.6933432052018204
8696,,0.6651574558122415
8697,,0.7123025564485875
8698,,0.7226260688565537
8699,,0.8245576136352796
8700,,0.6062973472046678
8701,,0.2569406733367179
8702,,0.6440510250218926
8703,,0.25616638268446795
8704,,0.2834352491183403
8705,,0.7467940395138706
8706,,0.25627732185813634
8707,,0.5496498322539691
8708,,0.34927760934053725
8709,,0.6425737286434978
8710,,0.5582041976162297
8711,,0.2257624214727238
8712,,0.5110975348808413
8713,,0.2037926126557481
8714,,0.2549342528067335
8715,,0.6304966742878972
8716,,0.20421036213854454
8717,,0.5625755623667198
8718,,0.3084139842214076
8719,,0.5808427394564089
8720,,0.5623324881863837
8721,,0.23252125787082
8722,,0.5490598762395225
8723,,0.2324783974553626
8724,,0.26818529012618386
8725,,0.661813199346259
8726,,0.23220991879922911
8727,,0.5495709269514699
8728,,0.3095807111607315
8729,,0.5833002858839444
8730,,0.5377421144597314
8731,,0.20610891485575097
8732,,0.42188527483610383
8733,,0.11939277992253752
8734,,0.20981683501111403
8735,,0.5614604955671114
8736,,0.11963065767473913
8737,,0.7790198553929809
8738,,0.2813579576060997
8739,,0.5753340822789009
8740,,0.48998918462789254
8741,,0.16145702396743902
8742,,0.3137578865562649
8743,,0.050240886823917204
8744,,0.162966879748934
8745,,0.493928591201404
8746,,0.04979014100449517
8747,,0.7194532863321048
8748,,0.23989028810636565
8749,,0.532566261218364
8750,,0.5284492252647489
8751,,0.23046234313807898
8752,,0.378707656320207
8753,,0.10253846656995651
8754,,0.2212908725121538
8755,,0.5060689276656114
8756,,0.10173178960655367
8757,,0.7453780956846934
8758,,0.2972725870297721
8759,,0.5803758730728379
8760,,0.5255416431380502
8761,,0.19288393556953504
8762,,0.35663520039748686
8763,,0.09897086317793327
8764,,0.1980070370966795
8765,,0.5117369502637171
8766,,0.09905824883901329
8767,,0.7323479798131625
8768,,0.2637381989683867
8769,,0.5670849147303746
8770,,0.6372099356269545
8771,,0.24969237975427272
8772,,0.5247305898367851
8773,,0.21375269838774996
8774,,0.2695194716726319
8775,,0.6386578719298932
8776,,0.21371943573313598
8777,,0.6035139232751264
8778,,0.34012391490643
8779,,0.6572210108730682
8780,,0.4910541075479814
8781,,0.2060863083072375
8782,,0.5745863184726179
8783,,0.24676932876914004
8784,,0.252657836429239
8785,,0.6866224051405185
8786,,0.24657139384779225
8787,,0.4733218831418548
8788,,0.2778629097359361
8789,,0.5161342810537529
8790,,0.5989700670283933
8791,,0.24053355797340636
8792,,0.5531308496116601
8793,,0.22172569499161665
8794,,0.2681322770190757
8795,,0.664119612625101
8796,,0.22174057908184197
8797,,0.5666042615839554
8798,,0.3205807349082074
8799,,0.616559807717231
8800,,0.30499278569104715
8801,,0.2971589218502132
8802,,0.3361274974144646
8803,,0.42126800058637964
8804,,0.5015972215103806
8805,,0.30028167736944017
8806,,0.1055703881703379
8807,,0.29820230735088493
8808,,0.02897098483689886
8809,,0.42078746990873045
8810,,0.31169282194993475
8811,,0.30055046494822424
8812,,0.31415877721204943
8813,,0.4218100817155681
8814,,0.33182909867435956
8815,,0.30413898475762985
8816,,0.11128368744510071
8817,,0.3003823571542014
8818,,0.022673597245268268
8819,,0.28197795632322753
8820,,0.3239292209009586
8821,,0.3132743116360349
8822,,0.31889555188367724
8823,,0.42703821246536877
8824,,0.3778793130983229
8825,,0.3155573047739375
8826,,0.114268231119042
8827,,0.31286221451987595
8828,,0.024732472079702417
8829,,0.31773447034965074
8830,,0.22632022270518504
8831,,0.21186295194228366
8832,,0.23734376494110834
8833,,0.3216885910670988
8834,,0.19723328423157802
8835,,0.21346236811049993
8836,,0.08382350475129052
8837,,0.2107686167253822
8838,,-0.003455644769784231
8839,,0.22201542355263215
8840,,0.2812514809107832
8841,,0.26642730818109117
8842,,0.19904490731832258
8843,,0.3156094227456915
8844,,0.10208436441002697
8845,,0.26734941084845504
8846,,0.1035291166890098
8847,,0.2659631940724178
8848,,-0.0061248870713809245
8849,,0.11076886546574927
8850,,0.23462263764766897
8851,,0.22052626217394938
8852,,0.26033656594873633
8853,,0.3095372380862248
8854,,0.20179026288789398
8855,,0.22097767495602944
8856,,0.08838273424534665
8857,,0.21969972023903717
8858,,-0.012322902274382288
8859,,0.19754974033477196
8860,,0.2613488978396862
8861,,0.24667574305868445
8862,,0.23573752440557114
8863,,0.3538041650477547
8864,,0.14992759765723956
8865,,0.24817351872990645
8866,,0.09965389752320457
8867,,0.24526811083875097
8868,,-0.014793250933189717
8869,,0.1396316915253969
8870,,0.2983890928959404
8871,,0.28743017965533324
8872,,0.338907409015163
8873,,0.4071052278607174
8874,,0.3405557824113523
8875,,0.2903684137106401
8876,,0.11079930237226265
8877,,0.28775030258154166
8878,,0.027127154963392717
8879,,0.2941414322926225
8880,,0.3173142723383139
8881,,0.30706001281583895
8882,,0.27498279436356543
8883,,0.39808951167933904
8884,,0.4216850091348097
8885,,0.3104570584676556
8886,,0.10463960624199733
8887,,0.3072093385879762
8888,,0.023684823386113586
8889,,0.36373650165103544
8890,,0.30412122004863995
8891,,0.29280783585583353
8892,,0.3372475846254449
8893,,0.40503738422141305
8894,,0.3607786598821533
8895,,0.2958624665894632
8896,,0.10950697197595097
8897,,0.29290499349085697
8898,,0.023601724984972827
8899,,0.30083217229765863
8900,,0.4944461451129662
8901,,0.7232389388688819
8902,,0.4978981440644167
8903,,0.5161041367956404
8904,,0.5554279105719053
8905,,0.5552722411924574
8906,,0.7100388815493697
8907,,0.5553057074236153
8908,,0.5120003026801769
8909,,0.5182249545781944
8910,,0.619360838739625
8911,,0.6197280843316744
8912,,0.5913143853327415
8913,,0.6086385870701941
8914,,0.6480699376579794
8915,,0.6490064734081673
8916,,0.5831800430157861
8917,,0.6506434674148746
8918,,0.603003899923059
8919,,0.6215514533823978
8920,,0.5918365949678216
8921,,0.6566575774548041
8922,,0.5728069553087911
8923,,0.5906978100651495
8924,,0.6290834654902022
8925,,0.6300322411229292
8926,,0.6266763822091418
8927,,0.6320342242767645
8928,,0.5852772925871497
8929,,0.600305385781509
8930,,0.6432316621959051
8931,,0.5986622432968947
8932,,0.6844651300009603
8933,,0.7929291084362796
8934,,0.8660901521672937
8935,,0.8617836020872646
8936,,0.5709238331673794
8937,,0.8634595162265766
8938,,0.7917318232060988
8939,,0.7886747673062364
8940,,0.6492396868293054
8941,,0.5061382449979588
8942,,0.741869659700333
8943,,0.8408386047534664
8944,,0.7916972980642061
8945,,0.7923882024525982
8946,,0.46447528047773556
8947,,0.7926431409289352
8948,,0.8385151649735845
8949,,0.7295461577873138
8950,,0.6344693125997429
8951,,0.5538787384535199
8952,,0.6206686280188055
8953,,0.7223054342413755
8954,,0.770768688112447
8955,,0.770604304230556
8956,,0.5307715828181424
8957,,0.769902755140121
8958,,0.7214734056735428
8959,,0.695975810037404
8960,,0.6983793437763817
8961,,0.5539162030459162
8962,,0.7386078010924826
8963,,0.8134714964000325
8964,,0.8741729762095192
8965,,0.8710524570661191
8966,,0.524562651624613
8967,,0.8739870927418967
8968,,0.8141594442154221
8969,,0.8326043984050795
8970,,0.5635771155892269
8971,,0.6268398656386522
8972,,0.552942707908063
8973,,0.5909279186673014
8974,,0.6135690781631588
8975,,0.615526024777102
8976,,0.5917767016345488
8977,,0.6143346878987213
8978,,0.5854478558898493
8979,,0.5730589345590287
8980,,0.5436463444133097
8981,,0.6735083770648775
8982,,0.5365018192883159
8983,,0.5386638355619819
8984,,0.5791503013428935
8985,,0.5784492355993801
8986,,0.6478692899946916
8987,,0.580853692470473
8988,,0.5328002671013221
8989,,0.5581212500169384
8990,,0.5585006777623134
8991,,0.6334375999923643
8992,,0.551292659447955
8993,,0.5810633515949784
8994,,0.6054344654524019
8995,,0.6075455334823878
8996,,0.5994506971416251
8997,,0.6067667828007033
8998,,0.5765625125141145
8999,,0.5706325575155766
9000,,0.05563361638863831
9001,,0.7276976139986546
9002,,0.05453967843631798
9003,,0.055070603097738424
9004,,0.06006502053353881
9005,,0.05788335178280433
9006,,0.055392826467078875
9007,,0.05656493159060559
9008,,0.05821128192886144
9009,,0.05674608202913371
9010,,0.27545930296715265
9011,,0.5018921847928743
9012,,0.2746665747266131
9013,,0.27443661716502865
9014,,0.27309853640507836
9015,,0.27331462378661353
9016,,0.2742214975255509
9017,,0.27606722131061134
9018,,0.2746942677298446
9019,,0.2751692058089537
9020,,0.27116729486228924
9021,,0.556018377386823
9022,,0.26907612381111135
9023,,0.2683359872889404
9024,,0.267062744924711
9025,,0.2673358402606306
9026,,0.26969481695574743
9027,,0.2723240655206386
9028,,0.26925453960968704
9029,,0.27115265285543133
9030,,0.07096471577317734
9031,,0.7234949465145806
9032,,0.07014458630168958
9033,,0.07069762280627376
9034,,0.07493028400137229
9035,,0.07318007440827043
9036,,0.07059548879550026
9037,,0.07192599018026885
9038,,0.07376947577310247
9039,,0.07214288459965956
9040,,0.24624877567882764
9041,,0.4874945674214592
9042,,0.2448491102026784
9043,,0.24365165938543487
9044,,0.2439409841325086
9045,,0.2435399449960898
9046,,0.24493385698639658
9047,,0.2472206020633034
9048,,0.24519194085213677
9049,,0.24631259678973394
9050,,0.25182940527205044
9051,,0.4894620929867699
9052,,0.2504484078302342
9053,,0.24951231846718197
9054,,0.2496490664179883
9055,,0.2492613086358066
9056,,0.2505739816848483
9057,,0.2526540865730752
9058,,0.25093605812539954
9059,,0.2516914749305592
9060,,0.22988911860539687
9061,,0.7207170984530732
9062,,0.22622528889141102
9063,,0.22837395748454103
9064,,0.22679027011776587
9065,,0.22769614398073096
9066,,0.22853133951953603
9067,,0.2290940914379103
9068,,0.22692759492836562
9069,,0.22802091343671058
9070,,0.29218798575947413
9071,,0.4517240117103152
9072,,0.29137540731525235
9073,,0.2915088900573819
9074,,0.29000875927219694
9075,,0.2903112107392878
9076,,0.290884136107615
9077,,0.29202166318910516
9078,,0.29145064723422315
9079,,0.29108519263768345
9080,,0.023788866659647412
9081,,0.43202901412739914
9082,,0.02310439388924738
9083,,0.0237301747248593
9084,,0.027718647584152923
9085,,0.026305221761811267
9086,,0.023165809548552085
9087,,0.024723250315518717
9088,,0.026728314310250873
9089,,0.024303710799505617
9090,,0.236186822834404
9091,,0.7331765120187392
9092,,0.233944256059062
9093,,0.23553151162872357
9094,,0.23428785554710574
9095,,0.23490046501784947
9096,,0.23486640171634598
9097,,0.2356678933151544
9098,,0.23466112675604595
9099,,0.2346490304108275
9100,,-0.01093084822530058
9101,,0.4718423077325004
9102,,-0.012638584697674158
9103,,-0.012059542782805346
9104,,-0.007317456664462263
9105,,-0.008640908557294316
9106,,-0.010825021580977963
9107,,-0.009826154416233721
9108,,-0.008736854141515323
9109,,-0.009839699219925009
9110,,0.14658949250072822
9111,,0.7071395965752696
9112,,0.1455119106112304
9113,,0.145776612517468
9114,,0.14689117719176514
9115,,0.14633789221328766
9116,,0.14596567292349633
9117,,0.14667393559653624
9118,,0.14648864683196527
9119,,0.14574342857269984
9120,,0.21112620412088318
9121,,0.5680905148906776
9122,,0.2087846973590981
9123,,0.2100873615094848
9124,,0.2103958492814073
9125,,0.21051769574328663
9126,,0.21028639458815507
9127,,0.2109160116523815
9128,,0.2102040751862141
9129,,0.21019823487209632
9130,,-0.0065660944661738874
9131,,0.43972829652913126
9132,,-0.00817726186684213
9133,,-0.007409787044207656
9134,,-0.002728592963180258
9135,,-0.003920825975761764
9136,,-0.0063070605621317315
9137,,-0.005409556084266121
9138,,-0.004302135092503625
9139,,-0.005249412095326766
9140,,0.18644756728285597
9141,,0.5607819447317843
9142,,0.1842458586016781
9143,,0.1852681717361346
9144,,0.18539848342548315
9145,,0.18528245359732934
9146,,0.18538372040621548
9147,,0.18612678795261856
9148,,0.18542916527372255
9149,,0.18550226345684379
9150,,-0.01577084678718496
9151,,0.4682030349055264
9152,,-0.01743496558740075
9153,,-0.01692032684001706
9154,,-0.012094302693558132
9155,,-0.013449749487421859
9156,,-0.01559567740350484
9157,,-0.014579470589338981
9158,,-0.013516336133399722
9159,,-0.014661098281472718
9160,,-0.010867129694852772
9161,,0.5222081798374393
9162,,-0.012627642720932008
9163,,-0.012273505837543913
9164,,-0.006791973641724826
9165,,-0.008558418135384119
9166,,-0.010890597629325241
9167,,-0.0097338230040818
9168,,-0.008369557449396204
9169,,-0.010169811641736515
9170,,0.1730162098728238
9171,,0.5983197629082961
9172,,0.17141382156437568
9173,,0.17238308783122702
9174,,0.1728935962305644
9175,,0.1730769957620139
9176,,0.172229107129021
9177,,0.17277032185710017
9178,,0.17245490081495998
9179,,0.1721580287478522
9180,,0.09819989299784138
9181,,0.644110873669369
9182,,0.09697300864144767
9183,,0.09767837026434273
9184,,0.0986855593960083
9185,,0.0987708128459086
9186,,0.09797264603630727
9187,,0.09854355752919869
9188,,0.09828089511623972
9189,,0.0978990752194186
9190,,-0.013409582379361523
9191,,0.4544565853050794
9192,,-0.015063534183270229
9193,,-0.01439640807917588
9194,,-0.009747085981909572
9195,,-0.010976272871588944
9196,,-0.013237170793791428
9197,,-0.012276705388310757
9198,,-0.011202312403492785
9199,,-0.012176155754508963
9200,,0.5399600033442475
9201,,0.2530612039298059
9202,,0.29194459842275033
9203,,0.5010052212001455
9204,,0.29170378948342024
9205,,0.29434293227493863
9206,,0.357993880717662
9207,,0.2488764510199118
9208,,0.41393917244300205
9209,,0.308199352910292
9210,,0.6601418618364625
9211,,0.46734374687630237
9212,,0.5136369683514131
9213,,0.6145191079983692
9214,,0.49948677405862274
9215,,0.5028679885585263
9216,,0.6239185470848811
9217,,0.4790754841322844
9218,,0.46395922449885474
9219,,0.5823634786345621
9220,,0.47376615087180923
9221,,0.6373307356585063
9222,,0.6769418482681657
9223,,0.47565724063023707
9224,,0.661205312734604
9225,,0.6673449512541452
9226,,0.7302815899688825
9227,,0.6494100324510744
9228,,0.5205948456280133
9229,,0.680846341344039
9230,,0.4958841495573448
9231,,0.24179138469266398
9232,,0.27829540162686967
9233,,0.46327089125809257
9234,,0.2751061144126756
9235,,0.2769468699181576
9236,,0.3540961019800596
9237,,0.2334958571753633
9238,,0.3954079132833239
9239,,0.29402336585028577
9240,,0.4947011111142124
9241,,0.6539532033033104
9242,,0.6904568979247778
9243,,0.4954303746086431
9244,,0.6877617631393957
9245,,0.6932117405377245
9246,,0.7162842037956778
9247,,0.6598410350152433
9248,,0.552804555991402
9249,,0.6732684616426625
9250,,0.5434901889542683
9251,,0.2512799320456851
9252,,0.2895620005911127
9253,,0.5038807335796132
9254,,0.2906772818990675
9255,,0.29348083099153865
9256,,0.35523508691976313
9257,,0.24715181435498784
9258,,0.41595549727203796
9259,,0.3055899444928242
9260,,0.6114345292686083
9261,,0.26316761845216313
9262,,0.31346601676544045
9263,,0.5626335933111297
9264,,0.31281525271182375
9265,,0.3154958986994625
9266,,0.3593658367108488
9267,,0.2647652266451237
9268,,0.4360980872637118
9269,,0.326485840022922
9270,,0.538961169063609
9271,,0.5433464982763264
9272,,0.5936546980466602
9273,,0.5383262537718987
9274,,0.5920365713491409
9275,,0.5957563169470599
9276,,0.7509103890779019
9277,,0.5549881711704041
9278,,0.5953513779627366
9279,,0.7191840974820034
9280,,0.5555332595500774
9281,,0.40295901516669763
9282,,0.4391008880851376
9283,,0.5185882758856781
9284,,0.4165985797169549
9285,,0.4176915740461438
9286,,0.6137805210434456
9287,,0.4134405280009565
9288,,0.39074592583901424
9289,,0.5304178448000474
9290,,0.5195832095904405
9291,,0.2488643750225521
9292,,0.28575384483775756
9293,,0.48327315301119456
9294,,0.28596355964827
9295,,0.28823635292611866
9296,,0.3556229550764313
9297,,0.24346468304990748
9298,,0.406729434166647
9299,,0.3015683429311438
9300,,0.11480089423717382
9301,,0.6010792162109919
9302,,0.11389509766518666
9303,,0.11451878482683137
9304,,0.1146178282483025
9305,,0.11481470042715167
9306,,0.11368257380422814
9307,,0.11416846670128065
9308,,0.11514086700206907
9309,,0.11358880024319477
9310,,-0.020750964312461415
9311,,0.5329809235428471
9312,,-0.021525892630039824
9313,,-0.021293240575656663
9314,,-0.01682670850517671
9315,,-0.018310464623892617
9316,,-0.021277667966860113
9317,,-0.019705164183309084
9318,,-0.017536434015852774
9319,,-0.021165954323080726
9320,,-0.0078082566641850485
9321,,0.4334938422984448
9322,,-0.00906653167417074
9323,,-0.008486129622684111
9324,,-0.004128543290271496
9325,,-0.005631010495639284
9326,,-0.008464445616802686
9327,,-0.0068095416778272255
9328,,-0.0053313325724021095
9329,,-0.007484542398357063
9330,,-0.017014564715752856
9331,,0.5390531645773585
9332,,-0.017707545486962833
9333,,-0.017481729159737152
9334,,-0.013020144393601111
9335,,-0.014505514481990077
9336,,-0.017511551616462263
9337,,-0.0159656728399147
9338,,-0.013733131291070446
9339,,-0.017411719224824852
9340,,0.08918133209358031
9341,,0.8284499844145221
9342,,0.08851997179435289
9343,,0.08885877139900952
9344,,0.0902424454995545
9345,,0.0892937374093335
9346,,0.0884806797618298
9347,,0.08983421802840277
9348,,0.09011308384771108
9349,,0.08755891538862651
9350,,-0.014872523694242669
9351,,0.40235489782479406
9352,,-0.016763098195165655
9353,,-0.016112461426276987
9354,,-0.011241499015755265
9355,,-0.012802523744818741
9356,,-0.015671602817503405
9357,,-0.013961794359381288
9358,,-0.012811138515017063
9359,,-0.014722809316102108
9360,,0.1853210074951639
9361,,0.5858082311772189
9362,,0.1851159344326032
9363,,0.18688611375087083
9364,,0.18573934717420648
9365,,0.185698740147318
9366,,0.1845644959134022
9367,,0.18465009174828206
9368,,0.18564495401300596
9369,,0.1835552478725079
9370,,0.07834818528456544
9371,,0.5686577749484825
9372,,0.07844285649397023
9373,,0.07893285994316862
9374,,0.08023114405848307
9375,,0.07986451529260767
9376,,0.0776953228356665
9377,,0.0781731829939484
9378,,0.08017078196560459
9379,,0.07792586114111462
9380,,0.1263390157914032
9381,,0.6209721667346193
9382,,0.12577184282105994
9383,,0.1271309385885793
9384,,0.12786961426859755
9385,,0.1274983684956976
9386,,0.1255912777240984
9387,,0.125958869076689
9388,,0.12734561687215087
9389,,0.12545371793166063
9390,,0.009341244552982906
9391,,0.40351431736176846
9392,,0.008407265317081858
9393,,0.009140019001009535
9394,,0.012944727213125964
9395,,0.011538989443376871
9396,,0.008563966957459871
9397,,0.009981028250760813
9398,,0.012145205056468917
9399,,0.009754633511374369
9400,,0.5125348360451816
9401,,0.4860662559193286
9402,,0.478442754484778
9403,,0.5111807544642273
9404,,0.5742662754828667
9405,,0.580080395086986
9406,,0.6589135750146522
9407,,0.4884695801478025
9408,,0.7479258584661179
9409,,0.7033245701275244
9410,,0.6698165904244977
9411,,0.26163645521839296
9412,,0.2915178465973429
9413,,0.6128941404754802
9414,,0.3286191588331706
9415,,0.3298562178120116
9416,,0.2637621928751977
9417,,0.2917560337949828
9418,,0.47632945056956766
9419,,0.28295156271888433
9420,,0.5683168017776628
9421,,0.3977545606816735
9422,,0.3852642239827817
9423,,0.5768313927531943
9424,,0.5041457387823727
9425,,0.5088553772622815
9426,,0.4525226158087356
9427,,0.38411595077189364
9428,,0.9134491686142767
9429,,0.5330132623061155
9430,,0.6701100000109461
9431,,0.2583448152651324
9432,,0.2888235317916571
9433,,0.6117789525667612
9434,,0.325555486079542
9435,,0.32654480010942016
9436,,0.2583547721982207
9437,,0.2880230198076568
9438,,0.46958570792150034
9439,,0.2786826243914899
9440,,0.8213846740757476
9441,,0.4437393146760194
9442,,0.46943727229639265
9443,,0.7703618284750535
9444,,0.4544983820082694
9445,,0.4605307652875826
9446,,0.5910125197625862
9447,,0.4239551545424128
9448,,0.4764082457011879
9449,,0.6088410933964385
9450,,0.5404062137304886
9451,,0.38468334690957473
9452,,0.37692991454257263
9453,,0.5465702213742574
9454,,0.49006187839282467
9455,,0.49401120950820787
9456,,0.4224105086966947
9457,,0.3766787327630302
9458,,0.8808074194145789
9459,,0.49771033817758736
9460,,0.585296475214046
9461,,0.5907746085955186
9462,,0.5456818532360728
9463,,0.5916072179964369
9464,,0.6099919843733064
9465,,0.6190307258091782
9466,,0.6345039638302499
9467,,0.5474377524185801
9468,,0.7124446279502846
9469,,0.7077952405456231
9470,,0.6111405645937845
9471,,0.5155595394986002
9472,,0.48884272480464724
9473,,0.613354446290766
9474,,0.5587716953466624
9475,,0.5642705379542737
9476,,0.6059148035963904
9477,,0.46264895205296375
9478,,0.8283924382623848
9479,,0.6819739017116477
9480,,0.6349114236739244
9481,,0.5600748333229135
9482,,0.5295246038493328
9483,,0.6374655111102234
9484,,0.600911409423435
9485,,0.6069116941793598
9486,,0.6566966640962737
9487,,0.5104475623014143
9488,,0.7972898348226632
9489,,0.7464657734155824
9490,,0.6243012900578044
9491,,0.4484409431550427
9492,,0.4285661574855807
9493,,0.6335023453114295
9494,,0.5532677435467386
9495,,0.5584430384663771
9496,,0.4172699055912672
9497,,0.43894909620234773
9498,,0.9854099322243263
9499,,0.5070280915928064
9500,,0.32866132948010046
9501,,0.553127648505072
9502,,0.6299713167058185
9503,,0.30971277765096317
9504,,0.6540959385581937
9505,,0.33095683098048456
9506,,0.3522605551249065
9507,,0.6833247727806547
9508,,0.4960640415073787
9509,,0.32266774945137855
9510,,0.6519397170506602
9511,,0.5652919347017478
9512,,0.2938406938047191
9513,,0.5922084472985367
9514,,0.31812832752606346
9515,,0.6611502723960225
9516,,0.7634591430539683
9517,,0.3402925551644612
9518,,0.4734761972828513
9519,,0.6260747185661766
9520,,0.3721653557592127
9521,,0.4193108021802686
9522,,0.49056077479527904
9523,,0.35283066455655826
9524,,0.5230374712381609
9525,,0.37638810870431283
9526,,0.3942811626657045
9527,,0.5494479804729633
9528,,0.3510097029417112
9529,,0.3662339371801906
9530,,0.6520545822877245
9531,,0.5680002615316335
9532,,0.2905177971476238
9533,,0.5915873616555186
9534,,0.3138355326857587
9535,,0.6609671790167624
9536,,0.7658688630203436
9537,,0.33554312965645494
9538,,0.47684112963675274
9539,,0.6257443019113267
9540,,0.5620470418779013
9541,,0.7417504852957609
9542,,0.49818500180688097
9543,,0.5033530688537167
9544,,0.510161181904715
9545,,0.5659960958820057
9546,,0.6578723793491811
9547,,0.5413254451958407
9548,,0.6228866215200852
9549,,0.5344923255472456
9550,,0.4083249022688331
9551,,0.440452353199269
9552,,0.501500168633389
9553,,0.3905810750607202
9554,,0.53201684400113
9555,,0.41056795301142457
9556,,0.42185784948949057
9557,,0.5619125698136269
9558,,0.3776905225668469
9559,,0.40234390444350643
9560,,0.3251357617217294
9561,,0.504052061135201
9562,,0.6184996373619304
9563,,0.30590541577597985
9564,,0.6425615066744055
9565,,0.3270248695178971
9566,,0.33877388775337874
9567,,0.6434690175455577
9568,,0.42197498188708127
9569,,0.3194012581023601
9570,,0.3440867666746403
9571,,0.5273723506945828
9572,,0.6122980876777633
9573,,0.32674350867089574
9574,,0.6419882820467031
9575,,0.34556622212084054
9576,,0.3587295259793969
9577,,0.6711852741226376
9578,,0.455792891599996
9579,,0.3379830138384581
9580,,0.3465427440627057
9581,,0.5261126042088753
9582,,0.6182154460117568
9583,,0.3294384069637088
9584,,0.6425194365465712
9585,,0.34661107579957884
9586,,0.3560687358900216
9587,,0.6842984513498601
9588,,0.44879745651242275
9589,,0.3406048921571159
9590,,0.40941041760039343
9591,,0.4556725734480563
9592,,0.5247848737462719
9593,,0.38865924083715586
9594,,0.5573007902340728
9595,,0.41241857388931835
9596,,0.43273417998153496
9597,,0.598778018774718
9598,,0.382249062723356
9599,,0.40184960658151614
9600,,0.01460460397941329
9601,,0.6107871579932694
9602,,0.012535621791769154
9603,,0.013069067876024396
9604,,0.019214688784528217
9605,,0.017997588510084615
9606,,0.014360070336002421
9607,,0.015797395129065774
9608,,0.017221721603660426
9609,,0.01619933548083566
9610,,0.2675427856568605
9611,,0.4753761975717866
9612,,0.2654402421655424
9613,,0.2675627086792156
9614,,0.2661965887565949
9615,,0.2670280719406533
9616,,0.2668151206931846
9617,,0.26639163538294686
9618,,0.2660450487973123
9619,,0.26574907460166053
9620,,0.39561426188469545
9621,,0.4081429018288393
9622,,0.39382161481377487
9623,,0.39533020020976883
9624,,0.39344145905778605
9625,,0.39413654180723
9626,,0.3951779292866777
9627,,0.39577884717360867
9628,,0.3945325698291322
9629,,0.39501931436236754
9630,,0.0031662847992972917
9631,,0.5700611532737756
9632,,0.0013738284649366158
9633,,0.0019200828105571267
9634,,0.007792457412239547
9635,,0.0065875361053512604
9636,,0.0030012360389282417
9637,,0.004237241317890845
9638,,0.0058114929357659766
9639,,0.004716317108610656
9640,,0.017967214559287754
9641,,0.6156165207248423
9642,,0.015938346381431295
9643,,0.01650682120035881
9644,,0.022456039259340078
9645,,0.021286351362271194
9646,,0.01768285703172356
9647,,0.019205101208952628
9648,,0.020620327761435447
9649,,0.0195610095931098
9650,,0.3021922962747604
9651,,0.44163601567230526
9652,,0.29736550531591965
9653,,0.29724650804231145
9654,,0.30296279810566706
9655,,0.3032555554778438
9656,,0.3012965132532256
9657,,0.30378543206788555
9658,,0.3005576307310708
9659,,0.30177296295596745
9660,,0.009257468633895313
9661,,0.5729405721003492
9662,,0.00750428971315383
9663,,0.008103542458293023
9664,,0.013850114232597362
9665,,0.012685484705975131
9666,,0.009069244092501729
9667,,0.010344756051207382
9668,,0.011958994051620674
9669,,0.01083369867195102
9670,,0.007947357579272061
9671,,0.5720967761686863
9672,,0.0062549092458303035
9673,,0.006798821341295926
9674,,0.012491021589210156
9675,,0.011322360043069357
9676,,0.007759912188908834
9677,,0.009067102310240627
9678,,0.010681127814131702
9679,,0.009496114293872628
9680,,0.016249136068129607
9681,,0.6115863401569974
9682,,0.014210926280619315
9683,,0.014809338163119957
9684,,0.020609088211331304
9685,,0.019401493072114816
9686,,0.015959702540727518
9687,,0.01752576270023374
9688,,0.01885458015647955
9689,,0.01777914641099087
9690,,0.42402477480778705
9691,,0.671900337255169
9692,,0.42235821060333445
9693,,0.42244770579075097
9694,,0.4256956491584325
9695,,0.42504192020517173
9696,,0.42299666449657936
9697,,0.42646594545785416
9698,,0.4257394546027865
9699,,0.42483703912198284
9700,,0.656553024351276
9701,,0.35068169382192993
9702,,0.40941285086047524
9703,,0.6447437390253354
9704,,0.36647587213660143
9705,,0.367331208897888
9706,,0.42683991797490994
9707,,0.2994807420115414
9708,,0.4762350861582161
9709,,0.3931636170117643
9710,,0.37805610942214674
9711,,0.44922642957094727
9712,,0.5036252491834755
9713,,0.36755524167141096
9714,,0.37736097951064707
9715,,0.3821396298988893
9716,,0.6285814661263693
9717,,0.4406434454945357
9718,,0.2806209524477876
9719,,0.6335821887958091
9720,,0.3269896590219875
9721,,0.5796699001531138
9722,,0.6227010784917684
9723,,0.3183139888965901
9724,,0.5073440655304418
9725,,0.5104647049507227
9726,,0.5622247764162889
9727,,0.557162473306925
9728,,0.25893809691284025
9729,,0.5441427408844315
9730,,0.6056366948743456
9731,,0.31889002662623905
9732,,0.3693423423363462
9733,,0.5795452315048445
9734,,0.38174478335835554
9735,,0.3829242222663425
9736,,0.37935690016280543
9737,,0.3120572763758655
9738,,0.5096722697016871
9739,,0.35158104993283684
9740,,0.6700198215836731
9741,,0.3551003539817612
9742,,0.4162514659198306
9743,,0.6643089231211899
9744,,0.3582908657281899
9745,,0.35998974763037983
9746,,0.4391014577741717
9747,,0.29520750788038613
9748,,0.47260235649884397
9749,,0.4026815089933033
9750,,0.3091732036388067
9751,,0.4354757060537485
9752,,0.48610800823382744
9753,,0.30176673374620666
9754,,0.4549131935768766
9755,,0.4460289945426527
9756,,0.33605210671485664
9757,,0.39815069243366835
9758,,0.1749970522499245
9759,,0.309134397198805
9760,,0.6064966973987358
9761,,0.3162376498113031
9762,,0.36727078382365536
9763,,0.5842178071461419
9764,,0.3775485124137188
9765,,0.37889207184989576
9766,,0.38267434724923033
9767,,0.3080127644144596
9768,,0.5093593991404725
9769,,0.35274219093612236
9770,,0.6101028776351343
9771,,0.31789216531989717
9772,,0.3664140213523577
9773,,0.5880975500954857
9774,,0.3771998590043295
9775,,0.3788929910202463
9776,,0.3802744051279455
9777,,0.3085698006357961
9778,,0.5107920664360914
9779,,0.35140861353023467
9780,,0.6836161540056329
9781,,0.3510401947749863
9782,,0.41097303789406714
9783,,0.6814388698809282
9784,,0.346549815418026
9785,,0.3489686715624932
9786,,0.4427180422652074
9787,,0.2870304436123767
9788,,0.46518559065950016
9789,,0.40237362942973265
9790,,0.5752357085312939
9791,,0.5706434001154483
9792,,0.6119429188859877
9793,,0.5699450788415312
9794,,0.5570484857964317
9795,,0.5641483066874695
9796,,0.4369122498099496
9797,,0.5166577656428883
9798,,0.39313695849239544
9799,,0.4543925924222487
9800,,0.6989669433083802
9801,,0.590469388521008
9802,,0.4311043429770781
9803,,0.6710806948666803
9804,,0.45385503132245286
9805,,0.6976082809105562
9806,,0.7314917357903463
9807,,0.44628126697782683
9808,,0.5573322086198357
9809,,0.6854890627489376
9810,,0.16886398999188224
9811,,0.44605701231226697
9812,,0.5234229499366345
9813,,0.15691844497330595
9814,,0.5056123658846912
9815,,0.16537136751870796
9816,,0.1918071100861371
9817,,0.5266511592715104
9818,,0.44142088444342586
9819,,0.16284334705311587
9820,,0.14707828844965953
9821,,0.4371217899349715
9822,,0.5585626872320875
9823,,0.13699330610366367
9824,,0.5497343782171464
9825,,0.1428545960296272
9826,,0.1729444268114983
9827,,0.4722802138855625
9828,,0.39276262151467967
9829,,0.14146767817563097
9830,,0.7338842501668631
9831,,0.610338491211764
9832,,0.45401999841802376
9833,,0.7064585782357318
9834,,0.476180706188315
9835,,0.7327292673166681
9836,,0.7668749554721233
9837,,0.4768399082557308
9838,,0.5805377298571537
9839,,0.7197169371640062
9840,,0.6863909099282302
9841,,0.5826880241243639
9842,,0.4276719930416512
9843,,0.657800510623533
9844,,0.4506055516469476
9845,,0.685734207008949
9846,,0.7206661228843401
9847,,0.43908638699631086
9848,,0.5473183309381564
9849,,0.6723956734879555
9850,,0.3916699226732444
9851,,0.4605495585581053
9852,,0.5104881491528198
9853,,0.4081522870892297
9854,,0.4987181468204726
9855,,0.3853795818422891
9856,,0.38807923914816617
9857,,0.44339683134065083
9858,,0.48421487070959196
9859,,0.39800698766438036
9860,,0.7338147844114657
9861,,0.6093521554812231
9862,,0.45633004276775774
9863,,0.7065539348660103
9864,,0.4778223087068273
9865,,0.7325109448718172
9866,,0.7663638997732817
9867,,0.4776281827992158
9868,,0.581326214849647
9869,,0.7198739472311647
9870,,0.7330010170978707
9871,,0.6077332282343094
9872,,0.45443522178044826
9873,,0.7057180862402137
9874,,0.47587730777453263
9875,,0.7320708602881754
9876,,0.7668873121202185
9877,,0.4750923341269773
9878,,0.5782663659345857
9879,,0.7196701583267737
9880,,0.6853417259532817
9881,,0.582227839299789
9882,,0.42301593489431943
9883,,0.655493620276181
9884,,0.4460821883713073
9885,,0.6853825442945692
9886,,0.7230737226659227
9887,,0.43259511400719786
9888,,0.5451677244252813
9889,,0.6714783477299979
9890,,0.4619034670904477
9891,,0.5785195951782459
9892,,0.49697091390496895
9893,,0.43195775333010156
9894,,0.4988454803362417
9895,,0.45622910203245537
9896,,0.505033588946163
9897,,0.4297289868751777
9898,,0.4606788377303048
9899,,0.4444458458482762
9900,,0.34479425409553055
9901,,0.6324453342141088
9902,,0.4097403328113154
9903,,0.6383475092136558
9904,,0.5937937192269527
9905,,0.40065710857205566
9906,,0.3681083518274944
9907,,0.4086650792368368
9908,,0.41414127926718297
9909,,0.4629206646949835
9910,,0.38130439400708555
9911,,0.1555524792222742
9912,,0.243245139777387
9913,,0.15895603230354358
9914,,0.3810360029748486
9915,,0.2261513936339133
9916,,0.37632581740600346
9917,,0.36809281065629185
9918,,0.40724474043035935
9919,,0.2822394389970298
9920,,0.3304644745763678
9921,,0.13219467520684725
9922,,0.2303879449940374
9923,,0.13825039291164373
9924,,0.3239372143135409
9925,,0.2217441554909133
9926,,0.3699069512981899
9927,,0.33135098036178495
9928,,0.354573655773333
9929,,0.2582627580162114
9930,,0.36294361971900535
9931,,0.6602181290580453
9932,,0.4379170832929186
9933,,0.6654028699150956
9934,,0.5813597275907858
9935,,0.42802629831288125
9936,,0.3518394368788387
9937,,0.39770566669468577
9938,,0.40296450442384346
9939,,0.49576820685654654
9940,,0.3428582667424193
9941,,0.625997371883532
9942,,0.40779125212494727
9943,,0.6313401509213339
9944,,0.5962616363221113
9945,,0.39812907295932615
9946,,0.37263601514216826
9947,,0.4117200246993262
9948,,0.41545188415666146
9949,,0.4590361144070165
9950,,0.1962050815423519
9951,,0.2990216814837222
9952,,0.1564050463741699
9953,,0.30606683394524525
9954,,0.34227136880758646
9955,,0.20836511532163937
9956,,0.22121370831571774
9957,,0.19312045576191603
9958,,0.21481434949436176
9959,,0.1688160333437702
9960,,0.36598425514616983
9961,,0.6586523557303099
9962,,0.4404830866450597
9963,,0.6626129705369457
9964,,0.5808622872234732
9965,,0.4277397464614393
9966,,0.3563219521046149
9967,,0.3974140182703871
9968,,0.40306970924780816
9969,,0.4957523987544979
9970,,0.3652305614889747
9971,,0.6592809222877306
9972,,0.4426059969015521
9973,,0.6638545197699979
9974,,0.5824305584671773
9975,,0.4291963886870878
9976,,0.359065484225699
9977,,0.3973659723620213
9978,,0.40345009178222524
9979,,0.4970233371166261
9980,,0.34264232743793366
9981,,0.6286879631761435
9982,,0.40650466589743617
9983,,0.6329564426245132
9984,,0.6046571537302575
9985,,0.3934799796248956
9986,,0.3778621311206306
9987,,0.4096848827178684
9988,,0.4122438945197596
9989,,0.45370224843585016
9990,,0.3624769631827868
9991,,0.48336718333379075
9992,,0.3379952314281146
9993,,0.4911984494185394
9994,,0.5892707117491021
9995,,0.3424258019876081
9996,,0.42336078389655063
9997,,0.39596867635512956
9998,,0.41389449482142815
9999,,0.3665158640740215
