,Time,Original,Shuffled
0,0.5,,
1,0.5,,
2,0.5,,
3,0.5,,
4,0.5,,
5,0.5,,
6,0.5,,
7,0.5,,
8,0.5,,
9,0.5,,
10,0.5,,
11,0.5,,
12,0.5,,
13,0.5,,
14,0.5,,
15,0.5,,
16,0.5,,
17,0.5,,
18,0.5,,
19,0.5,,
20,0.5,,
21,0.5,,
22,0.5,,
23,0.5,,
24,0.5,,
25,0.5,,
26,0.5,,
27,0.5,,
28,0.5,,
29,0.5,,
30,0.5,,
31,0.5,,
32,0.5,,
33,0.5,,
34,0.5,,
35,0.5,,
36,0.5,,
37,0.5,,
38,0.5,,
39,0.5,,
40,0.5,,
41,0.5,,
42,0.5,,
43,0.5,,
44,0.5,,
45,0.5,,
46,0.5,,
47,0.5,,
48,0.5,,
49,0.5,,
50,0.5,,
51,0.5,,
52,0.5,,
53,0.5,,
54,0.5,,
55,0.5,,
56,0.5,,
57,0.5,,
58,0.5,,
59,0.5,,
60,0.5,,
61,0.5,,
62,0.5,,
63,0.5,,
64,0.5,,
65,0.5,,
66,0.5,,
67,0.5,,
68,0.5,,
69,0.5,,
70,0.5,,
71,0.5,,
72,0.5,,
73,0.5,,
74,0.5,,
75,0.5,,
76,0.5,,
77,0.5,,
78,0.5,,
79,0.5,,
80,0.5,,
81,0.5,,
82,0.5,,
83,0.5,,
84,0.5,,
85,0.5,,
86,0.5,,
87,0.5,,
88,0.5,,
89,0.5,,
90,0.5,,
91,0.5,,
92,0.5,,
93,0.5,,
94,0.5,,
95,0.5,,
96,0.5,,
97,0.5,,
98,0.5,,
99,0.5,,
100,0.5,,
101,0.5,,
102,0.5,,
103,0.5,,
104,0.5,,
105,0.5,,
106,0.5,,
107,0.5,,
108,0.5,,
109,0.5,,
110,0.5,,
111,0.5,,
112,0.5,,
113,0.5,,
114,0.5,,
115,0.5,,
116,0.5,,
117,0.5,,
118,0.5,,
119,0.5,,
120,0.5,,
121,0.5,,
122,0.5,,
123,0.5,,
124,0.5,,
125,0.5,,
126,0.5,,
127,0.5,,
128,0.5,,
129,0.5,,
130,0.5,,
131,0.5,,
132,0.5,,
133,0.5,,
134,0.5,,
135,0.5,,
136,0.5,,
137,0.5,,
138,0.5,,
139,0.5,,
140,0.5,,
141,0.5,,
142,0.5,,
143,0.5,,
144,0.5,,
145,0.5,,
146,0.5,,
147,0.5,,
148,0.5,,
149,0.5,,
150,0.5,,
151,0.5,,
152,0.5,,
153,0.5,,
154,0.5,,
155,0.5,,
156,0.5,,
157,0.5,,
158,0.5,,
159,0.5,,
160,0.5,,
161,0.5,,
162,0.5,,
163,0.5,,
164,0.5,,
165,0.5,,
166,0.5,,
167,0.5,,
168,0.5,,
169,0.5,,
170,0.5,,
171,0.5,,
172,0.5,,
173,0.5,,
174,0.5,,
175,0.5,,
176,0.5,,
177,0.5,,
178,0.5,,
179,0.5,,
180,0.5,,
181,0.5,,
182,0.5,,
183,0.5,,
184,0.5,,
185,0.5,,
186,0.5,,
187,0.5,,
188,0.5,,
189,0.5,,
190,0.5,,
191,0.5,,
192,0.5,,
193,0.5,,
194,0.5,,
195,0.5,,
196,0.5,,
197,0.5,,
198,0.5,,
199,0.5,,
200,0.5,,
201,0.5,,
202,0.5,,
203,0.5,,
204,0.5,,
205,0.5,,
206,0.5,,
207,0.5,,
208,0.5,,
209,0.5,,
210,0.5,,
211,0.5,,
212,0.5,,
213,0.5,,
214,0.5,,
215,0.5,,
216,0.5,,
217,0.5,,
218,0.5,,
219,0.5,,
220,0.5,,
221,0.5,,
222,0.5,,
223,0.5,,
224,0.5,,
225,0.5,,
226,0.5,,
227,0.5,,
228,0.5,,
229,0.5,,
230,0.5,,
231,0.5,,
232,0.5,,
233,0.5,,
234,0.5,,
235,0.5,,
236,0.5,,
237,0.5,,
238,0.5,,
239,0.5,,
240,0.5,,
241,0.5,,
242,0.5,,
243,0.5,,
244,0.5,,
245,0.5,,
246,0.5,,
247,0.5,,
248,0.5,,
249,0.5,,
250,0.5,,
251,0.5,,
252,0.5,,
253,0.5,,
254,0.5,,
255,0.5,,
256,0.5,,
257,0.5,,
258,0.5,,
259,0.5,,
260,0.5,,
261,0.5,,
262,0.5,,
263,0.5,,
264,0.5,,
265,0.5,,
266,0.5,,
267,0.5,,
268,0.5,,
269,0.5,,
270,0.5,,
271,0.5,,
272,0.5,,
273,0.5,,
274,0.5,,
275,0.5,,
276,0.5,,
277,0.5,,
278,0.5,,
279,0.5,,
280,0.5,,
281,0.5,,
282,0.5,,
283,0.5,,
284,0.5,,
285,0.5,,
286,0.5,,
287,0.5,,
288,0.5,,
289,0.5,,
290,0.5,,
291,0.5,,
292,0.5,,
293,0.5,,
294,0.5,,
295,0.5,,
296,0.5,,
297,0.5,,
298,0.5,,
299,0.5,,
300,0.5,,
301,0.5,,
302,0.5,,
303,0.5,,
304,0.5,,
305,0.5,,
306,0.5,,
307,0.5,,
308,0.5,,
309,0.5,,
310,0.5,,
311,0.5,,
312,0.5,,
313,0.5,,
314,0.5,,
315,0.5,,
316,0.5,,
317,0.5,,
318,0.5,,
319,0.5,,
320,0.5,,
321,0.5,,
322,0.5,,
323,0.5,,
324,0.5,,
325,0.5,,
326,0.5,,
327,0.5,,
328,0.5,,
329,0.5,,
330,0.5,,
331,0.5,,
332,0.5,,
333,0.5,,
334,0.5,,
335,0.5,,
336,0.5,,
337,0.5,,
338,0.5,,
339,0.5,,
340,0.5,,
341,0.5,,
342,0.5,,
343,0.5,,
344,0.5,,
345,0.5,,
346,0.5,,
347,0.5,,
348,0.5,,
349,0.5,,
350,0.5,,
351,0.5,,
352,0.5,,
353,0.5,,
354,0.5,,
355,0.5,,
356,0.5,,
357,0.5,,
358,0.5,,
359,0.5,,
360,0.5,,
361,0.5,,
362,0.5,,
363,0.5,,
364,0.5,,
365,0.5,,
366,0.5,,
367,0.5,,
368,0.5,,
369,0.5,,
370,0.5,,
371,0.5,,
372,0.5,,
373,0.5,,
374,0.5,,
375,0.5,,
376,0.5,,
377,0.5,,
378,0.5,,
379,0.5,,
380,0.5,,
381,0.5,,
382,0.5,,
383,0.5,,
384,0.5,,
385,0.5,,
386,0.5,,
387,0.5,,
388,0.5,,
389,0.5,,
390,0.5,,
391,0.5,,
392,0.5,,
393,0.5,,
394,0.5,,
395,0.5,,
396,0.5,,
397,0.5,,
398,0.5,,
399,0.5,,
400,0.5,,
401,0.5,,
402,0.5,,
403,0.5,,
404,0.5,,
405,0.5,,
406,0.5,,
407,0.5,,
408,0.5,,
409,0.5,,
410,0.5,,
411,0.5,,
412,0.5,,
413,0.5,,
414,0.5,,
415,0.5,,
416,0.5,,
417,0.5,,
418,0.5,,
419,0.5,,
420,0.5,,
421,0.5,,
422,0.5,,
423,0.5,,
424,0.5,,
425,0.5,,
426,0.5,,
427,0.5,,
428,0.5,,
429,0.5,,
430,0.5,,
431,0.5,,
432,0.5,,
433,0.5,,
434,0.5,,
435,0.5,,
436,0.5,,
437,0.5,,
438,0.5,,
439,0.5,,
440,0.5,,
441,0.5,,
442,0.5,,
443,0.5,,
444,0.5,,
445,0.5,,
446,0.5,,
447,0.5,,
448,0.5,,
449,0.5,,
450,0.5,,
451,0.5,,
452,0.5,,
453,0.5,,
454,0.5,,
455,0.5,,
456,0.5,,
457,0.5,,
458,0.5,,
459,0.5,,
460,0.5,,
461,0.5,,
462,0.5,,
463,0.5,,
464,0.5,,
465,0.5,,
466,0.5,,
467,0.5,,
468,0.5,,
469,0.5,,
470,0.5,,
471,0.5,,
472,0.5,,
473,0.5,,
474,0.5,,
475,0.5,,
476,0.5,,
477,0.5,,
478,0.5,,
479,0.5,,
480,0.5,,
481,0.5,,
482,0.5,,
483,0.5,,
484,0.5,,
485,0.5,,
486,0.5,,
487,0.5,,
488,0.5,,
489,0.5,,
490,0.5,,
491,0.5,,
492,0.5,,
493,0.5,,
494,0.5,,
495,0.5,,
496,0.5,,
497,0.5,,
498,0.5,,
499,0.5,,
500,1.0,0.21048035952293473,0.02163182911734083
501,1.0,0.17512246596682443,0.02354188390833944
502,1.0,0.19528350046526816,0.026104954467554852
503,1.0,0.18918751684350185,0.025973964121772816
504,1.0,0.17457954818279897,0.024686768812027537
505,1.0,0.1756210111218827,0.0245365317001242
506,1.0,0.17207258845217657,0.023548008927041536
507,1.0,0.2195277151507581,0.024871925179195977
508,1.0,0.19683086148230292,0.029127177188386925
509,1.0,0.19209682783183907,0.026693258651910027
510,1.0,0.25721618386408185,0.027369873739794652
511,1.0,0.22611490401132617,0.024229187780665018
512,1.0,0.22400645352133045,0.02409329239739032
513,1.0,0.22758558255737638,0.024595164591062344
514,1.0,0.284496714920822,0.028548004834186784
515,1.0,0.2582048428756348,0.026884657639174088
516,1.0,0.22633360032233396,0.023025952281903444
517,1.0,0.2590092557292734,0.02817137750333713
518,1.0,0.23080630767665472,0.030807165932082794
519,1.0,0.22645209394570046,0.02301227964198215
520,1.0,0.17216973254716497,0.025560527899211167
521,1.0,0.23033448995200442,0.025880174735096365
522,1.0,0.20422981419148142,0.030363878537503254
523,1.0,0.18485046319225076,0.025177914531773937
524,1.0,0.17216973254716497,0.026426039874548002
525,1.0,0.18485046319225076,0.025104647750274347
526,1.0,0.21815455800791256,0.028882070328465646
527,1.0,0.20791554505484097,0.023698023734465588
528,1.0,0.2236299424182376,0.022687981531019363
529,1.0,0.18485046319225076,0.02751835025899148
530,1.0,0.0966134465900234,0.025158471211189623
531,1.0,0.09716714546705807,0.026567186150237405
532,1.0,0.1331948603809404,0.019273629449770034
533,1.0,0.13439249417730043,0.019353242655757094
534,1.0,0.13192273922054815,0.019948834209278524
535,1.0,0.10155204286212408,0.02216123123854212
536,1.0,0.1375167868976116,0.021904717713977402
537,1.0,0.13160299031024825,0.02064428334506418
538,1.0,0.1351730108458929,0.020680784303136898
539,1.0,0.13452206158794475,0.020556547546704
540,1.0,0.22744536222149145,0.029940416198468635
541,1.0,0.15370565169440292,0.02639293318138344
542,1.0,0.15258945281558364,0.024432489011106638
543,1.0,0.15204654319324581,0.02460795574662221
544,1.0,0.12330261464562325,0.01764352742905978
545,1.0,0.12330261464562325,0.015373415933054132
546,1.0,0.15219831914204596,0.025875669417806304
547,1.0,0.14721546703674146,0.022998488173166125
548,1.0,0.14816476749685997,0.020781653214011216
549,1.0,0.12357298640095023,0.017425121200480467
550,1.0,0.24522559046162903,0.020743595494391996
551,1.0,0.24832757185999244,0.019302631134938332
552,1.0,0.2841072879156087,0.019332735654985975
553,1.0,0.2787537544826641,0.021270976754559585
554,1.0,0.25912244809830054,0.023647533571527407
555,1.0,0.251548174821679,0.01950023609445629
556,1.0,0.2571545466444508,0.02058734550168374
557,1.0,0.2594340848379307,0.01881792222891149
558,1.0,0.244778458794646,0.021440349628956804
559,1.0,0.29050692088134505,0.021031653975618476
560,1.0,0.1966418830918733,0.02368607655883476
561,1.0,0.2158626228908974,0.024255831470827712
562,1.0,0.23922090592182824,0.024679821443888195
563,1.0,0.2519157107442803,0.026168216024138147
564,1.0,0.19860014575505047,0.02435990583158604
565,1.0,0.23285060528845797,0.02722848247495987
566,1.0,0.23108841032576188,0.027418232806228356
567,1.0,0.2508394471216182,0.02613015492369477
568,1.0,0.2593316022924386,0.02928815147589567
569,1.0,0.23795756230191967,0.027767215460066257
570,1.0,0.24279750511628964,0.026225438831713674
571,1.0,0.25139505277556906,0.023969324655123112
572,1.0,0.2559280459779527,0.024468624146929508
573,1.0,0.20080597884903528,0.027138185915071195
574,1.0,0.2522875023135355,0.02643416081088069
575,1.0,0.2915496602767354,0.025199569499648307
576,1.0,0.2544905554652837,0.026807652433787747
577,1.0,0.21061738501534127,0.025075834303203502
578,1.0,0.21378316062184374,0.025554282470621727
579,1.0,0.21482452599633628,0.022843513542102463
580,1.0,0.2612354264068134,0.025226610820583417
581,1.0,0.23522755941088536,0.021594976204116358
582,1.0,0.2624735695468479,0.028016621744674664
583,1.0,0.21086074720129397,0.024607170200239795
584,1.0,0.26356980463873353,0.028990210945731038
585,1.0,0.2624735695468479,0.02659742362605812
586,1.0,0.18298311602220882,0.02789199642093065
587,1.0,0.16921486956400444,0.02369900562479166
588,1.0,0.2624735695468479,0.028630670960003927
589,1.0,0.26165923909136196,0.027308534160852552
590,1.0,0.20922106363408935,0.016861076697503707
591,1.0,0.20614398945261814,0.020240254758305827
592,1.0,0.20960274805507695,0.021601290731549393
593,1.0,0.21359247262611789,0.019352367885989256
594,1.0,0.21452651029204958,0.018638168673689257
595,1.0,0.25275737854920205,0.023205495822128674
596,1.0,0.20734698935033874,0.018260881348258203
597,1.0,0.2501344339517131,0.024156753777184396
598,1.0,0.2808187445832004,0.025753886955648043
599,1.0,0.2097984654534569,0.01916450749501874
600,1.0,0.1581319744150752,0.022596891552476923
601,1.0,0.15768897218445363,0.0226809179496361
602,1.0,0.12737628971702813,0.018819547425756675
603,1.0,0.1274267609693017,0.018186123902418395
604,1.0,0.16096225584431215,0.022582850241863277
605,1.0,0.12841296096210594,0.017200030006163696
606,1.0,0.1267247739098319,0.016989576249245405
607,1.0,0.12725018255396361,0.016867448172450325
608,1.0,0.14355658351516368,0.01767020723059382
609,1.0,0.15790177546518536,0.020629811895743776
610,1.0,0.2845121318070637,0.0253484682478324
611,1.0,0.1920038139314561,0.01956620361841401
612,1.0,0.29261059781154164,0.025135031596693416
613,1.0,0.2565894360957318,0.01945218931449991
614,1.0,0.2535977240184909,0.025118957725735733
615,1.0,0.28688161726804073,0.024993992334993734
616,1.0,0.2904733759595135,0.023912471811186806
617,1.0,0.2911961404813742,0.02321639329040955
618,1.0,0.27830725104135157,0.02038195389453393
619,1.0,0.28516957958238076,0.024615946079453128
620,1.0,0.18613535651621374,0.02142765172132172
621,1.0,0.18537068068721516,0.022733453580785507
622,1.0,0.18463140247350582,0.02137615071752255
623,1.0,0.18463140247350582,0.02279856494322401
624,1.0,0.18642388641424346,0.020855137064617044
625,1.0,0.20914744324612994,0.023485324445146134
626,1.0,0.18405921051924856,0.0238427345181768
627,1.0,0.18618662589789342,0.021904367929683876
628,1.0,0.22836551631862198,0.01803706625873744
629,1.0,0.19308183281590663,0.021939705583382683
630,1.0,0.22762829336120213,0.022492040819061095
631,1.0,0.2257197945567925,0.022859612218216765
632,1.0,0.16365697904511672,0.016832031961957587
633,1.0,0.23958564316908035,0.02074419920172091
634,1.0,0.22633426390372482,0.022371406590763306
635,1.0,0.22770184147370412,0.021460249319551407
636,1.0,0.16333751719800033,0.015508199592427453
637,1.0,0.1643021273568368,0.017719425093756375
638,1.0,0.23264491618705424,0.0252699323809232
639,1.0,0.16315018185564586,0.019091335923756923
640,1.0,0.23156412547584992,0.01914451653713979
641,1.0,0.22991470779260936,0.018354789307726917
642,1.0,0.22967329359217853,0.01591627372989755
643,1.0,0.23307671847352193,0.01807249317716039
644,1.0,0.23045876431891962,0.020350455461458018
645,1.0,0.23156412547584992,0.020110378244217963
646,1.0,0.23156412547584992,0.017836759363850284
647,1.0,0.20137881743837732,0.01803400264422176
648,1.0,0.23234476273241145,0.01888342821733161
649,1.0,0.23156412547584992,0.019929201085892117
650,1.0,0.16486342174918386,0.021430280045187183
651,1.0,0.16965931431289927,0.02139381220182242
652,1.0,0.17903695807457143,0.023426129281716706
653,1.0,0.17823792563227833,0.02201847267445579
654,1.0,0.16412917914196531,0.020866343330042638
655,1.0,0.16442025933750778,0.02260312532287329
656,1.0,0.16965931431289927,0.020538237593374906
657,1.0,0.17002399458986833,0.01937754725129861
658,1.0,0.17823792563227833,0.019693135716622692
659,1.0,0.23290253492820054,0.025067238576929197
660,1.0,0.1859015985310018,0.016705103766283345
661,1.0,0.26049297804094435,0.023840544531003625
662,1.0,0.2570878577747736,0.023241709323258312
663,1.0,0.2570425096198832,0.023698323419007728
664,1.0,0.26427813754814095,0.021856821428132535
665,1.0,0.1876643956231834,0.01585735853044552
666,1.0,0.1864188705562263,0.01590270505029414
667,1.0,0.25418310286798895,0.024842126773663067
668,1.0,0.25818131265732913,0.0243627779125187
669,1.0,0.2633879485592382,0.024321639604872537
670,1.0,0.2180642656701204,0.025793819035520152
671,1.0,0.18200467024073033,0.01868961589762253
672,1.0,0.21668418497732586,0.025962124508660835
673,1.0,0.22670860557241726,0.02574622184125944
674,1.0,0.2171590837451131,0.027572154503481078
675,1.0,0.1702334345268613,0.020780076173713476
676,1.0,0.1931749102812489,0.021200470905121668
677,1.0,0.18240611277633575,0.016846883746692635
678,1.0,0.18129826199930066,0.019149810206135633
679,1.0,0.1915355866129972,0.016594823627523354
680,1.0,0.1851894872038556,0.015245052789134631
681,1.0,0.18071054940626916,0.016372981139308563
682,1.0,0.18460320396565635,0.0196531830382144
683,1.0,0.17258225311356726,0.018531929530562763
684,1.0,0.1734357906739108,0.013104799954900683
685,1.0,0.18071054940626916,0.01818877971614887
686,1.0,0.21879500252445191,0.02002590374871916
687,1.0,0.1734357906739108,0.016277811550967056
688,1.0,0.18509939196608607,0.01677015284927903
689,1.0,0.1801998378818778,0.015793074837905187
690,1.0,0.18467020171586657,0.018536006567941986
691,1.0,0.13102756641957,0.019875539892423588
692,1.0,0.20697648325245924,0.018545655053161497
693,1.0,0.19548975635740037,0.018492542632039796
694,1.0,0.20604638170594994,0.021426413055599048
695,1.0,0.18245943496123843,0.0207567735974462
696,1.0,0.1834474044925194,0.018972890512883516
697,1.0,0.18380114096623565,0.01786391789398364
698,1.0,0.19548975635740037,0.02095466429134347
699,1.0,0.18534666188957769,0.018378111826205804
700,1.0,0.08692886041355467,0.012523763737103712
701,1.0,0.08380214222453797,0.01699311367799731
702,1.0,0.08706174043687494,0.01665159266404067
703,1.0,0.08692886041355467,0.01370140242245808
704,1.0,0.08730793944874848,0.012946933055467676
705,1.0,0.08712198909130787,0.014386950819235573
706,1.0,0.08716061478530567,0.01506719394582867
707,1.0,0.08664302061530932,0.017855113503527656
708,1.0,0.08664302061530932,0.014549198418842207
709,1.0,0.0867697027727046,0.014325661653843863
710,1.0,0.14707437590767328,0.018368413174193573
711,1.0,0.12323803557307417,0.01826674224346549
712,1.0,0.12302907097976684,0.020612528228040973
713,1.0,0.12433267181296692,0.017219518955608994
714,1.0,0.15108351979807247,0.016541976864560343
715,1.0,0.12561045800557635,0.019293042025268936
716,1.0,0.1425573055093479,0.018831951248571257
717,1.0,0.12510004802265037,0.016451521555607605
718,1.0,0.12459707771167222,0.01982045374008537
719,1.0,0.12552765345100178,0.01751289693113488
720,1.0,0.08958136020365494,0.017766751008522763
721,1.0,0.18384161468311044,0.025692156891141044
722,1.0,0.17047764051813574,0.021657680241145647
723,1.0,0.21305091536573798,0.026220854723801517
724,1.0,0.18060912953236463,0.024768553081875515
725,1.0,0.18358487123821504,0.026690272897453453
726,1.0,0.1011410012542477,0.017815572478793514
727,1.0,0.22021280020845577,0.02589784962816512
728,1.0,0.09020385537235298,0.016287617409871388
729,1.0,0.18207456691648924,0.021042312504792618
730,1.0,0.09444539254487719,0.018815778105856305
731,1.0,0.09280539118632633,0.018483780360927037
732,1.0,0.09280539118632633,0.020049544945931964
733,1.0,0.09453170393300289,0.018703486910687354
734,1.0,0.09224801614401155,0.014535419888841826
735,1.0,0.09327613835272493,0.01913801295857912
736,1.0,0.0929774720035693,0.01789742417143121
737,1.0,0.09007984032644797,0.018583452138081016
738,1.0,0.16049034718765848,0.024720039903299438
739,1.0,0.09280539118632633,0.02118774313974257
740,1.0,0.19572866080221082,0.017447983428853217
741,1.0,0.19647222497545735,0.017118421728219545
742,1.0,0.19647222497545735,0.019382207856518053
743,1.0,0.19682977741494098,0.019486869875688095
744,1.0,0.19762440583749513,0.018855183313651266
745,1.0,0.19511117908897366,0.019432806296356783
746,1.0,0.19647222497545735,0.020694307970485028
747,1.0,0.19647222497545735,0.01830919306874121
748,1.0,0.19634638800515997,0.019681476873987934
749,1.0,0.19647222497545735,0.01905895338864694
750,1.0,0.20485194503888424,0.017502460868002275
751,1.0,0.20721823838654904,0.018235992267489443
752,1.0,0.20291605766844042,0.02058797658967253
753,1.0,0.2094473653933206,0.020477711678393476
754,1.0,0.20453593719521768,0.020905893131246814
755,1.0,0.205485434837061,0.01989147091042367
756,1.0,0.2117274911186437,0.022525021565121456
757,1.0,0.20434869528749117,0.018908586098557098
758,1.0,0.20485194503888424,0.020329712544105576
759,1.0,0.206200450869244,0.019174769032258263
760,1.0,0.258170859748022,0.018859390314162006
761,1.0,0.25678315218771447,0.01928068040281722
762,1.0,0.24390258523236588,0.021023701176557254
763,1.0,0.27368817990225836,0.024789508922262293
764,1.0,0.26039508530935057,0.018841357957609817
765,1.0,0.2602095901757557,0.019803147848503993
766,1.0,0.26039508530935057,0.01847759749236489
767,1.0,0.24415380656033978,0.020010577002442118
768,1.0,0.2601620821829346,0.022582803650600374
769,1.0,0.24387415020606915,0.020642652168075638
770,1.0,0.23912031609921555,0.02084748270791029
771,1.0,0.2469714717906285,0.01733510281161925
772,1.0,0.2780256032871929,0.021407577280771917
773,1.0,0.24646137017553935,0.015937313662755928
774,1.0,0.29808366952813814,0.02629609729045473
775,1.0,0.27656553512524457,0.02194901912140681
776,1.0,0.2622989631681621,0.02138174015572594
777,1.0,0.24805205910457676,0.019670906071149425
778,1.0,0.25595340912573317,0.019531417811189264
779,1.0,0.24746091796654007,0.021552448098543658
780,1.0,0.20771862953685777,0.0266644943889585
781,1.0,0.1771398326824393,0.02631955010245395
782,1.0,0.2628564190322892,0.031921033514410946
783,1.0,0.14704649187539107,0.019184274790113483
784,1.0,0.14732327791671512,0.01819139963091814
785,1.0,0.17058477672694763,0.01785446778370284
786,1.0,0.1466595656232709,0.01588801908469833
787,1.0,0.16530748448457655,0.02626701787831137
788,1.0,0.18064727244266732,0.02853499813339841
789,1.0,0.14732327791671512,0.017347503900469904
790,1.0,0.18369692229725085,0.01656923017906478
791,1.0,0.23432109850575247,0.018837981428615046
792,1.0,0.24441871154395578,0.025301588783772408
793,1.0,0.16383027172962544,0.015921218968213188
794,1.0,0.18918575422081477,0.018251806524022224
795,1.0,0.19135337740894262,0.01742163909109252
796,1.0,0.1936576565231231,0.015847083865786576
797,1.0,0.16430197777485858,0.016362616508893653
798,1.0,0.19103344310743192,0.016363297382395153
799,1.0,0.19261722188465963,0.01713925697018176
800,1.0,0.1622322031497705,0.019706293938242855
801,1.0,0.11165732503302973,0.022586324061158083
802,1.0,0.11680334840663657,0.020460179516067524
803,1.0,0.18718694195075503,0.020280275530404592
804,1.0,0.11662739027893687,0.02177875292658499
805,1.0,0.1311336545937926,0.02322714393213803
806,1.0,0.1729239843040417,0.022057768542067476
807,1.0,0.14366382621906507,0.021532595570451073
808,1.0,0.20685897015176963,0.02299226414441315
809,1.0,0.15067529409882008,0.020345527929482726
810,1.0,0.1510563572545129,0.020001693739933643
811,1.0,0.14991184289931447,0.021284463116669972
812,1.0,0.1516547789747936,0.018565503695126686
813,1.0,0.15146399266440355,0.019002860581225713
814,1.0,0.1497323974429015,0.018600169609071668
815,1.0,0.1493201058593895,0.01933019220236273
816,1.0,0.1512302178085224,0.02051144186240895
817,1.0,0.1482015521489241,0.019615136733092283
818,1.0,0.14834233329018653,0.023034519489864395
819,1.0,0.15838257445587875,0.021806865314132756
820,1.0,0.1439907477846355,0.027729272673608297
821,1.0,0.20508512292674724,0.025018872228440736
822,1.0,0.19727910133505594,0.02751929600416035
823,1.0,0.16116197379636554,0.021373516186596327
824,1.0,0.23452820128613008,0.02906990391589579
825,1.0,0.1608452436976686,0.021307626759856726
826,1.0,0.13680194038234467,0.02381425091519481
827,1.0,0.24881746458022805,0.02982447369773961
828,1.0,0.23999787973363976,0.025216764550279016
829,1.0,0.1185337747837135,0.01872904272841185
830,1.0,0.15519173961850852,0.02069931740512749
831,1.0,0.1077586939006477,0.016059519867953207
832,1.0,0.10916140299651553,0.016127987980933223
833,1.0,0.26976239678347735,0.024595637712153076
834,1.0,0.18947539628977578,0.01964500529981878
835,1.0,0.19366364931204785,0.024060302098635248
836,1.0,0.2250070151096064,0.024001141100212918
837,1.0,0.212843922254572,0.021355069242153312
838,1.0,0.142563512139103,0.01935240676984607
839,1.0,0.16683387021996823,0.024464560405585034
840,1.0,0.20934792117880324,0.026301697214445766
841,1.0,0.19493815551503557,0.02443019943772709
842,1.0,0.19693677450991293,0.02279280410070269
843,1.0,0.18637832936159238,0.025485494407844728
844,1.0,0.2331549336376846,0.029927100482419533
845,1.0,0.17228543219538703,0.0215517508958636
846,1.0,0.20137260711937222,0.028128188496860593
847,1.0,0.22220270628115504,0.029893022618545075
848,1.0,0.21026156988909903,0.026295928961373997
849,1.0,0.177561051657158,0.025712194841659448
850,1.0,0.1840497333246987,0.019618266123205805
851,1.0,0.25779435377462645,0.02035859953136002
852,1.0,0.16427798298926485,0.02047359342567264
853,1.0,0.18252872951173968,0.0190337388917985
854,1.0,0.18304087050639503,0.018422759308737886
855,1.0,0.18139295180385342,0.019650082171180885
856,1.0,0.22357032716261033,0.020006582480593563
857,1.0,0.2231363396214711,0.021845265328490973
858,1.0,0.22488604211744,0.016932362034252545
859,1.0,0.2127817572978368,0.021473709851158134
860,1.0,0.16496133647178968,0.012334504188522371
861,1.0,0.16638234767137847,0.014203708176115057
862,1.0,0.16507904619212163,0.016285446491599236
863,1.0,0.16541504659290315,0.013142508643792301
864,1.0,0.22121833925535517,0.018277362281283543
865,1.0,0.1867619401417562,0.017108087416596404
866,1.0,0.16486369390940117,0.01599672708396579
867,1.0,0.16507904619212163,0.016405297063029605
868,1.0,0.1860807953880971,0.015409578234576117
869,1.0,0.1642496802493359,0.01706097890185877
870,1.0,0.1378209274910481,0.020310034586493594
871,1.0,0.17528926290547464,0.020046223869450822
872,1.0,0.13672262317366998,0.017682803185073474
873,1.0,0.16585458720949242,0.01594890183829578
874,1.0,0.1665503118268441,0.01823358667034542
875,1.0,0.16532052842966968,0.018123072791256113
876,1.0,0.16598135096432448,0.015769199311318663
877,1.0,0.13689082847322323,0.022296253202838307
878,1.0,0.16532052842966968,0.017703918633375545
879,1.0,0.1574930520226919,0.018654228819866198
880,1.0,0.1587198627873238,0.017923686738239297
881,1.0,0.158763458956911,0.019949764650148225
882,1.0,0.15862407973859474,0.015900776050669068
883,1.0,0.1587198627873238,0.01892129899821657
884,1.0,0.17850101609995314,0.013911515310109786
885,1.0,0.21824945677513796,0.020502586001503613
886,1.0,0.2131544748779509,0.017162735860943933
887,1.0,0.21339916196244524,0.019455448329108456
888,1.0,0.15862065327295458,0.013789909188655084
889,1.0,0.2126083242998116,0.01860466571262638
890,1.0,0.20563324641536568,0.020816860332274572
891,1.0,0.2052634548900373,0.02072366175389645
892,1.0,0.20533459833296844,0.018201694571079473
893,1.0,0.20557578975139917,0.01942681912297395
894,1.0,0.1276332052285504,0.014171751203820925
895,1.0,0.2052634548900373,0.02115521246840961
896,1.0,0.12574916720224583,0.01666562863291503
897,1.0,0.12518356234871686,0.01567456642920572
898,1.0,0.1261185235574981,0.014652710118891112
899,1.0,0.1269258194330258,0.017138710928091733
900,1.0,0.2786808494484819,0.026999675094779248
901,1.0,0.2789028036521161,0.01352177682795219
902,1.0,0.2749062122883301,0.016331575568802464
903,1.0,0.29448913458276765,0.01610574621597448
904,1.0,0.20862963824453012,0.025484213740070493
905,1.0,0.25711647961288203,0.020523547820419454
906,1.0,0.2773649720995856,0.014579694920155708
907,1.0,0.2292041328501017,0.027721896289953647
908,1.0,0.2773649720995856,0.01841980033112533
909,1.0,0.2604871359253919,0.013016972207516833
910,1.0,0.10865284307789588,0.019459709549531818
911,1.0,0.10865284307789588,0.017657081884598445
912,1.0,0.10799643646099319,0.017272532167659067
913,1.0,0.095038183164845,0.01733481817005871
914,1.0,0.0956576364862292,0.01910419612724134
915,1.0,0.11029234869288478,0.020356249921856532
916,1.0,0.10799643646099319,0.02066758405866537
917,1.0,0.10207065240592468,0.01586925612389444
918,1.0,0.10207065240592468,0.01505460739777359
919,1.0,0.10227180146522385,0.01609574422355525
920,1.0,0.17462300408122935,0.01887967706526093
921,1.0,0.1958475002594113,0.020362645524340358
922,1.0,0.1297288097359183,0.012617967668694096
923,1.0,0.18374804741706555,0.023189825586450923
924,1.0,0.17546546147774883,0.019737416737906986
925,1.0,0.17733987732864387,0.019645251902824172
926,1.0,0.1731355622802675,0.017665982208439453
927,1.0,0.17485280517980004,0.02083930556154875
928,1.0,0.1340799283631411,0.014576257829448326
929,1.0,0.18813592374669158,0.024753999901464242
930,1.0,0.20616839378184532,0.029248596381870776
931,1.0,0.14881581181006265,0.017197390574150106
932,1.0,0.19623055808917497,0.024711574645392972
933,1.0,0.1320665542448774,0.018745922992872116
934,1.0,0.19338508939672627,0.02521475957877419
935,1.0,0.15876891792458525,0.019503764471194257
936,1.0,0.15938564173094286,0.019460320964394057
937,1.0,0.2043608234521554,0.027766502870991326
938,1.0,0.1951087171943501,0.026773561707992916
939,1.0,0.22071422757301193,0.026838408821228663
940,1.0,0.19794307468576408,0.01953132432034996
941,1.0,0.22608103934500687,0.0262781315980139
942,1.0,0.1894445558297951,0.024095157321699052
943,1.0,0.19851403181643082,0.02335490791313568
944,1.0,0.1919100934983787,0.024225708632668007
945,1.0,0.1896325969435359,0.023696781834335837
946,1.0,0.21935540017449645,0.025778855576728252
947,1.0,0.14680220374906205,0.023954394884628888
948,1.0,0.21329284489986525,0.021804636124554924
949,1.0,0.22497938280034416,0.02212023314574288
950,1.0,0.18041265781080926,0.0174179427573425
951,1.0,0.17724584875590593,0.016506009903980625
952,1.0,0.1765672210912798,0.016646043940070923
953,1.0,0.17646686872936165,0.016360571418479183
954,1.0,0.17737702593744564,0.015763186022987773
955,1.0,0.1762442269968986,0.01532023719523483
956,1.0,0.1762442269968986,0.01603834117655748
957,1.0,0.17724584875590593,0.013273686846468333
958,1.0,0.17646686872936165,0.01648193826179594
959,1.0,0.1762442269968986,0.013262449860899061
960,1.0,0.1622017201302106,0.01813000821797642
961,1.0,0.16373282243430282,0.018707244946146846
962,1.0,0.1622017201302106,0.018531127985716808
963,1.0,0.175867205123324,0.018586198247307676
964,1.0,0.16162349639997836,0.01727882723212514
965,1.0,0.16373282243430282,0.016315655601994706
966,1.0,0.16181329460554117,0.0179054959478083
967,1.0,0.1622017201302106,0.0185619546587332
968,1.0,0.16002977947698827,0.01744861536155874
969,1.0,0.1644898648451188,0.01821905557860006
970,1.0,0.18699904117496374,0.020601544861061923
971,1.0,0.18699904117496374,0.01946762358953449
972,1.0,0.18644619880270358,0.018241914514236512
973,1.0,0.18699904117496374,0.020464608957716974
974,1.0,0.18699904117496374,0.022813639634160523
975,1.0,0.18699904117496374,0.01985577598295822
976,1.0,0.18699904117496374,0.022130995645538772
977,1.0,0.18644619880270358,0.02050907687650045
978,1.0,0.18627098949723594,0.021342545279681522
979,1.0,0.18699904117496374,0.022916250338267836
980,1.0,0.20642515687424393,0.01771857475789974
981,1.0,0.16174299655318022,0.014493473637042982
982,1.0,0.1868232608870855,0.019844950221929083
983,1.0,0.16135828461739482,0.01735017451388664
984,1.0,0.20582734771986366,0.020135596613690222
985,1.0,0.15748253723241887,0.017044413582585193
986,1.0,0.21087122888794102,0.02073622664174354
987,1.0,0.20052200194469144,0.020238893488371806
988,1.0,0.16632400498566563,0.016484926566946185
989,1.0,0.1804770459356579,0.016374951298496754
990,1.0,0.15286670261989718,0.02133972105707432
991,1.0,0.2210773775184845,0.02328577625890251
992,1.0,0.15286670261989718,0.02170341803255554
993,1.0,0.1532127316822153,0.02141659138803875
994,1.0,0.15072162591510416,0.022742027301187517
995,1.0,0.2334030156742919,0.02229373009412819
996,1.0,0.2625244529406954,0.024544395884573203
997,1.0,0.15295278663004166,0.02204124979082497
998,1.0,0.15316358256566165,0.020775207067482405
999,1.0,0.21934603699251232,0.025568759026456618
1000,1.5,0.26371678541948473,0.027987508107434292
1001,1.5,0.17411680103428445,0.020996196703528872
1002,1.5,0.300599961936119,0.03702157153979972
1003,1.5,0.31755290042894024,0.04100190577704451
1004,1.5,0.17349248353474833,0.021760179353038825
1005,1.5,0.29152834272314143,0.031131277051325783
1006,1.5,0.17294049774462497,0.022543115277063982
1007,1.5,0.24301999072097494,0.029463519021260657
1008,1.5,0.30055188221015555,0.03823833282483053
1009,1.5,0.3141505661441881,0.04163359502556934
1010,1.5,0.31371324610370893,0.039487298227836524
1011,1.5,0.34015296173606774,0.037792834169521825
1012,1.5,0.3730357140280586,0.04331440626317795
1013,1.5,0.2271366792544059,0.022726851219586168
1014,1.5,0.3044535927829537,0.04183184142712775
1015,1.5,0.30153929959217085,0.03623752734801084
1016,1.5,0.34426247107914837,0.04145265844592414
1017,1.5,0.3174754922599316,0.037886280944547976
1018,1.5,0.33618017982799697,0.03956908721492918
1019,1.5,0.23736794918538462,0.024288269880426705
1020,1.5,0.22790066302323744,0.034372264018026
1021,1.5,0.31607310468624217,0.040907864781247624
1022,1.5,0.28084968705188074,0.036711787343233354
1023,1.5,0.30830773994471733,0.038656596367603414
1024,1.5,0.3018250153311544,0.038748491232466306
1025,1.5,0.23972993085619018,0.03563754916362976
1026,1.5,0.334536367941624,0.040587681132490186
1027,1.5,0.2686703004793503,0.03455659726417451
1028,1.5,0.3370971227511592,0.036544308112632186
1029,1.5,0.2406297064459911,0.034537310606096105
1030,1.5,0.2162190557684342,0.038048881842984786
1031,1.5,0.22414978666322252,0.030941709711988678
1032,1.5,0.1313993193032027,0.022853634617346002
1033,1.5,0.13521674242882528,0.020272446588396064
1034,1.5,0.13182899538204312,0.02157238437231257
1035,1.5,0.1468442450936627,0.028629987873120925
1036,1.5,0.13431890909922706,0.02008083436947033
1037,1.5,0.13174536173456958,0.023761895105188637
1038,1.5,0.13257091390089487,0.02024579067514149
1039,1.5,0.13221747650528798,0.02031639869485889
1040,1.5,0.3376383298980378,0.04090657721302753
1041,1.5,0.22757843977476677,0.03296069331379994
1042,1.5,0.18140969727760572,0.02503911888889285
1043,1.5,0.18194851525757508,0.02681651679850653
1044,1.5,0.24298697548592205,0.0334168995874479
1045,1.5,0.15562776507277193,0.02622665730734856
1046,1.5,0.1836146730694051,0.029656985842835427
1047,1.5,0.1619352246150609,0.02852175030949062
1048,1.5,0.1820868893473952,0.027191058489421258
1049,1.5,0.24365348117646823,0.029579450543878408
1050,1.5,0.3101035241453628,0.029963115317013858
1051,1.5,0.3149312330294341,0.02869348204509935
1052,1.5,0.31335503231921524,0.029208002287595902
1053,1.5,0.3134893929469119,0.027505052187686146
1054,1.5,0.25233984103271256,0.02002098016655335
1055,1.5,0.33203721781937195,0.029625838902058246
1056,1.5,0.31968230160279065,0.029302147065700838
1057,1.5,0.3291633735145825,0.029938982917549303
1058,1.5,0.31881063988560937,0.02774119353244494
1059,1.5,0.30678344765115934,0.026958872107247574
1060,1.5,0.33827606338854993,0.03272398920037533
1061,1.5,0.27285801437064666,0.028080900339484835
1062,1.5,0.35089290464723427,0.03483293456573366
1063,1.5,0.2851508240881354,0.02846760057242931
1064,1.5,0.29316673002410465,0.029927676031242027
1065,1.5,0.34821060455728153,0.03675673288006424
1066,1.5,0.29028318098609296,0.030353536740253848
1067,1.5,0.2857783672676876,0.02776922029109199
1068,1.5,0.2942693353820712,0.030887635428534965
1069,1.5,0.33714950809391214,0.031450788259212915
1070,1.5,0.34117566121118237,0.03316276259401333
1071,1.5,0.26780952188376833,0.028957724653568766
1072,1.5,0.2576632792443328,0.026779912008097647
1073,1.5,0.2960678719412835,0.030993024066337308
1074,1.5,0.2620323612272356,0.02873986640238025
1075,1.5,0.30641318055374395,0.028178881983322246
1076,1.5,0.2721941636830402,0.027551962635399108
1077,1.5,0.33434809529910725,0.03333346602331608
1078,1.5,0.33617512742800193,0.03692947420359745
1079,1.5,0.3301403988979384,0.034203408707097795
1080,1.5,0.3704776673752005,0.03304608723441921
1081,1.5,0.3428470367569523,0.033362160476733106
1082,1.5,0.2885613382616544,0.030918443345515214
1083,1.5,0.3129534221892028,0.03075201484185948
1084,1.5,0.2881657510569793,0.031043936930352258
1085,1.5,0.32477343100300143,0.03219017746669056
1086,1.5,0.27345141420318114,0.028965992804665896
1087,1.5,0.26820236589856616,0.028236240806047946
1088,1.5,0.28904569115783724,0.029648217730609026
1089,1.5,0.3261197832848358,0.03115982673948843
1090,1.5,0.24269174836307253,0.017931287564230777
1091,1.5,0.24398445033161692,0.024921785595741968
1092,1.5,0.21855502225339785,0.023317584824670133
1093,1.5,0.21176068564708717,0.017614832052032132
1094,1.5,0.21446279838844529,0.019754302935143207
1095,1.5,0.3849047005266368,0.03417808189071108
1096,1.5,0.25968701713649656,0.025207451266833564
1097,1.5,0.29997040135576486,0.027088146353011978
1098,1.5,0.3421149231113537,0.030430095349733254
1099,1.5,0.2655016169462438,0.022685139896666897
1100,1.5,0.2727288187628035,0.028007143675484923
1101,1.5,0.26693343924699015,0.029953337007071937
1102,1.5,0.2802411301825974,0.029172873581355292
1103,1.5,0.19147542167702272,0.020380744690579527
1104,1.5,0.27508823337109634,0.026473949738879034
1105,1.5,0.20206173780452236,0.02920535373259073
1106,1.5,0.17717209364118677,0.026890531199434724
1107,1.5,0.2253918323188376,0.027020767380647282
1108,1.5,0.29287272988698426,0.03400440467005841
1109,1.5,0.2527735913996092,0.02912989786053083
1110,1.5,0.3144387553249569,0.024714011613636563
1111,1.5,0.3157912894117107,0.031724060896159444
1112,1.5,0.3003740603028293,0.02476996494163518
1113,1.5,0.2642972296116837,0.026656402529867458
1114,1.5,0.27941649293110543,0.02249437567179738
1115,1.5,0.31862412871637064,0.028165358623932713
1116,1.5,0.3177121299269729,0.027314705493437758
1117,1.5,0.3005656868267446,0.023413135015429125
1118,1.5,0.3087986201403899,0.0231168034399903
1119,1.5,0.29068387017401187,0.02482659562498929
1120,1.5,0.2512376614880083,0.02697988377332553
1121,1.5,0.2509004195911216,0.02769314409672002
1122,1.5,0.26966430632564536,0.029594043639800727
1123,1.5,0.2698274792655813,0.030111531412308566
1124,1.5,0.24799088537030764,0.02452905905642688
1125,1.5,0.24475714868995643,0.023456186567906483
1126,1.5,0.2601585227360097,0.024355644767773393
1127,1.5,0.2468842883575164,0.02667231690162584
1128,1.5,0.24899752960231583,0.022510692530935905
1129,1.5,0.19538436291574005,0.020834048674248314
1130,1.5,0.2922240539833473,0.030320264979448376
1131,1.5,0.2784859712147759,0.028043611471570664
1132,1.5,0.21599615401236702,0.020449920431241702
1133,1.5,0.2506581661324459,0.024058581511545066
1134,1.5,0.2917307671136809,0.02903706622074281
1135,1.5,0.2971877802918024,0.02549105490491103
1136,1.5,0.1976638783612244,0.02358950587027126
1137,1.5,0.21284943673660836,0.02427420728348955
1138,1.5,0.2516550914977994,0.021801541931271224
1139,1.5,0.21502686704782492,0.020802916539936604
1140,1.5,0.2746238660084549,0.02971266590183615
1141,1.5,0.27133364298557383,0.028599331844784016
1142,1.5,0.2740491789744989,0.026597554086355786
1143,1.5,0.2757933129001695,0.025980251651278166
1144,1.5,0.2179658976314016,0.02154364777645859
1145,1.5,0.27527201382734345,0.029046150060926958
1146,1.5,0.27555410199717845,0.02593605816925816
1147,1.5,0.26496533531583677,0.0274789104238661
1148,1.5,0.27477418220662897,0.027661092535042477
1149,1.5,0.27546853450072745,0.027377274337740596
1150,1.5,0.1908381838381196,0.02471781104574078
1151,1.5,0.228907721676633,0.027885661104073194
1152,1.5,0.2087028177835244,0.028450179034697643
1153,1.5,0.2085822500170622,0.030227298825295162
1154,1.5,0.2668705896167515,0.02729363451202227
1155,1.5,0.190519174831247,0.02259028120787473
1156,1.5,0.23045063838829682,0.02725095502104016
1157,1.5,0.22544544125692131,0.030460751007867586
1158,1.5,0.20704339794125723,0.027903711730926314
1159,1.5,0.3060858081587156,0.03381217235298906
1160,1.5,0.26816452110751243,0.026194283742594058
1161,1.5,0.3234414667112407,0.03015091786227955
1162,1.5,0.29954867762173404,0.029506853107373904
1163,1.5,0.32293203690832106,0.03210600455725346
1164,1.5,0.2985391884918991,0.026472827749667218
1165,1.5,0.2978009965166089,0.03376898065549434
1166,1.5,0.26952460550966734,0.027436797419206294
1167,1.5,0.31503097752941517,0.029528422672614164
1168,1.5,0.27709077650431546,0.024362025803000717
1169,1.5,0.3626509116234998,0.03453082495975144
1170,1.5,0.2567268181817911,0.0313186426847966
1171,1.5,0.24974452358845034,0.029010255423340618
1172,1.5,0.30036245102878784,0.03270105311569721
1173,1.5,0.381512522052469,0.04013694057969879
1174,1.5,0.29968590205990986,0.029150952133475877
1175,1.5,0.25121054110769325,0.026626782822273872
1176,1.5,0.2637767833842274,0.03003471476556391
1177,1.5,0.24650371382411382,0.03067005498504437
1178,1.5,0.2470555826196834,0.030626996724127685
1179,1.5,0.26804114928124356,0.03554069472767888
1180,1.5,0.20828064720705927,0.016754176124175395
1181,1.5,0.2086959331908223,0.017697237321617862
1182,1.5,0.20819999042190482,0.019757504817235122
1183,1.5,0.17501528544311185,0.018924063009100392
1184,1.5,0.2073532480643924,0.01687914338310772
1185,1.5,0.2081094437824752,0.019447664559265377
1186,1.5,0.23319400503923152,0.019529381765011088
1187,1.5,0.2075655694915662,0.019908994401800627
1188,1.5,0.20823099827114175,0.017865678177867304
1189,1.5,0.20840828151157784,0.01544803154753799
1190,1.5,0.22341354819839698,0.028041922499151623
1191,1.5,0.138276162583286,0.016459589935363443
1192,1.5,0.2566730441019813,0.03313464265564501
1193,1.5,0.18860795804454072,0.022246862916965662
1194,1.5,0.25803250704045627,0.030653274735562584
1195,1.5,0.23614694405336908,0.028308437768383817
1196,1.5,0.1943871241090506,0.023957932867489547
1197,1.5,0.1961683279491662,0.0238658758112947
1198,1.5,0.18928571756677115,0.02401606370285492
1199,1.5,0.20872511287848225,0.029592010530201926
1200,1.5,0.09953490379943886,0.01676735847600567
1201,1.5,0.08235794415877636,0.016234016655047298
1202,1.5,0.1006902242027677,0.017776723919838165
1203,1.5,0.09953490379943886,0.015233689804420681
1204,1.5,0.1006029458583538,0.017086949359243094
1205,1.5,0.10039732534407546,0.014402344458825862
1206,1.5,0.09984530172290879,0.01654876060246888
1207,1.5,0.09936640125554744,0.018187623678701904
1208,1.5,0.09932364214765037,0.01635127646161353
1209,1.5,0.10028327353578277,0.01583120992667081
1210,1.5,0.15088938474867442,0.020986353099481762
1211,1.5,0.12809743490787912,0.01997332497952261
1212,1.5,0.12566357532998423,0.017258166895239953
1213,1.5,0.12362734617196675,0.017289176473460243
1214,1.5,0.20667626366488973,0.025418875729189026
1215,1.5,0.1253480059197199,0.01643913367469461
1216,1.5,0.14934869746752263,0.024844701565211878
1217,1.5,0.12504338431320577,0.01918420257913347
1218,1.5,0.12589907886269766,0.015528476942144735
1219,1.5,0.12581359798912992,0.01961718496306263
1220,1.5,0.10124136525122174,0.017204003941252446
1221,1.5,0.19542626876094193,0.024419320706851832
1222,1.5,0.1773938805415591,0.021192429494385222
1223,1.5,0.26627178921083033,0.028283495634492218
1224,1.5,0.19881241215917742,0.02644442634762257
1225,1.5,0.19515621145275,0.023497159675028564
1226,1.5,0.10220812487998782,0.021285864730382974
1227,1.5,0.24305838591809337,0.028303212592804976
1228,1.5,0.10235101648519752,0.020197549367539643
1229,1.5,0.18917112556509996,0.024895288264809138
1230,1.5,0.2291342689719258,0.029001934671636448
1231,1.5,0.11644433926673717,0.01994050985472385
1232,1.5,0.2801069852291063,0.030713381281495204
1233,1.5,0.2618301656046435,0.030608768691683316
1234,1.5,0.2810418075797122,0.032184521455445605
1235,1.5,0.2649426378742113,0.03291425025402501
1236,1.5,0.2236323717728717,0.030940287016207692
1237,1.5,0.1301093228452062,0.02499335620623864
1238,1.5,0.31173413248075543,0.03521296557992186
1239,1.5,0.280722042422675,0.03194148403653372
1240,1.5,0.19952971294205085,0.018363858248415958
1241,1.5,0.19813373748547886,0.019036828955010205
1242,1.5,0.1982873996261661,0.019012734798715996
1243,1.5,0.19850049235612502,0.019003249912455694
1244,1.5,0.1994118133996573,0.019208454810280017
1245,1.5,0.19732589775139267,0.018617024287582773
1246,1.5,0.1982873996261661,0.01877643830072827
1247,1.5,0.1981388601230145,0.01811061575064212
1248,1.5,0.19828727378334832,0.017988560733940992
1249,1.5,0.1984654370008134,0.01958689819769271
1250,1.5,0.3453261036521988,0.03627260008374266
1251,1.5,0.35392148677118124,0.03586761601679806
1252,1.5,0.3675946110365346,0.03897758777283508
1253,1.5,0.38308828657534677,0.04113188089956571
1254,1.5,0.3508291802479205,0.033993787472898045
1255,1.5,0.3517369725962955,0.03870131860728426
1256,1.5,0.38597696157511646,0.036528384842702946
1257,1.5,0.34977230002561155,0.038222362295928444
1258,1.5,0.35292197917272217,0.03655921875750966
1259,1.5,0.3344486837633293,0.034711276374571456
1260,1.5,0.2563682594099681,0.019506772651446163
1261,1.5,0.303720573794683,0.032167557275692545
1262,1.5,0.2435664837003165,0.019177838023638517
1263,1.5,0.3011095667634725,0.025331593331418153
1264,1.5,0.2603027820830633,0.020794908600715742
1265,1.5,0.2602920078217444,0.02015686674650044
1266,1.5,0.26009130420063825,0.020846312577998426
1267,1.5,0.24412537405754794,0.01816033155191689
1268,1.5,0.26096149513305394,0.02249183942712258
1269,1.5,0.2434316271159045,0.018008423659362727
1270,1.5,0.23778387808025098,0.01649079352889111
1271,1.5,0.24664602871558708,0.021271828541583233
1272,1.5,0.2790389045218911,0.023163931002570266
1273,1.5,0.2468733469020228,0.01832090027832515
1274,1.5,0.36665051067865007,0.03440066309184975
1275,1.5,0.34829490164118015,0.03403165850791171
1276,1.5,0.34474246316520474,0.0326806164818788
1277,1.5,0.24737632726671552,0.019726221431385638
1278,1.5,0.25588732013895166,0.01990172210906198
1279,1.5,0.24732914702036227,0.01849753293810533
1280,1.5,0.20978028337000432,0.02437707109583007
1281,1.5,0.20774891368176723,0.026511599966290444
1282,1.5,0.3939100712422614,0.03782077172871363
1283,1.5,0.2040175299053622,0.02619658985825015
1284,1.5,0.2007733696370822,0.027162583802101892
1285,1.5,0.22673721235997812,0.02864711686991039
1286,1.5,0.20520545953547273,0.024964337323155086
1287,1.5,0.20887937733727602,0.029337793478720446
1288,1.5,0.20840684004225274,0.02882090287052829
1289,1.5,0.20269113282134063,0.028727842813116973
1290,1.5,0.2856327680748758,0.024706010429222467
1291,1.5,0.3266652241479,0.029465158195507803
1292,1.5,0.3053007263421778,0.027171615442773082
1293,1.5,0.22215906202205182,0.026052050103162954
1294,1.5,0.2998436093400002,0.031933253896404286
1295,1.5,0.24249691014716748,0.020888466025497515
1296,1.5,0.1940743984979663,0.01532848815935553
1297,1.5,0.28059958193007123,0.02654447231650385
1298,1.5,0.19306455904157627,0.0145245881390789
1299,1.5,0.19240276143513582,0.014785095400657443
1300,1.5,0.2225904699487335,0.027156141469395864
1301,1.5,0.22069389916184162,0.03083888663348179
1302,1.5,0.2402643636739323,0.03504566667826548
1303,1.5,0.2790475373734704,0.03395017306229689
1304,1.5,0.24182231586304503,0.03608320105924098
1305,1.5,0.19364538752635002,0.029774673116939664
1306,1.5,0.20717451300450884,0.023413559658936215
1307,1.5,0.19327007089432427,0.027384168682591345
1308,1.5,0.33810643560485504,0.03562802131337001
1309,1.5,0.23120637216589024,0.030011676413220657
1310,1.5,0.19749562468337462,0.024756740318741133
1311,1.5,0.1971141930916867,0.024892915596387455
1312,1.5,0.23977216840829568,0.02709600938256696
1313,1.5,0.21068218052658177,0.02635065540256819
1314,1.5,0.21231473447630225,0.026310451150709888
1315,1.5,0.1957818930678882,0.02517124358987828
1316,1.5,0.1969745748476965,0.025789014387886746
1317,1.5,0.20313109739524834,0.026920581842848804
1318,1.5,0.15410118815399793,0.023935966479655322
1319,1.5,0.19785720481590105,0.02506210936372743
1320,1.5,0.27563028586711313,0.038990930350344295
1321,1.5,0.2467148003106965,0.03336641163843143
1322,1.5,0.22566409823505632,0.027380598096104613
1323,1.5,0.3024268777388318,0.03783727634409991
1324,1.5,0.31522941071027427,0.035285434313317654
1325,1.5,0.22845154783206373,0.03341276271430628
1326,1.5,0.24072430611039483,0.03491617521571504
1327,1.5,0.28762330654522883,0.035625855804269295
1328,1.5,0.28400435635371085,0.0323068137961327
1329,1.5,0.11769366513589702,0.0165936573847598
1330,1.5,0.22855022831662158,0.031240836800972727
1331,1.5,0.19285945364796864,0.024231128985627976
1332,1.5,0.10920960088122449,0.01711620385497669
1333,1.5,0.26566296011445595,0.024885697018029482
1334,1.5,0.2636223244030572,0.02845375228811111
1335,1.5,0.2286946013250756,0.02719647554016327
1336,1.5,0.25839460784677093,0.03007000101091296
1337,1.5,0.26760907600575784,0.02953083765331688
1338,1.5,0.14089408258367458,0.017544876826670996
1339,1.5,0.25100701621864485,0.03275870337622472
1340,1.5,0.23557719084272938,0.027955755043081936
1341,1.5,0.29371267746725505,0.03793019523133592
1342,1.5,0.2873713331424485,0.03869929713736083
1343,1.5,0.23338267166695575,0.029960152074986673
1344,1.5,0.25035295025275933,0.030844723934349467
1345,1.5,0.263733067331064,0.03683942955349355
1346,1.5,0.2852392082689533,0.03907156535819503
1347,1.5,0.24145877962668927,0.027572024280016767
1348,1.5,0.23436668440285213,0.02841617645034348
1349,1.5,0.2517678805038893,0.037340193047090395
1350,1.5,0.27442735296549065,0.02402346757187277
1351,1.5,0.2676873320300424,0.020705246343478208
1352,1.5,0.2448620771681236,0.027349449286990502
1353,1.5,0.2745291903739791,0.021820386289909403
1354,1.5,0.27712490401396395,0.022526411966228607
1355,1.5,0.2753577685434826,0.024075760582268648
1356,1.5,0.277678423122159,0.023328914530501843
1357,1.5,0.27650559190002166,0.021975267332710522
1358,1.5,0.27771953230039925,0.023143483583282935
1359,1.5,0.28293781332856116,0.028988139151903843
1360,1.5,0.2401050750652227,0.023705239818433782
1361,1.5,0.23969897600425094,0.02183960318437391
1362,1.5,0.24090353926865576,0.02038095960854153
1363,1.5,0.23942786786848386,0.024244317357513298
1364,1.5,0.32497637339785096,0.024433320270261356
1365,1.5,0.19296558484099563,0.017971979035227875
1366,1.5,0.23890537236594325,0.022015623136153444
1367,1.5,0.23981980068757658,0.022595057781499717
1368,1.5,0.19202092096669832,0.01539984428814669
1369,1.5,0.23996249810803086,0.022414760122752297
1370,1.5,0.14903304008818813,0.0200406737641992
1371,1.5,0.17512750134983024,0.01792043151359128
1372,1.5,0.23474495256350672,0.02460065596650199
1373,1.5,0.26908723804068235,0.027359960168094118
1374,1.5,0.27277282355769616,0.02695764960270574
1375,1.5,0.17408445946836792,0.02066768349561146
1376,1.5,0.26886353878516084,0.026379247025199247
1377,1.5,0.14735527299947093,0.018656632757076196
1378,1.5,0.31441502140050703,0.02778572141367029
1379,1.5,0.19879420293424183,0.018463696714952404
1380,1.5,0.26061666612209966,0.022784714394115814
1381,1.5,0.2827562069078688,0.02338843642672557
1382,1.5,0.28254897259211775,0.02234530274717891
1383,1.5,0.2927226795148163,0.027165512137028624
1384,1.5,0.17883007559617445,0.015133160007670026
1385,1.5,0.2574070636897887,0.023363873986571835
1386,1.5,0.2852160513598835,0.021261756627143767
1387,1.5,0.2336191324296289,0.018154020050138202
1388,1.5,0.2327645257095966,0.02072729639417726
1389,1.5,0.2207057333765709,0.0185362942212944
1390,1.5,0.2485525505499672,0.019327490478978755
1391,1.5,0.2479282844509088,0.020058436942949467
1392,1.5,0.24738988635369483,0.021965209060248573
1393,1.5,0.24674091195582085,0.022184926013950758
1394,1.5,0.12875738282829297,0.01725040925571632
1395,1.5,0.24754602640245754,0.020733062210859864
1396,1.5,0.1270046236107131,0.01495494197213986
1397,1.5,0.12671413587491276,0.015324171034695916
1398,1.5,0.1276906646372233,0.018224193611337418
1399,1.5,0.1278585603479792,0.015760257670494136
1400,1.5,0.32558492523072796,0.029727865018379755
1401,1.5,0.2909520877193506,0.01933808121060038
1402,1.5,0.28784876756233785,0.017928622021511784
1403,1.5,0.3033738059727949,0.018329254229260582
1404,1.5,0.30865034222031174,0.03100448389130994
1405,1.5,0.31243011737155807,0.02794786337526462
1406,1.5,0.2892175271217709,0.016185732115483423
1407,1.5,0.3306216108903979,0.03227356381213295
1408,1.5,0.2896931986442719,0.018567245779436883
1409,1.5,0.25849251599935047,0.011357427978490852
1410,1.5,0.10655054587387994,0.019787408354808984
1411,1.5,0.10613828292992704,0.017528411862470825
1412,1.5,0.10595391902984941,0.01894849169213571
1413,1.5,0.27004844137160966,0.02960205884887674
1414,1.5,0.2730312987944752,0.03106991408903484
1415,1.5,0.10692921104624045,0.01716194466177328
1416,1.5,0.10609314988997368,0.0159786221348878
1417,1.5,0.2999815944640448,0.030542009287932142
1418,1.5,0.28119695596815464,0.033717818444685195
1419,1.5,0.2667736350704085,0.02913908923668256
1420,1.5,0.17150569676559374,0.018632554330848997
1421,1.5,0.19525413380543183,0.01852608144760817
1422,1.5,0.13203256546664371,0.012142153432561652
1423,1.5,0.25578427885981897,0.030873729209893692
1424,1.5,0.17383517923568093,0.01916842985320573
1425,1.5,0.17842124341181576,0.01739699292546652
1426,1.5,0.17186752510276446,0.020441860054109178
1427,1.5,0.17356040641651613,0.01943551165366035
1428,1.5,0.1336718604476055,0.017573499038965906
1429,1.5,0.2088517764377952,0.022752312186871463
1430,1.5,0.29521673274839777,0.03056168629589726
1431,1.5,0.2495934516727949,0.02827937597150016
1432,1.5,0.2955704678184209,0.029313412212278508
1433,1.5,0.2518086375317902,0.02439301273736466
1434,1.5,0.285054478834294,0.02558659222086516
1435,1.5,0.1602355415536621,0.022371402032947452
1436,1.5,0.2502421617082821,0.025717817990414817
1437,1.5,0.29163972748429523,0.030945218880295854
1438,1.5,0.288463684605551,0.029943247175258033
1439,1.5,0.2622760206827246,0.02996222814904812
1440,1.5,0.20940369491608588,0.019925247618278987
1441,1.5,0.2581164542991759,0.028550889104178266
1442,1.5,0.29627233274350384,0.028933168831314603
1443,1.5,0.254406367956264,0.021179705615509862
1444,1.5,0.24521660128869244,0.026898184004788318
1445,1.5,0.24494274730250368,0.02847039956741326
1446,1.5,0.26350121818380123,0.026667022539329895
1447,1.5,0.24199234032284847,0.026473551430158514
1448,1.5,0.25800084661617295,0.026569768768864962
1449,1.5,0.25705909494595425,0.028878321082334703
1450,1.5,0.19636103035059424,0.01980507486270256
1451,1.5,0.17633803258806954,0.014003306185052451
1452,1.5,0.1759817184020087,0.015612063669018043
1453,1.5,0.17598807384141607,0.014687165851620077
1454,1.5,0.1760924184696585,0.015274283160242468
1455,1.5,0.1758190094562378,0.011750053449409296
1456,1.5,0.17565386855797063,0.01727526946658204
1457,1.5,0.17622734563994968,0.014712429734741655
1458,1.5,0.17597221962793153,0.016103884893895578
1459,1.5,0.17560848325701386,0.013070498819367851
1460,1.5,0.18704914820837243,0.021116975971267167
1461,1.5,0.1905474744699029,0.01996361115933795
1462,1.5,0.19019386882817202,0.022262057365472866
1463,1.5,0.27437639737181124,0.023276591556185763
1464,1.5,0.19020834156824637,0.01852737084468184
1465,1.5,0.1906268123860943,0.02224851074546792
1466,1.5,0.26961933585171916,0.026375781742129435
1467,1.5,0.18956660060761688,0.021860341880336434
1468,1.5,0.1890961810150841,0.022451014473121065
1469,1.5,0.29144539804406366,0.025113806547089296
1470,1.5,0.18821877291969902,0.019948970621119933
1471,1.5,0.29279135150583724,0.030106627673674193
1472,1.5,0.26827773033856145,0.0276494812461754
1473,1.5,0.18921789239040301,0.021261512951795944
1474,1.5,0.1890884464936236,0.01988094021423149
1475,1.5,0.1895810835818861,0.020673752232630967
1476,1.5,0.27972100718267573,0.026553205250337258
1477,1.5,0.21281691110898254,0.0250140513276251
1478,1.5,0.18907934397873422,0.02096635754636232
1479,1.5,0.22599429035776075,0.026730253963713074
1480,1.5,0.26644595053263587,0.02201052605515784
1481,1.5,0.17578262776715914,0.01828060192040591
1482,1.5,0.3062903002888329,0.027473930744472082
1483,1.5,0.17438112374302522,0.019402654365496867
1484,1.5,0.3033311821652396,0.029205397927100835
1485,1.5,0.2982510704050617,0.026764074984446454
1486,1.5,0.21381888669070837,0.023318014164465398
1487,1.5,0.23858075852249283,0.022740032867571317
1488,1.5,0.3055211480024333,0.03110621021061361
1489,1.5,0.18892460729664176,0.022659941734680018
1490,1.5,0.17867819145234204,0.02073350011581156
1491,1.5,0.2750704270318402,0.024192456066837936
1492,1.5,0.17796999128857227,0.019199111097488078
1493,1.5,0.17828361347834693,0.021578038960279634
1494,1.5,0.17780828110263175,0.022361764972265722
1495,1.5,0.2891198869764798,0.028494109644581437
1496,1.5,0.28812101729257744,0.02950024298652707
1497,1.5,0.178405628174524,0.02179091642312069
1498,1.5,0.17854217267146844,0.022074479421223477
1499,1.5,0.28208832333807926,0.0263457595759974
1500,2.0,0.2600065433241534,0.027007961792634958
1501,2.0,0.17305056388000178,0.0206846136195652
1502,2.0,0.32749010049546334,0.040881738681004136
1503,2.0,0.3678560964260548,0.04558813846469974
1504,2.0,0.17186027518189806,0.020673688180754077
1505,2.0,0.3949651939314619,0.04428253933840732
1506,2.0,0.17218964995860736,0.02451004129222417
1507,2.0,0.23400065188138774,0.027547429569744472
1508,2.0,0.37406669652445035,0.04496207199784813
1509,2.0,0.4041151420166191,0.049892265651880575
1510,2.0,0.4323485007811408,0.05127784961019412
1511,2.0,0.37354032707511486,0.041099610939928664
1512,2.0,0.4008022840531567,0.04610621941700069
1513,2.0,0.3223428585729538,0.03735320163252624
1514,2.0,0.3062338031239259,0.03947030994457635
1515,2.0,0.4134627397687537,0.04608000096813162
1516,2.0,0.40155469570417085,0.04594942991503644
1517,2.0,0.3544388456255142,0.043771570708306964
1518,2.0,0.3311993289905253,0.03896657400475853
1519,2.0,0.3545171421138804,0.04451233984015221
1520,2.0,0.2747849388938976,0.03870981690091429
1521,2.0,0.35759865276938246,0.04291314963538059
1522,2.0,0.34369052530083055,0.0432222076487583
1523,2.0,0.35558447992185555,0.04350786905107609
1524,2.0,0.3017959509608271,0.03691718792230131
1525,2.0,0.30564992172066935,0.03773120646872647
1526,2.0,0.4063706469500139,0.0441353080810206
1527,2.0,0.31308789168568396,0.04090461898781752
1528,2.0,0.3509688815812481,0.03852492886011585
1529,2.0,0.2863529310541019,0.03912735121881748
1530,2.0,0.24164960349137315,0.04012638364333418
1531,2.0,0.2518088170340032,0.037967615152931
1532,2.0,0.13412879350967896,0.023915266883621052
1533,2.0,0.13376406180804154,0.01984656634661485
1534,2.0,0.1325319252267504,0.019820421433291255
1535,2.0,0.15044599336978934,0.02924718453100565
1536,2.0,0.13492687182722735,0.01901998253156696
1537,2.0,0.13247917643962337,0.017968505120103954
1538,2.0,0.134729744155703,0.01861784944449672
1539,2.0,0.13375060461591512,0.020311693099657673
1540,2.0,0.35025163499855283,0.042492965740324996
1541,2.0,0.3599805309853675,0.042813214534421024
1542,2.0,0.18290667142282477,0.02456119754262586
1543,2.0,0.183127740662621,0.027206198973416175
1544,2.0,0.2690723629222878,0.03198516766941796
1545,2.0,0.2450741645130478,0.029740371132698076
1546,2.0,0.21214641632440562,0.0271646622103527
1547,2.0,0.24868451555565918,0.035455116518025374
1548,2.0,0.18256899435665536,0.027237040793411403
1549,2.0,0.2668631625558894,0.03292056956398072
1550,2.0,0.2981025426702887,0.0273072750951334
1551,2.0,0.3049685821898657,0.028990922365637245
1552,2.0,0.3036854457676691,0.029446264094624936
1553,2.0,0.3041106452470504,0.02528023195721059
1554,2.0,0.2368080172913292,0.021480625075967288
1555,2.0,0.322177610806119,0.027495165869867166
1556,2.0,0.3108175142347601,0.027863973877151494
1557,2.0,0.31759088935207086,0.02648867367434665
1558,2.0,0.3135793956312706,0.03146862887055911
1559,2.0,0.29812401705729674,0.02581266011987585
1560,2.0,0.32799878319856957,0.033836544916449905
1561,2.0,0.3186635176493352,0.031720018195410864
1562,2.0,0.36616736706560693,0.03757322035857965
1563,2.0,0.2768373081218439,0.028884614321021556
1564,2.0,0.3532443706125111,0.03739917418743566
1565,2.0,0.35013016309853834,0.0363024888792405
1566,2.0,0.31589696689202396,0.03240791077263275
1567,2.0,0.2775427211691563,0.02776779564764077
1568,2.0,0.3399930485156908,0.0356084796885907
1569,2.0,0.32786160508365125,0.031989942208495666
1570,2.0,0.4084537945377458,0.03674198924057654
1571,2.0,0.26697494912605785,0.030060121152502114
1572,2.0,0.25379757009284337,0.026733671062132428
1573,2.0,0.38663982414463766,0.03622796148512555
1574,2.0,0.26760231500068454,0.028483971251507832
1575,2.0,0.31344178540811124,0.030338342826650114
1576,2.0,0.27653610564834874,0.026531478724797282
1577,2.0,0.3350170400148693,0.033285198091853846
1578,2.0,0.33427747769949007,0.03377101060100484
1579,2.0,0.33672821295702104,0.03451428255122737
1580,2.0,0.38305406184157414,0.03222866396864345
1581,2.0,0.4128914222670489,0.03838660161761715
1582,2.0,0.3371572809048711,0.034767351175768825
1583,2.0,0.3963684969649695,0.03855484529496421
1584,2.0,0.29117181452497143,0.028733652744690114
1585,2.0,0.34759317044015586,0.03353335149992372
1586,2.0,0.2747889256445747,0.029310051815750398
1587,2.0,0.4321331448590303,0.04013840166277575
1588,2.0,0.3354903731394424,0.03371880162300779
1589,2.0,0.34688603131990015,0.034288516418929264
1590,2.0,0.24319959465837165,0.019419419765242227
1591,2.0,0.2771205181293385,0.03118535506275921
1592,2.0,0.28040694494274376,0.029204009943114714
1593,2.0,0.28840313836621,0.027233166883255333
1594,2.0,0.27116294631932725,0.023430566865500907
1595,2.0,0.4040114312692443,0.034564998238047186
1596,2.0,0.28010971024174525,0.029290620445936413
1597,2.0,0.3006633774955319,0.023993461728776033
1598,2.0,0.38550682834597516,0.03606172620177107
1599,2.0,0.2790081093198781,0.02974440940736465
1600,2.0,0.2824784322282817,0.029875144698517517
1601,2.0,0.2828522720121376,0.028891069223010258
1602,2.0,0.3108184957618548,0.030927616222975768
1603,2.0,0.30420539817637887,0.032421389968488395
1604,2.0,0.28367437992960526,0.027541834482247646
1605,2.0,0.30133670558843906,0.0291863552737861
1606,2.0,0.3015640659475213,0.03436194494973597
1607,2.0,0.31222003669182014,0.03419790697924077
1608,2.0,0.31949118803352294,0.03251122040922139
1609,2.0,0.2799838261396593,0.03173965726446932
1610,2.0,0.31454263467762267,0.028477496619240126
1611,2.0,0.3212679251854668,0.026762681981970054
1612,2.0,0.2968434835268334,0.02157579781568617
1613,2.0,0.31095005822820426,0.02388210382028172
1614,2.0,0.28152489486398885,0.023234192512554395
1615,2.0,0.321277319297079,0.026902414344210642
1616,2.0,0.3222236817513518,0.023731820652768944
1617,2.0,0.2969187260783926,0.024090567797358468
1618,2.0,0.3072876869096071,0.02371426976321907
1619,2.0,0.31015752708303607,0.024918687049791517
1620,2.0,0.2872849120375337,0.030148330331995
1621,2.0,0.2521683766057139,0.0264001096849204
1622,2.0,0.35183963308013805,0.03361693790549233
1623,2.0,0.34584202788001717,0.03628130912985659
1624,2.0,0.25106249834420297,0.025755296598128575
1625,2.0,0.363395471042649,0.033417375722624244
1626,2.0,0.26179253433917227,0.024933622149771146
1627,2.0,0.3397854005442535,0.030378518275515385
1628,2.0,0.2469953983167886,0.020639430922382452
1629,2.0,0.23731195231065633,0.025624815466668494
1630,2.0,0.3388226063773389,0.0355544751036265
1631,2.0,0.34852449676203273,0.03243840472059456
1632,2.0,0.32248618436105275,0.02932611804068194
1633,2.0,0.2555026207357844,0.021892301715124192
1634,2.0,0.33736067202144576,0.03151802864247543
1635,2.0,0.3415991702609049,0.03323535001453344
1636,2.0,0.20442455987594146,0.021577351320865384
1637,2.0,0.32386251423493856,0.030065844795651574
1638,2.0,0.25125081871830546,0.024618388989443175
1639,2.0,0.3242123626138924,0.03278796596136522
1640,2.0,0.27152103506471875,0.0258127801234792
1641,2.0,0.2691812272678387,0.023424270508378756
1642,2.0,0.26989794844648285,0.02664011987195267
1643,2.0,0.2725807078929222,0.02593685695334803
1644,2.0,0.22351262682923748,0.020010733191609488
1645,2.0,0.27177768642257993,0.02705600785027333
1646,2.0,0.2725329611645547,0.026990659617401932
1647,2.0,0.2644862344574092,0.027335504827973617
1648,2.0,0.27303167169516523,0.026297846704567685
1649,2.0,0.2717526804266497,0.025201782631467416
1650,2.0,0.18847476018106618,0.023899855826216253
1651,2.0,0.2373809263290824,0.028031469529926873
1652,2.0,0.2785940742186138,0.033589442119283545
1653,2.0,0.30927058447788136,0.033380177558864695
1654,2.0,0.27786855406778616,0.028429073053113315
1655,2.0,0.18802376020421377,0.01935414825451361
1656,2.0,0.235882171526993,0.026691387128792193
1657,2.0,0.22755681924629098,0.03159767336461258
1658,2.0,0.30553481531123944,0.03403458735169743
1659,2.0,0.31264108795255247,0.033902168807526306
1660,2.0,0.27076873937820467,0.027630825864465913
1661,2.0,0.3499135108279567,0.035615312493857715
1662,2.0,0.2916881166534563,0.030332809704030555
1663,2.0,0.3466613241972615,0.03593321932924881
1664,2.0,0.29452540717623676,0.028488612174264172
1665,2.0,0.32548673984727855,0.03475644140152049
1666,2.0,0.27047397477232776,0.025452628855657095
1667,2.0,0.3253550562791777,0.034227041373917536
1668,2.0,0.32570117084280137,0.031468331740517434
1669,2.0,0.37099145597178235,0.03344099516114541
1670,2.0,0.29063799366685283,0.035732058143225345
1671,2.0,0.245260394650858,0.030701986434526915
1672,2.0,0.4032520898222935,0.042323957664603756
1673,2.0,0.40220734409432474,0.041027891668550455
1674,2.0,0.40622885757441285,0.043120735954953616
1675,2.0,0.2951186643141699,0.032153704318368455
1676,2.0,0.309184467539278,0.03568480464281909
1677,2.0,0.24343774804151017,0.02858145861002785
1678,2.0,0.2480603665080258,0.028656990893439017
1679,2.0,0.2769285937811053,0.03518193905652277
1680,2.0,0.2086202045028757,0.018698154955535343
1681,2.0,0.20902743247642264,0.018364616850023496
1682,2.0,0.20854044348693837,0.01673046440633883
1683,2.0,0.17524553999136272,0.01953045242768137
1684,2.0,0.20827403489108406,0.01842988666671436
1685,2.0,0.20879769750886099,0.018465972630597783
1686,2.0,0.2318490864256544,0.01766704112690274
1687,2.0,0.20848210739247658,0.016449863492634678
1688,2.0,0.2078582169996721,0.018277424368442624
1689,2.0,0.20899901570639093,0.019748401361599312
1690,2.0,0.30330502371994333,0.03233812552473083
1691,2.0,0.13715420385872198,0.020439361611060396
1692,2.0,0.31819807610379125,0.035860676794726376
1693,2.0,0.18394319188570651,0.025899800971280567
1694,2.0,0.2549093729565992,0.031565247004249036
1695,2.0,0.23737938161262784,0.031280422577075535
1696,2.0,0.18456509593789786,0.020672524357665378
1697,2.0,0.18463974822904397,0.022142822630937836
1698,2.0,0.18377416766217705,0.023024113672407857
1699,2.0,0.3107640209227993,0.03508377285887092
1700,2.0,0.09819280936456347,0.015750094594796826
1701,2.0,0.09621018450192724,0.016052693781228013
1702,2.0,0.09909092598602613,0.016773901968321375
1703,2.0,0.09819280936456347,0.018392601720205647
1704,2.0,0.09902227434272234,0.017037156760995903
1705,2.0,0.09890046913208883,0.018530628153372756
1706,2.0,0.09837687365928967,0.01558176795629369
1707,2.0,0.09818778667488598,0.017139961824109925
1708,2.0,0.09805286345542619,0.016624983798309508
1709,2.0,0.09880928135582427,0.015564506414786496
1710,2.0,0.16613778164664345,0.027582681761480175
1711,2.0,0.1305881280200219,0.01868284289075085
1712,2.0,0.12423618500246851,0.019749592002798626
1713,2.0,0.12260115756893789,0.01855184071207797
1714,2.0,0.2057879279836055,0.02663539066221734
1715,2.0,0.12362014786811579,0.017898344941883228
1716,2.0,0.14666575423551093,0.023261417783170785
1717,2.0,0.12504182023601582,0.01950537889844491
1718,2.0,0.1247521078330803,0.020145468107429586
1719,2.0,0.13135095860406987,0.018484028057560713
1720,2.0,0.19143037133170845,0.022489619028469056
1721,2.0,0.29093429565901274,0.03248856613983803
1722,2.0,0.17706589019931174,0.01918501355451098
1723,2.0,0.3033502393941692,0.03689289492058787
1724,2.0,0.29473394335108816,0.03354872974520506
1725,2.0,0.19371799901044362,0.027718564169359382
1726,2.0,0.10362885544903637,0.021442657194973864
1727,2.0,0.25157206578218033,0.02941012966010843
1728,2.0,0.10389401156932909,0.019724750900624057
1729,2.0,0.28803977184743396,0.034249100394281584
1730,2.0,0.31778209508758626,0.03615983392920831
1731,2.0,0.28620398094108335,0.03208927307373604
1732,2.0,0.36120873497779954,0.03723835944911647
1733,2.0,0.3373407702592745,0.03690562931652389
1734,2.0,0.34592089830543876,0.036325503752686304
1735,2.0,0.36139756204538304,0.03703998091390909
1736,2.0,0.32023554138868454,0.03299376290275785
1737,2.0,0.1309907250680215,0.022821927748967675
1738,2.0,0.35069142349666677,0.03621208963481864
1739,2.0,0.3685556130151444,0.03828603543181319
1740,2.0,0.21269641146844107,0.019807425827500304
1741,2.0,0.21924537537498046,0.02353726706798337
1742,2.0,0.21918470196903347,0.023961204572219053
1743,2.0,0.19714014292358917,0.01948579317330732
1744,2.0,0.2201526538606261,0.022393363897287907
1745,2.0,0.21851575577454324,0.023756578714661487
1746,2.0,0.1969267155708737,0.019499805015269257
1747,2.0,0.19673762629743868,0.018837569364804293
1748,2.0,0.19687264875504573,0.019006944932878977
1749,2.0,0.19718155768554507,0.018346279050200264
1750,2.0,0.4126008149184786,0.0404861209087275
1751,2.0,0.41438566247760683,0.040014965215485074
1752,2.0,0.41552554215884324,0.03914691273155036
1753,2.0,0.3948245245775554,0.04169225172065147
1754,2.0,0.41247099431800976,0.039172227618091734
1755,2.0,0.4098613092233184,0.037927032750870185
1756,2.0,0.41788892770692176,0.041169689243089905
1757,2.0,0.41402368999249967,0.039449129212143774
1758,2.0,0.4125373068763216,0.03763381035882404
1759,2.0,0.40100528015112735,0.03768646738997242
1760,2.0,0.2542429729587395,0.02009500664284261
1761,2.0,0.39114676989358654,0.036924664339596444
1762,2.0,0.2428809526614237,0.02006999523806577
1763,2.0,0.29666816998069,0.024155202510849072
1764,2.0,0.2582568312028785,0.020484947236605818
1765,2.0,0.25850456192062266,0.021591423482229758
1766,2.0,0.2585775579494693,0.023211018955689562
1767,2.0,0.2540434610893775,0.02230897012230306
1768,2.0,0.258862289802202,0.023646097324931135
1769,2.0,0.24259496785431114,0.021621127480854336
1770,2.0,0.23723046726170235,0.018034145531239488
1771,2.0,0.24573792382614718,0.01895788500125709
1772,2.0,0.2771824005177926,0.02177460656951285
1773,2.0,0.245233409863108,0.02076011275854939
1774,2.0,0.451773668079194,0.039281316906687146
1775,2.0,0.34829287950144083,0.032974493691986254
1776,2.0,0.3416397703150576,0.03316482567325966
1777,2.0,0.24530593841705933,0.01808146468423815
1778,2.0,0.2546519111736123,0.02088500743467904
1779,2.0,0.2454294404335276,0.019268273661880917
1780,2.0,0.20456663740639147,0.025129703182669175
1781,2.0,0.20200406229842238,0.026803716986446048
1782,2.0,0.4066448207189008,0.035720671277799224
1783,2.0,0.2604040291150249,0.02766225319756898
1784,2.0,0.210033133882931,0.030759942891141263
1785,2.0,0.2586037218047892,0.03052071026684133
1786,2.0,0.202636419525708,0.028952289942304334
1787,2.0,0.20361604326067118,0.02731480819307748
1788,2.0,0.20227368371689392,0.02574922107762142
1789,2.0,0.2544298749861763,0.030487285885781375
1790,2.0,0.35834017742921376,0.0359057594293664
1791,2.0,0.40775878633663937,0.039559389725057924
1792,2.0,0.31279162392313087,0.030224456806065114
1793,2.0,0.3498335232507306,0.03622333618132653
1794,2.0,0.3546213673504649,0.03447247041575132
1795,2.0,0.2947122714513779,0.03186969099478657
1796,2.0,0.316080061990861,0.03265747693157027
1797,2.0,0.3448530183665197,0.03407709367770962
1798,2.0,0.2653695923541081,0.03189809904589071
1799,2.0,0.31069727330957136,0.03644277500335518
1800,2.0,0.2965300260073176,0.03357784679132886
1801,2.0,0.285964025539566,0.038085999054881345
1802,2.0,0.28430392324855597,0.034682204542891865
1803,2.0,0.36620744042642134,0.04075661488042619
1804,2.0,0.2858146640236091,0.03675056737134481
1805,2.0,0.26775868913202255,0.03408139954840363
1806,2.0,0.22071425276391132,0.029227455261321204
1807,2.0,0.2410254470982872,0.031158013833046064
1808,2.0,0.34761680845008947,0.04158324615325746
1809,2.0,0.3092381045872292,0.03559388378085451
1810,2.0,0.19929729880885863,0.02429246508429698
1811,2.0,0.28357354169574617,0.03459529992310131
1812,2.0,0.3685306490819181,0.04110948266026055
1813,2.0,0.38755361011330525,0.04339550024590151
1814,2.0,0.34380250656423816,0.03982652112369608
1815,2.0,0.23191381028750685,0.031214419388029623
1816,2.0,0.19821321763535213,0.02598890368239058
1817,2.0,0.23264784087240614,0.03109986911904599
1818,2.0,0.15499954116330775,0.021146885507937918
1819,2.0,0.23351640859038417,0.031996858261468065
1820,2.0,0.2772772289526678,0.03733705450210017
1821,2.0,0.2545088297040283,0.036997848049578265
1822,2.0,0.2261274876184426,0.02638509166816313
1823,2.0,0.3294345573689774,0.03652032401475276
1824,2.0,0.3844844298267333,0.04469168729935773
1825,2.0,0.267413561005945,0.03944431232560185
1826,2.0,0.2513518176112382,0.034188981180654894
1827,2.0,0.3494441943657107,0.03843489437139256
1828,2.0,0.2973393293803633,0.0342798174959415
1829,2.0,0.11698211201873693,0.016982292389146718
1830,2.0,0.26077605623648226,0.03162906121025979
1831,2.0,0.205937580778431,0.026179580134352225
1832,2.0,0.10905931192655395,0.017779278753640458
1833,2.0,0.26293769396480765,0.026978835435065233
1834,2.0,0.2670100219740708,0.0286146663263317
1835,2.0,0.22638762845967275,0.02873910993737951
1836,2.0,0.25782166860842326,0.030001039350855827
1837,2.0,0.26565635748959704,0.028155612540408072
1838,2.0,0.3084353032630917,0.03424758748332216
1839,2.0,0.24652407098080262,0.03235371605717442
1840,2.0,0.24524369583601618,0.03186633484387404
1841,2.0,0.3135840053848341,0.03956417133363267
1842,2.0,0.2843893222989168,0.039326574946935235
1843,2.0,0.30228104726865884,0.03611988841852112
1844,2.0,0.24569574646479214,0.029093699991645464
1845,2.0,0.2945162904081297,0.038351064155684116
1846,2.0,0.34198074125233197,0.04204675294945231
1847,2.0,0.34975339260967897,0.038995947283331486
1848,2.0,0.24376186738733419,0.03183133432737707
1849,2.0,0.29238822197183845,0.0409661131491524
1850,2.0,0.2740903062206293,0.021599632941426052
1851,2.0,0.26861976356581146,0.023877556016492066
1852,2.0,0.2570015490254026,0.027063957817657528
1853,2.0,0.286586154190233,0.023625652433361486
1854,2.0,0.27575226631079897,0.021759545855937368
1855,2.0,0.2747158794689637,0.023728364828963122
1856,2.0,0.27564957735966567,0.022411095026949646
1857,2.0,0.2756849600848609,0.02322943768002716
1858,2.0,0.2755613403870545,0.02232672200561219
1859,2.0,0.280622642942728,0.031186532439949715
1860,2.0,0.3061965010386323,0.02583419893055335
1861,2.0,0.30657960302788545,0.02703524006065197
1862,2.0,0.30661324573965165,0.024064113831373617
1863,2.0,0.3025366754254989,0.02576523357684744
1864,2.0,0.3275233113414296,0.02465628957915492
1865,2.0,0.19279252244114584,0.021755373471177286
1866,2.0,0.3048160534182258,0.02507042816488378
1867,2.0,0.3604780279069111,0.026468691893896158
1868,2.0,0.1919590153201175,0.016555146956385044
1869,2.0,0.30635615736747923,0.0285372485439418
1870,2.0,0.14888062608201696,0.019174212706605947
1871,2.0,0.29833597532887557,0.025695319971309066
1872,2.0,0.2514446672108384,0.02671580254708953
1873,2.0,0.35819638124825354,0.03288879730287635
1874,2.0,0.2776757327098332,0.02583369364891729
1875,2.0,0.23708312801270204,0.02345062900385911
1876,2.0,0.32108204323210465,0.03086298251269348
1877,2.0,0.14744092846160803,0.019563205015052567
1878,2.0,0.33074172287081727,0.029637789846123377
1879,2.0,0.3072225436426456,0.025959095729842622
1880,2.0,0.3105669861890519,0.026962926166300038
1881,2.0,0.2871591554932097,0.02425684658813201
1882,2.0,0.28707447687641785,0.020143287867872305
1883,2.0,0.3134610462031141,0.028805882172790325
1884,2.0,0.21876624529552707,0.019642004655150515
1885,2.0,0.25130128179464534,0.021387703356197454
1886,2.0,0.31160107752535915,0.02280779179962243
1887,2.0,0.2455783564603222,0.023165877647469676
1888,2.0,0.24824989007392323,0.021433448210773313
1889,2.0,0.22327034413889632,0.018614737549018146
1890,2.0,0.24559775171949275,0.019845390755074816
1891,2.0,0.24503615580067367,0.021081839735261204
1892,2.0,0.24520138386021353,0.02292256739412074
1893,2.0,0.24345982394715976,0.019775549438350914
1894,2.0,0.1291844537294126,0.014409029156489282
1895,2.0,0.2447401863867158,0.022711120860572358
1896,2.0,0.12819414649295563,0.013337925739948207
1897,2.0,0.12799332313094253,0.012585204014138093
1898,2.0,0.12896715282386279,0.015470323312997284
1899,2.0,0.12870541066965271,0.010887400579683503
1900,2.0,0.4218095160760872,0.0386613115508418
1901,2.0,0.31969950066030206,0.028601100309931064
1902,2.0,0.3160094997894236,0.0308781884549407
1903,2.0,0.3179658196276557,0.02990424765943076
1904,2.0,0.3673387357578583,0.03555712638707857
1905,2.0,0.3965799551562094,0.034607224278325174
1906,2.0,0.3179664833112064,0.030380203921961252
1907,2.0,0.38933403321335164,0.033944571180929604
1908,2.0,0.27304334601865243,0.025535403895306296
1909,2.0,0.3248866384585948,0.031599160079970386
1910,2.0,0.10491886228011985,0.018732877640427695
1911,2.0,0.10436508420564765,0.016330026733154115
1912,2.0,0.10429201007913885,0.017847212480609893
1913,2.0,0.38629312389718506,0.039877344806186384
1914,2.0,0.35615613506904736,0.03214993510980485
1915,2.0,0.10459066124066792,0.018663952585957547
1916,2.0,0.10416095904217189,0.01889237477934621
1917,2.0,0.3529104097626638,0.03331137775621063
1918,2.0,0.3591763705790085,0.035388475264028676
1919,2.0,0.35552743277346166,0.03269474567393779
1920,2.0,0.2891096165769187,0.034031483604166086
1921,2.0,0.1918023834849807,0.022210430801691442
1922,2.0,0.13254893967372702,0.012812775811040102
1923,2.0,0.29844202730376296,0.03297409507111034
1924,2.0,0.19054136112093958,0.022413858050400564
1925,2.0,0.1784516053831249,0.01957976591230034
1926,2.0,0.18933272395946132,0.021878765351950526
1927,2.0,0.18987646336516142,0.023347854820143
1928,2.0,0.1338565532641754,0.016891313457803293
1929,2.0,0.2075732984841014,0.023524866496457894
1930,2.0,0.3073488873084922,0.029467888737682534
1931,2.0,0.2521185367780839,0.02620253319957771
1932,2.0,0.3079164078964328,0.028480103881373744
1933,2.0,0.2548314231053568,0.024318511455886725
1934,2.0,0.3053101461396638,0.02824409325286254
1935,2.0,0.15881656733868282,0.02328641298292207
1936,2.0,0.2540496369575845,0.0235586070017944
1937,2.0,0.3045755738764941,0.028331072653298588
1938,2.0,0.3068475891869116,0.02985599906027546
1939,2.0,0.2623618166645449,0.02495550590471914
1940,2.0,0.24940039237062908,0.02639018471443531
1941,2.0,0.2637666280673657,0.025458840377290983
1942,2.0,0.3395201436491467,0.030343377679489584
1943,2.0,0.25384901530192744,0.024506253004464573
1944,2.0,0.2720295448125893,0.028782722110114945
1945,2.0,0.27138000277579893,0.028551514721948817
1946,2.0,0.2787255639035197,0.02950456115880361
1947,2.0,0.24363522930022688,0.028551853064947893
1948,2.0,0.2599470975100719,0.024045657845163295
1949,2.0,0.26340663067656794,0.02752361843289018
1950,2.0,0.196183611963033,0.019569982062464703
1951,2.0,0.17590698829073081,0.01466152103308045
1952,2.0,0.17565649465798647,0.015045498669105884
1953,2.0,0.17563754252324382,0.015940724607871038
1954,2.0,0.17572088414785259,0.015312391630371259
1955,2.0,0.17534417480053116,0.013293312332482623
1956,2.0,0.17532666394083998,0.015787155704612463
1957,2.0,0.17582812486176125,0.014800470380292736
1958,2.0,0.17536817746373115,0.015515309793558028
1959,2.0,0.1752689720430148,0.012818234230812584
1960,2.0,0.18776242920166253,0.017403759227642087
1961,2.0,0.18709065416324888,0.019850886164716534
1962,2.0,0.18767283631310655,0.021615586561240505
1963,2.0,0.26824413088213983,0.026268276681110415
1964,2.0,0.1872236315087603,0.021504814284020915
1965,2.0,0.1874089354504422,0.02015012724012304
1966,2.0,0.30313658650928527,0.03078758780347845
1967,2.0,0.18668385869574794,0.019754213756611256
1968,2.0,0.18608592954416484,0.02055991703070399
1969,2.0,0.36518145503891736,0.031276267899856484
1970,2.0,0.18675019992839823,0.019380244672782532
1971,2.0,0.3082852596723721,0.030396937076083964
1972,2.0,0.30464264851688744,0.028350030725160937
1973,2.0,0.18766544313555134,0.01771786841969246
1974,2.0,0.18724576793716166,0.02144864835523215
1975,2.0,0.30031780218956755,0.029712039230195112
1976,2.0,0.31110161942135384,0.02785328993044166
1977,2.0,0.2987660825168651,0.031205340226113393
1978,2.0,0.18709580127428246,0.020798525366873696
1979,2.0,0.3050145356470703,0.027244886476193955
1980,2.0,0.2608474109318146,0.02194293222822907
1981,2.0,0.1748914470918409,0.01650219919880606
1982,2.0,0.3000984221681426,0.02796989320036576
1983,2.0,0.17368504794543127,0.018265151096087125
1984,2.0,0.2977031567158617,0.024356857420919985
1985,2.0,0.3056930913878333,0.028062547015191158
1986,2.0,0.21172819794495268,0.022763139266977896
1987,2.0,0.23604312786021242,0.023383262762927265
1988,2.0,0.33628179641945094,0.033603563250032095
1989,2.0,0.18827955673726102,0.02104999028333954
1990,2.0,0.26328290225039624,0.02685888086713497
1991,2.0,0.27211826205167455,0.025667844123865052
1992,2.0,0.26452974596311296,0.030469273675566618
1993,2.0,0.2627606176295854,0.030551758503595608
1994,2.0,0.2624761273808588,0.025902254009116606
1995,2.0,0.28975302938983527,0.027152006468241514
1996,2.0,0.2910543536150141,0.02744559705429312
1997,2.0,0.2641636919814417,0.026081956154318468
1998,2.0,0.2640757997462408,0.027392152576147435
1999,2.0,0.29099639704237007,0.028094090385446236
2000,2.5,0.26171340965037954,0.025140530901712595
2001,2.5,0.1710550227613714,0.022508994654982722
2002,2.5,0.39939607726570675,0.04938307533159998
2003,2.5,0.37335674356903314,0.045475013675336746
2004,2.5,0.1702381025741946,0.022898052727551053
2005,2.5,0.4242868717854996,0.04769619658636126
2006,2.5,0.17039165204816942,0.021218969176713585
2007,2.5,0.27989461292104845,0.03547977362074899
2008,2.5,0.40300855966983407,0.04791923711137574
2009,2.5,0.4164217227596797,0.04524855300700396
2010,2.5,0.4770697852974764,0.05313042401068318
2011,2.5,0.4451393635820893,0.053213028667035686
2012,2.5,0.3913957996680262,0.043381785515665766
2013,2.5,0.3752549387593809,0.04477553040460491
2014,2.5,0.33338962437357594,0.045511828471478194
2015,2.5,0.41499715927349573,0.04836825144703531
2016,2.5,0.43825665574383843,0.04881276560167019
2017,2.5,0.3632524239413966,0.046353820860396897
2018,2.5,0.32784998070016735,0.04288124216363359
2019,2.5,0.4548987701526274,0.05014757093736592
2020,2.5,0.33899435856629767,0.04060248598594172
2021,2.5,0.3586865838769599,0.046256369446293535
2022,2.5,0.3618148764759856,0.04607699271967751
2023,2.5,0.37030460540818355,0.04493655253145617
2024,2.5,0.3010489064561493,0.03744616853621638
2025,2.5,0.3423282929764871,0.0434702333661114
2026,2.5,0.4332746621040684,0.05018876519662167
2027,2.5,0.3399500147682929,0.041908613565937426
2028,2.5,0.4047703002355436,0.048931429424105576
2029,2.5,0.3660105450359448,0.045783902548498845
2030,2.5,0.23939667210241414,0.0379107357343547
2031,2.5,0.28278562173229627,0.037936985793714156
2032,2.5,0.13330697192918725,0.020597256502459745
2033,2.5,0.13359429718166138,0.02020539514389676
2034,2.5,0.1320431906829493,0.01899597916105811
2035,2.5,0.17641393582971135,0.03250309057095656
2036,2.5,0.13375699457722098,0.02055625602617566
2037,2.5,0.13276890822786194,0.019533265903558934
2038,2.5,0.13389458710222119,0.020177907317651372
2039,2.5,0.1327879916573138,0.022400348624513577
2040,2.5,0.346842899967354,0.04185572300001706
2041,2.5,0.42510873755628026,0.05100561916565525
2042,2.5,0.23480010160118434,0.0330519344113027
2043,2.5,0.28586877650813813,0.04020824084059558
2044,2.5,0.3559678917554831,0.04269233272529954
2045,2.5,0.33902118515888935,0.0436452036858043
2046,2.5,0.2220030127539209,0.03143109048921119
2047,2.5,0.38234172893992674,0.052523318415479484
2048,2.5,0.18411550574963956,0.0280924787799765
2049,2.5,0.3499489599463719,0.041306469393996466
2050,2.5,0.292469655921607,0.02873971744777238
2051,2.5,0.303861710086806,0.03163367802786683
2052,2.5,0.2984148723527948,0.030543263593581147
2053,2.5,0.29319486188597366,0.02787779087650207
2054,2.5,0.24391491094756054,0.02290599111096487
2055,2.5,0.31286590450226104,0.030602991715119814
2056,2.5,0.3084861180103855,0.032364014913394995
2057,2.5,0.32293204969893213,0.03171311873322934
2058,2.5,0.30184801417238305,0.03424943252357484
2059,2.5,0.2857033597168273,0.024775634784321387
2060,2.5,0.31882175697155685,0.030556081190013983
2061,2.5,0.3208907705832627,0.033286409155617744
2062,2.5,0.4341534388255195,0.04023128646350441
2063,2.5,0.2707636403351639,0.03017656396524711
2064,2.5,0.4057393932030607,0.040997341531577906
2065,2.5,0.36081083025729577,0.03773024283392461
2066,2.5,0.309727441870197,0.031878217133272886
2067,2.5,0.271165330478625,0.02701745449987258
2068,2.5,0.34765025282238887,0.03649439931834685
2069,2.5,0.318336206860493,0.03296012884616241
2070,2.5,0.4561612183576006,0.03731890601356261
2071,2.5,0.270401335390026,0.031987854975083226
2072,2.5,0.25091990246467794,0.02751056452234172
2073,2.5,0.4148739080526701,0.03743878640653734
2074,2.5,0.2703519051177589,0.030495110096629103
2075,2.5,0.31392723192624816,0.02910434745122722
2076,2.5,0.2767724403547053,0.02786615988285408
2077,2.5,0.32863267678545177,0.03196094864815379
2078,2.5,0.3305854326997336,0.032139129323750695
2079,2.5,0.3301693228444862,0.0321199665144573
2080,2.5,0.3955771043054962,0.03363613671592384
2081,2.5,0.4199134369174419,0.03926061366919499
2082,2.5,0.3521635582692096,0.036475859387045714
2083,2.5,0.40182638974558255,0.036431726724515466
2084,2.5,0.34615635519117316,0.03259823652293929
2085,2.5,0.430444062937153,0.041142892396453044
2086,2.5,0.3721583538087843,0.03533069500926001
2087,2.5,0.4741995596791439,0.041472992764897146
2088,2.5,0.33649333879857296,0.03527137867867262
2089,2.5,0.3426479869175244,0.032431818886547475
2090,2.5,0.31357231193460594,0.030072446921896444
2091,2.5,0.301923005793731,0.02991736612849536
2092,2.5,0.3040677803499445,0.028282525044083653
2093,2.5,0.3001771155137191,0.02887105576095508
2094,2.5,0.30411374082549514,0.026695378315803188
2095,2.5,0.41777423648882794,0.03408937163382476
2096,2.5,0.3530633712932809,0.0287017324734431
2097,2.5,0.2987585245396784,0.026807602581423468
2098,2.5,0.3854771548047056,0.032617184720581276
2099,2.5,0.2779732560310435,0.029053611356799933
2100,2.5,0.2783743231243325,0.027392806210214515
2101,2.5,0.278989254607627,0.027599765689953322
2102,2.5,0.34381233729166427,0.033531641522692016
2103,2.5,0.41251272233501446,0.03851803154555128
2104,2.5,0.2797199087510933,0.027567676201113007
2105,2.5,0.309661087033334,0.03001829535482003
2106,2.5,0.3329062910928103,0.03244786575656805
2107,2.5,0.36356673943828827,0.03315332295163681
2108,2.5,0.3178489314925781,0.03238832967509709
2109,2.5,0.277421272985563,0.03033375519196625
2110,2.5,0.3120756404840953,0.026587036617675096
2111,2.5,0.321403628624043,0.030218434561935865
2112,2.5,0.29355305190732445,0.022973586842200543
2113,2.5,0.3256468847435212,0.0265236784472307
2114,2.5,0.2786741561942661,0.025025928982646464
2115,2.5,0.31703072423706663,0.024381192745982404
2116,2.5,0.34517562286690634,0.029486102003881014
2117,2.5,0.2936514770178269,0.0242578030686468
2118,2.5,0.30313425645447784,0.023611513462327267
2119,2.5,0.309387311107835,0.026724821638158945
2120,2.5,0.2966940025493843,0.03169997211159109
2121,2.5,0.30456446383403996,0.034915356079010876
2122,2.5,0.3845471184128098,0.03443138466813399
2123,2.5,0.3622566774207343,0.03748556207714429
2124,2.5,0.29848924022027606,0.031082406896077684
2125,2.5,0.3944941708026675,0.03503891644246312
2126,2.5,0.332979665917998,0.031834686931551184
2127,2.5,0.34194795322294663,0.03170838558371414
2128,2.5,0.2454830141766672,0.02056372353585845
2129,2.5,0.29505319674907654,0.02737597983880263
2130,2.5,0.3715441502167769,0.034648642159032905
2131,2.5,0.38614374491010406,0.03388212648074158
2132,2.5,0.3269347940889978,0.02891382129847405
2133,2.5,0.25036011809026976,0.02406650228160503
2134,2.5,0.3722465914347591,0.03598128845443299
2135,2.5,0.34295157675714,0.03207413997953635
2136,2.5,0.3036046042897609,0.030887496738890897
2137,2.5,0.32894231943735447,0.029814075738820257
2138,2.5,0.24824091754928218,0.024953710455825492
2139,2.5,0.33111486783529337,0.029069995098607856
2140,2.5,0.2674886190118343,0.027845514470519497
2141,2.5,0.2649173094366556,0.02443610779389411
2142,2.5,0.266288323493781,0.024463405304236067
2143,2.5,0.26838570321807675,0.025893226479942365
2144,2.5,0.24765060132713232,0.021678785608633077
2145,2.5,0.26747623825884337,0.028011827546140195
2146,2.5,0.26808176494064495,0.025658219092267707
2147,2.5,0.2586181182734472,0.02706338686106786
2148,2.5,0.2707028573101302,0.026842013126285272
2149,2.5,0.2677576383921102,0.025625331422562955
2150,2.5,0.18714790897721975,0.023787033373528135
2151,2.5,0.2363868810717259,0.025714847953075663
2152,2.5,0.27503307479070377,0.03304526333801685
2153,2.5,0.30905467769638034,0.02958938589493249
2154,2.5,0.3504601581386533,0.036439439179780486
2155,2.5,0.23875587342007168,0.028609846532594435
2156,2.5,0.2354690511882366,0.026794415690992283
2157,2.5,0.23646074424981628,0.0364598435710878
2158,2.5,0.36637266018167874,0.03914947960823069
2159,2.5,0.3104778155304491,0.03373993759466318
2160,2.5,0.26691161513145034,0.027897251376827782
2161,2.5,0.34089863929719555,0.03452214976209541
2162,2.5,0.2859452929362029,0.02844798800457646
2163,2.5,0.33726744056772173,0.033073194321205535
2164,2.5,0.2889084471281888,0.026595107469300366
2165,2.5,0.3216436834465858,0.03626022540584057
2166,2.5,0.26649767600844837,0.02690966306822783
2167,2.5,0.3221117668867686,0.03234230925502819
2168,2.5,0.32750369821037567,0.03287386914052666
2169,2.5,0.36429273135206125,0.029765057690128587
2170,2.5,0.2855885393260822,0.036040412491994744
2171,2.5,0.24193922536311313,0.029815130590184286
2172,2.5,0.404211838395646,0.039905233406610854
2173,2.5,0.4293149746500601,0.04145980777065278
2174,2.5,0.4219151481082683,0.043469124425518556
2175,2.5,0.2970459674977359,0.029448821303615137
2176,2.5,0.3102438979681655,0.03495877438184793
2177,2.5,0.29444223610765813,0.033242710373862214
2178,2.5,0.3349949933031186,0.03564279458379469
2179,2.5,0.3003919716022175,0.03443378867961951
2180,2.5,0.20798364298685568,0.015323796836096594
2181,2.5,0.2081396616754576,0.015123901574358613
2182,2.5,0.20784248036582242,0.018944505979809394
2183,2.5,0.1745291805349252,0.018038764653365128
2184,2.5,0.2075146172671074,0.018585529775615582
2185,2.5,0.20816890723569456,0.01671942731231092
2186,2.5,0.22979476416343686,0.01795591350679861
2187,2.5,0.20809887415611703,0.01765640609217872
2188,2.5,0.20732922977499688,0.019754469275528954
2189,2.5,0.2081798240151796,0.018229842624111453
2190,2.5,0.3459466942583983,0.042199796361875985
2191,2.5,0.13575365994233857,0.016926104830940033
2192,2.5,0.40199390460583667,0.043403609852641536
2193,2.5,0.180114749945806,0.02348433700400828
2194,2.5,0.25137585241566257,0.03088958453770354
2195,2.5,0.24084344133133803,0.0343912655784034
2196,2.5,0.18067246573347479,0.02314861931776623
2197,2.5,0.1810738175012511,0.02435166148928367
2198,2.5,0.18004303873604685,0.024374163493452186
2199,2.5,0.31490641368117217,0.03908248752530774
2200,2.5,0.09904453425363041,0.01821258229231522
2201,2.5,0.09705719526067706,0.016250994453213388
2202,2.5,0.10004284226667012,0.014380762196453293
2203,2.5,0.09917703106748478,0.015935143494068445
2204,2.5,0.09776953418365195,0.01573543797641432
2205,2.5,0.10004944139419913,0.01613510316649211
2206,2.5,0.09946487446132872,0.015449654741695825
2207,2.5,0.09895485072524646,0.015481957526510687
2208,2.5,0.09904175927070659,0.017310614078637564
2209,2.5,0.09970321459481646,0.016204445056963813
2210,2.5,0.27618356100800534,0.03850087649711432
2211,2.5,0.12901264971500978,0.021222440564940284
2212,2.5,0.12302287050524216,0.021050294853364328
2213,2.5,0.12187554590536616,0.016658928387690432
2214,2.5,0.2012130573012874,0.029105300151844985
2215,2.5,0.12438039141492209,0.01847923952420956
2216,2.5,0.1443939982707718,0.021208689577536282
2217,2.5,0.12333941250953165,0.018038621710989553
2218,2.5,0.12297207448887669,0.01924202666592858
2219,2.5,0.12993945030735007,0.017925297658196334
2220,2.5,0.2684487342278055,0.028847271075230912
2221,2.5,0.2923676834688489,0.033129707723678646
2222,2.5,0.1751026816978007,0.020902965739441597
2223,2.5,0.2970622537992888,0.03376441866827472
2224,2.5,0.29507775381202067,0.03205994689787128
2225,2.5,0.18915450176916349,0.02841019733839755
2226,2.5,0.10354459528845622,0.01829707455401165
2227,2.5,0.24985049094263503,0.03007103964065647
2228,2.5,0.10330292460537854,0.0186478613973389
2229,2.5,0.29321966074094946,0.030933436539295974
2230,2.5,0.3259105319317665,0.035873990096454526
2231,2.5,0.31350712419011634,0.03278611204022351
2232,2.5,0.38107553605358063,0.04000474507265377
2233,2.5,0.3775437487147312,0.03909595709051584
2234,2.5,0.3314613964043589,0.0367041581868592
2235,2.5,0.38582739043408415,0.04033803994461274
2236,2.5,0.32949576998618896,0.039149528769647356
2237,2.5,0.12990283790161677,0.02226400038614334
2238,2.5,0.34573380726829256,0.036366252969766776
2239,2.5,0.37531616000007384,0.04024796361458522
2240,2.5,0.21763144641897422,0.025103394960151775
2241,2.5,0.21699064171498111,0.026223425689889453
2242,2.5,0.21720948132172666,0.02244070118629509
2243,2.5,0.21842562891637055,0.0202967690043726
2244,2.5,0.21780919500048113,0.022096481769830943
2245,2.5,0.21768911859362391,0.02450099569067375
2246,2.5,0.21747601752949564,0.024279133662499768
2247,2.5,0.2169746949198934,0.02377660269659664
2248,2.5,0.21672800240589563,0.023678260666580676
2249,2.5,0.2170097421979579,0.023818918125145833
2250,2.5,0.41799731827895176,0.039274433979201405
2251,2.5,0.4169634140277382,0.04063746342537986
2252,2.5,0.41601016804661,0.03940998319136865
2253,2.5,0.3824872839488407,0.04090700639683545
2254,2.5,0.4224023157898342,0.04112938839119303
2255,2.5,0.4198275975748751,0.0380113739961285
2256,2.5,0.4316278780305009,0.04236631333411249
2257,2.5,0.4161958502222467,0.04046410124166938
2258,2.5,0.4160084899959485,0.039534689298191455
2259,2.5,0.4134786196010219,0.0383537199642921
2260,2.5,0.2540468088339483,0.01966888889839143
2261,2.5,0.42181423876192053,0.041418585192617895
2262,2.5,0.24330972700262063,0.020107575314856713
2263,2.5,0.293708304646689,0.027564569036587116
2264,2.5,0.2581065752373608,0.020957081931921463
2265,2.5,0.2580453157133808,0.02525409629738941
2266,2.5,0.2585433564405883,0.02187025885186212
2267,2.5,0.2521140059952249,0.021278546232673133
2268,2.5,0.25809387149419416,0.02080163397832858
2269,2.5,0.2433101721652308,0.020023223660319226
2270,2.5,0.2593978912028184,0.020411173757215486
2271,2.5,0.2699064169317361,0.021072799335984244
2272,2.5,0.27463947816070816,0.02199786372624071
2273,2.5,0.2442464456094376,0.02000827012465572
2274,2.5,0.4795750380129693,0.04402581593412252
2275,2.5,0.3356075447137629,0.034323680695577966
2276,2.5,0.3281666665622056,0.03482937630258328
2277,2.5,0.281603612702798,0.02423188785315307
2278,2.5,0.2523303547405274,0.020003929644684986
2279,2.5,0.2441444528195541,0.02064165604938814
2280,2.5,0.20078307171599263,0.026670960102102972
2281,2.5,0.19839960614438615,0.02717830872049113
2282,2.5,0.42810985821957415,0.04199303126742333
2283,2.5,0.34705920466279866,0.03411568538587413
2284,2.5,0.3385640833072313,0.036154516167333596
2285,2.5,0.3173502097677684,0.033199798937479603
2286,2.5,0.3797842218214932,0.03884101924021337
2287,2.5,0.19962293576375126,0.02721816799994087
2288,2.5,0.19796441726292144,0.025815373055461242
2289,2.5,0.34012042834154105,0.033439402906747094
2290,2.5,0.39492904052232936,0.03843419654433785
2291,2.5,0.4293487191226066,0.041833411694149725
2292,2.5,0.3136111636498761,0.02917628025552982
2293,2.5,0.4073029724083484,0.03993452286342242
2294,2.5,0.3698667927832066,0.03933607691587623
2295,2.5,0.2999604400794197,0.03230854463621954
2296,2.5,0.402014776037433,0.04130254940101291
2297,2.5,0.3752794795433795,0.04029341486076782
2298,2.5,0.37656881544376186,0.037681353144510724
2299,2.5,0.3733422386392935,0.03881853108826122
2300,2.5,0.2939192362537409,0.03328033014133017
2301,2.5,0.3044651859027264,0.03998311788716941
2302,2.5,0.29830888163049046,0.04110307959591614
2303,2.5,0.3836133253673277,0.04166141762317382
2304,2.5,0.28900999779895165,0.04157453654813111
2305,2.5,0.27368253134184095,0.03619548168809335
2306,2.5,0.22422085553147614,0.02510362178630559
2307,2.5,0.2477274794191698,0.03266082940054882
2308,2.5,0.36560364290802627,0.04024870775616496
2309,2.5,0.35849683091134243,0.04341302364402939
2310,2.5,0.19833307870566935,0.022896544342585805
2311,2.5,0.39001995817698626,0.04335838279668599
2312,2.5,0.39274393281909226,0.04762899779688529
2313,2.5,0.42685585678017357,0.04810007848120019
2314,2.5,0.3755805257807275,0.04301333387392038
2315,2.5,0.23083463193337017,0.03194187879746711
2316,2.5,0.1977794958032981,0.023189202563604076
2317,2.5,0.34654262027771515,0.040197827317835964
2318,2.5,0.1547682679787213,0.0197970000023544
2319,2.5,0.35969250876598885,0.04388929616856721
2320,2.5,0.27931508741792105,0.036168176144950895
2321,2.5,0.3443643549908024,0.04476763998672336
2322,2.5,0.22209054871569048,0.0276318678775798
2323,2.5,0.39497820729758,0.04246968474051524
2324,2.5,0.4438657241482052,0.04700300314683792
2325,2.5,0.3102086798903372,0.041580886497174244
2326,2.5,0.24593350440104192,0.03709067129221582
2327,2.5,0.34709794003534383,0.04027410133055221
2328,2.5,0.3363460602173395,0.04443258271959611
2329,2.5,0.11614445408499784,0.01596458752106013
2330,2.5,0.3093389448481778,0.040826098284944205
2331,2.5,0.20702122633752548,0.027373705220088553
2332,2.5,0.10839808939165076,0.01700862252883562
2333,2.5,0.2604055323292577,0.028026436121371283
2334,2.5,0.2644501193721347,0.03013699384342423
2335,2.5,0.22353571992745452,0.027900758068273725
2336,2.5,0.25447907883769544,0.02800758367006271
2337,2.5,0.2630832227970074,0.029043560195982792
2338,2.5,0.3766052389958215,0.03806592877059153
2339,2.5,0.24249645603322348,0.02954351337764443
2340,2.5,0.24091758492065488,0.030213523196021035
2341,2.5,0.30989135025939846,0.04220618246239133
2342,2.5,0.30876772893410903,0.04137480840198937
2343,2.5,0.37378229475035035,0.04467626627031063
2344,2.5,0.23917736740951592,0.03150731266749233
2345,2.5,0.28543875909075356,0.03988356900278498
2346,2.5,0.41316729277608066,0.047791574012755814
2347,2.5,0.350434477080038,0.03889359546667849
2348,2.5,0.24048711063921577,0.03023761743306942
2349,2.5,0.28636800243394656,0.03798773982521665
2350,2.5,0.27108361730978675,0.02074971226888048
2351,2.5,0.26729309057833706,0.021318341924547773
2352,2.5,0.25231379272677995,0.02451798797704231
2353,2.5,0.2938881494903556,0.025569951769658508
2354,2.5,0.2724867180118574,0.021881916856065272
2355,2.5,0.2736010752876586,0.018857018816567667
2356,2.5,0.2722818886883346,0.021218179680530254
2357,2.5,0.2723951115138296,0.020073855784576863
2358,2.5,0.2723634212838084,0.02168836117764848
2359,2.5,0.2726725991834104,0.02996808594091809
2360,2.5,0.30587337829206923,0.02438495736133173
2361,2.5,0.30807337044060495,0.023945786178033345
2362,2.5,0.3072435868140538,0.026546379275032634
2363,2.5,0.30629375880509696,0.025505154160124242
2364,2.5,0.3228754239573637,0.023516635478526466
2365,2.5,0.19163209213650062,0.015644795015746102
2366,2.5,0.30518734079079685,0.026158638348576475
2367,2.5,0.3641608049134218,0.030667493980475094
2368,2.5,0.1907410090275682,0.020247736724782583
2369,2.5,0.30725401589709034,0.0268886089836626
2370,2.5,0.14750483484662358,0.020223163402324686
2371,2.5,0.3253506480294539,0.026683690912011844
2372,2.5,0.2994861312283708,0.03154060001756074
2373,2.5,0.38088971254011766,0.03487799471552792
2374,2.5,0.2939426472750155,0.031189176708417015
2375,2.5,0.3762762080165805,0.033416595180809194
2376,2.5,0.36945233998822485,0.030880745942095784
2377,2.5,0.23674066116380799,0.024869672048289205
2378,2.5,0.33773915228271845,0.02763871023742858
2379,2.5,0.31274289170638614,0.02610013816021163
2380,2.5,0.30975703438766955,0.02528229138567945
2381,2.5,0.2842877791056275,0.01924406211947228
2382,2.5,0.28424310954838844,0.021589720840530523
2383,2.5,0.31115983816332426,0.027250182268100383
2384,2.5,0.2278822396364009,0.019852911345879857
2385,2.5,0.2548686543513116,0.021640090485613984
2386,2.5,0.3990569424166031,0.03361502978341122
2387,2.5,0.24764898541984856,0.022091130756688556
2388,2.5,0.25046344839738083,0.024524565416382597
2389,2.5,0.22198937383597733,0.018672940305093744
2390,2.5,0.24818028290717775,0.023443494007506543
2391,2.5,0.24754822183167396,0.021209818377087027
2392,2.5,0.2474401730189402,0.020590917430059384
2393,2.5,0.24687509751193498,0.020905300261311866
2394,2.5,0.12926659314544733,0.014738140871646384
2395,2.5,0.24755937110818604,0.02263296194367895
2396,2.5,0.12844068316920554,0.013003156725407704
2397,2.5,0.12839948231630502,0.017032311281501955
2398,2.5,0.12896784489276045,0.014185570726061088
2399,2.5,0.12869505675723195,0.016132369616091956
2400,2.5,0.4167857408463084,0.03651326844780509
2401,2.5,0.3596588491337639,0.03238606890534318
2402,2.5,0.35602089123107844,0.030820902038901563
2403,2.5,0.35985506781247123,0.029807501086770827
2404,2.5,0.4271356554806897,0.03744689785807914
2405,2.5,0.4679175078569606,0.04119870209940815
2406,2.5,0.35721479655744004,0.031626727793064954
2407,2.5,0.4194453663039741,0.038977999387709066
2408,2.5,0.34539148401011727,0.03183794953700146
2409,2.5,0.4048197645628251,0.034892563635329825
2410,2.5,0.10389139749487752,0.017074949573695708
2411,2.5,0.1413481712211162,0.02312978841648409
2412,2.5,0.1404658675284877,0.02093401228309675
2413,2.5,0.44095451305416156,0.03635118416032832
2414,2.5,0.3650045396047215,0.03381090059547471
2415,2.5,0.10363997951534432,0.017687712239409854
2416,2.5,0.10332013130225196,0.017323086924223522
2417,2.5,0.38945774784478193,0.03387610800610745
2418,2.5,0.3650569055707902,0.03449033456560831
2419,2.5,0.3602369799733087,0.035536326424655346
2420,2.5,0.3056771785763095,0.032364743039915815
2421,2.5,0.18884487141666917,0.022026763781695678
2422,2.5,0.1323504737902794,0.013408174389841253
2423,2.5,0.30729809157317095,0.032643338365750535
2424,2.5,0.1900773816883176,0.02347416705601355
2425,2.5,0.17702290871274765,0.018917945700491132
2426,2.5,0.18792451326290338,0.025473928804142874
2427,2.5,0.18966828526848017,0.019760292289957987
2428,2.5,0.1332966695198418,0.013694259658285517
2429,2.5,0.2045507930073249,0.023410862857178326
2430,2.5,0.30429595521779457,0.030617762288939473
2431,2.5,0.2511809650171577,0.022641764710387317
2432,2.5,0.3048991762967346,0.028558166626598637
2433,2.5,0.2518920942039888,0.02641616010925179
2434,2.5,0.3023453446546289,0.027647365959051186
2435,2.5,0.15735825036107723,0.018811325178020227
2436,2.5,0.2538156253123735,0.02569122101918027
2437,2.5,0.3735614639225978,0.03817701489479903
2438,2.5,0.3037744916243405,0.027810673087553518
2439,2.5,0.25766279387732094,0.02438623113684988
2440,2.5,0.25277690780214407,0.02576985116081081
2441,2.5,0.26056956864825676,0.02737030633184262
2442,2.5,0.33804977699978883,0.03273679739534822
2443,2.5,0.24935763698504995,0.026315284976901745
2444,2.5,0.38182516016171014,0.03653727816925794
2445,2.5,0.37784417039840246,0.03201972477289661
2446,2.5,0.2808222196183539,0.027907442610901122
2447,2.5,0.3657025919178092,0.035098167426016666
2448,2.5,0.2573977656421749,0.024595336066601328
2449,2.5,0.2598395025123224,0.027049739797815803
2450,2.5,0.220466029594884,0.02035649766645937
2451,2.5,0.1754908232884748,0.01845075188532971
2452,2.5,0.1752193691388509,0.01560061006340107
2453,2.5,0.17478209931489055,0.016841868544530222
2454,2.5,0.1754660801407454,0.01647040353590958
2455,2.5,0.1746625700754646,0.01387315097683265
2456,2.5,0.17473998153260925,0.014045333303790371
2457,2.5,0.1755217748209855,0.01563552597176174
2458,2.5,0.17473411159435173,0.014299118849062115
2459,2.5,0.1748804196147792,0.013430431365314851
2460,2.5,0.18730209458593175,0.01965963456487028
2461,2.5,0.2502465477337853,0.025206791338238124
2462,2.5,0.18823891593462652,0.02159461172996757
2463,2.5,0.26079035015501406,0.026373114933854865
2464,2.5,0.18767110109355942,0.02228833711425398
2465,2.5,0.18809899481474002,0.022634454203910182
2466,2.5,0.30050720952477583,0.031231551664271266
2467,2.5,0.18890271726619845,0.01935118450571571
2468,2.5,0.18754469539429433,0.020832984400107647
2469,2.5,0.3941685536227062,0.032042370572350536
2470,2.5,0.18402767299724326,0.020600174630222796
2471,2.5,0.31342956362594726,0.032238945076377826
2472,2.5,0.3115531667816244,0.025584471573151316
2473,2.5,0.18479443586783875,0.01791919352546693
2474,2.5,0.18454893236614953,0.020561352222271963
2475,2.5,0.34381829638474515,0.033878988724722385
2476,2.5,0.31627790992216936,0.03048346909409882
2477,2.5,0.2987373414074513,0.030181430855001717
2478,2.5,0.18458932194786984,0.019632154277624315
2479,2.5,0.3089091783445457,0.02938412322863777
2480,2.5,0.26568320654729166,0.024276228200304593
2481,2.5,0.17485173100669352,0.019320089575279944
2482,2.5,0.2971940674937346,0.0283792075676026
2483,2.5,0.17436711378635947,0.019852071069536553
2484,2.5,0.2924013237390706,0.026952299957300623
2485,2.5,0.2977781291009889,0.029886476592881985
2486,2.5,0.22167495161296483,0.023190606612499463
2487,2.5,0.23719218925785726,0.024097677024385294
2488,2.5,0.3415444570249459,0.031820607786141944
2489,2.5,0.18688009054665275,0.02000036420602867
2490,2.5,0.3095857024556057,0.027777014151030777
2491,2.5,0.2685687063838667,0.02654929496845542
2492,2.5,0.3066868950489261,0.029134450666860105
2493,2.5,0.30906099283806815,0.031846526308696915
2494,2.5,0.30903242489483235,0.03073996862759409
2495,2.5,0.3582802812201816,0.03403109885388791
2496,2.5,0.2884769861810082,0.02600061528598655
2497,2.5,0.30794913738003216,0.028056799677880696
2498,2.5,0.3091681193795098,0.029119403403700134
2499,2.5,0.28715896486057213,0.028032768671417747
2500,3.0,0.26126821939243067,0.02555238096363171
2501,3.0,0.17011174361020343,0.025020374723373165
2502,3.0,0.4035168209880412,0.0490234496048301
2503,3.0,0.4044319393624706,0.04791457293324186
2504,3.0,0.16986889189878002,0.02165520885575085
2505,3.0,0.42848712069179623,0.048717047767367495
2506,3.0,0.16969531322761094,0.020923331189712246
2507,3.0,0.2936647229338735,0.036060109319809054
2508,3.0,0.42773201744089684,0.049692709814060494
2509,3.0,0.4114329056746447,0.04727145032641803
2510,3.0,0.5069677215287909,0.05328137808109257
2511,3.0,0.5039412783750897,0.05424639242458809
2512,3.0,0.3811308540047077,0.049901985322160926
2513,3.0,0.3957499959113474,0.04720629209945132
2514,3.0,0.3582522375632395,0.047995472001680084
2515,3.0,0.41178868440315797,0.04909298570893344
2516,3.0,0.4729916606934569,0.053773069334279104
2517,3.0,0.4344147191248356,0.048211631143929484
2518,3.0,0.3282891520501318,0.044283399134507705
2519,3.0,0.4823873119631894,0.0528088400466205
2520,3.0,0.3406594059651969,0.041832074875246095
2521,3.0,0.3526194345391931,0.04506735445895759
2522,3.0,0.39921413633754266,0.05140066490703691
2523,3.0,0.46202623893809464,0.05206751163897435
2524,3.0,0.3700465477921599,0.04376518360677851
2525,3.0,0.3423781351247189,0.04344307036049914
2526,3.0,0.4330167011075013,0.04980150737430617
2527,3.0,0.4502142329654957,0.05384804477965461
2528,3.0,0.44095914424792687,0.05028233116383677
2529,3.0,0.3697385829845063,0.04586325013267278
2530,3.0,0.2770584994897997,0.038040174677105056
2531,3.0,0.2806527013641214,0.03836790659581044
2532,3.0,0.13234903416846927,0.019879055826551775
2533,3.0,0.13340309549431587,0.021341538801506812
2534,3.0,0.13311728439578618,0.020181764801060473
2535,3.0,0.2767575672014612,0.03992779660795083
2536,3.0,0.13283047330657718,0.02371120102766484
2537,3.0,0.132312858356308,0.01995399430387354
2538,3.0,0.13400033606976036,0.0174624194763914
2539,3.0,0.18337593972485688,0.019294683804852157
2540,3.0,0.3577430241762609,0.04320908264824308
2541,3.0,0.43854972673315823,0.05486310843533536
2542,3.0,0.2367452909046794,0.032842351796671554
2543,3.0,0.36238543348765195,0.04591357544597332
2544,3.0,0.3956237928272232,0.05201054680362745
2545,3.0,0.3648869273064352,0.0440543325271375
2546,3.0,0.3416820136683401,0.04519915184663411
2547,3.0,0.39794843738557256,0.05100175616611214
2548,3.0,0.18332846423914137,0.027793737802264382
2549,3.0,0.40902969494138436,0.04928267110044021
2550,3.0,0.28768388201531186,0.02872074479193425
2551,3.0,0.3219435142837119,0.03304507001605228
2552,3.0,0.29312872749734553,0.024714792160969494
2553,3.0,0.28826002518472693,0.028821029706727924
2554,3.0,0.24085286674825274,0.021970937895821076
2555,3.0,0.30734915420657477,0.028640962727071517
2556,3.0,0.30463866094871933,0.030446947679041995
2557,3.0,0.37602855581089056,0.03436195595413502
2558,3.0,0.2924427639680985,0.034156408456460875
2559,3.0,0.2814140353314807,0.028294026000357162
2560,3.0,0.31165645005904846,0.03176591503784185
2561,3.0,0.4104884977021595,0.042047932284148944
2562,3.0,0.4424822546779653,0.04322045159243474
2563,3.0,0.2660804053232315,0.029115844460990845
2564,3.0,0.39798858928321934,0.038942148973267136
2565,3.0,0.38183139889573664,0.03901333722328367
2566,3.0,0.30326625953376696,0.030431877845963372
2567,3.0,0.26658848768532206,0.025096602106710844
2568,3.0,0.38177920919088826,0.035329582586439104
2569,3.0,0.3107819020442217,0.030900127361316806
2570,3.0,0.4910969871078356,0.039748019558850066
2571,3.0,0.2805219775716582,0.029741317886613383
2572,3.0,0.26144468956632094,0.027552700106666838
2573,3.0,0.4209607090326012,0.040451163596992246
2574,3.0,0.28215173835677976,0.03166689577929562
2575,3.0,0.3117540057324372,0.02760547209587048
2576,3.0,0.2748392824034036,0.028578995538124274
2577,3.0,0.32436684285662465,0.03337144814380735
2578,3.0,0.32616086300763436,0.036016925408105686
2579,3.0,0.3256576773405192,0.03383014626020507
2580,3.0,0.43901739615120355,0.04259851084132032
2581,3.0,0.4159564349756105,0.037590852528058945
2582,3.0,0.36219345102460393,0.033811962891934055
2583,3.0,0.4042258713923078,0.0374762185994398
2584,3.0,0.3526512192061066,0.03614014434179963
2585,3.0,0.4467847379082705,0.03974453602138007
2586,3.0,0.37787376449895815,0.037293375998919596
2587,3.0,0.47904514764415057,0.04260225767183745
2588,3.0,0.334244565849649,0.034860309822497555
2589,3.0,0.3391429003814234,0.033207847283166544
2590,3.0,0.3230471612903101,0.026611129683181405
2591,3.0,0.2990035215588464,0.030747891522110115
2592,3.0,0.30356679872941184,0.030959199107793874
2593,3.0,0.29767259305025195,0.026058167424496587
2594,3.0,0.3052355632370539,0.028775685853101224
2595,3.0,0.41102282430838794,0.0366070330809878
2596,3.0,0.3491269503311486,0.032647375304367114
2597,3.0,0.2966034540607825,0.028573967112983142
2598,3.0,0.39412773617848573,0.0376372372395805
2599,3.0,0.2755239313454339,0.02602329168825541
2600,3.0,0.27369220433203295,0.024860472032952517
2601,3.0,0.2744717911403122,0.027412511465490598
2602,3.0,0.3468807323505038,0.03318801652251051
2603,3.0,0.4234565130191543,0.0371546576324309
2604,3.0,0.27481989561194553,0.02895249060260194
2605,3.0,0.306046271446951,0.031015213555611744
2606,3.0,0.3323524836760678,0.034259438161599376
2607,3.0,0.3611392395201237,0.03604083936484288
2608,3.0,0.31567171835384583,0.02925925282342308
2609,3.0,0.2736139275840254,0.027671255871044756
2610,3.0,0.30703500780128734,0.02979261502997212
2611,3.0,0.3175729117193693,0.02719105994909712
2612,3.0,0.2904278141327997,0.02488903105612867
2613,3.0,0.3265683721525841,0.025271723928148183
2614,3.0,0.2754716442359192,0.02344972837495227
2615,3.0,0.31400170586381043,0.028026161197375686
2616,3.0,0.35505321912262305,0.03135419309593418
2617,3.0,0.2906996492081589,0.02524862748642481
2618,3.0,0.30067966101762494,0.022795396346394162
2619,3.0,0.30450248944829794,0.025662656026102747
2620,3.0,0.35906287554932476,0.03796779681986674
2621,3.0,0.37986782132523955,0.03507041791863949
2622,3.0,0.3792631699223185,0.03454032520131007
2623,3.0,0.37692228892712276,0.03591447895406958
2624,3.0,0.35987672196431975,0.03598395598944328
2625,3.0,0.4276232542836477,0.04037480728447062
2626,3.0,0.35695859331073165,0.03343911958752973
2627,3.0,0.34839457503473803,0.032535764779405583
2628,3.0,0.24369778899855932,0.024686665302877393
2629,3.0,0.29537841084427485,0.02996151795136107
2630,3.0,0.3674642697675631,0.03358046981925235
2631,3.0,0.3866808912662384,0.035940622131294994
2632,3.0,0.3258496374795686,0.030510665063210048
2633,3.0,0.2522973322197219,0.022547016501572658
2634,3.0,0.36975859204453065,0.0344726556814956
2635,3.0,0.35995238358177895,0.03344736158846396
2636,3.0,0.3256503289977847,0.03273739650945754
2637,3.0,0.3269002869685767,0.028153499409424527
2638,3.0,0.24672064894481488,0.025440355434154894
2639,3.0,0.33010892465401287,0.03150972172173412
2640,3.0,0.26404547287721425,0.026235914108099872
2641,3.0,0.26246522745584266,0.02677372449572149
2642,3.0,0.2630142504646162,0.02747791717493136
2643,3.0,0.2684621183997153,0.02616487031430183
2644,3.0,0.33414229480140106,0.0324361590279506
2645,3.0,0.26600987245784546,0.02724911529963454
2646,3.0,0.26456528142106756,0.02611572937094895
2647,3.0,0.2514911264848595,0.028029711891176638
2648,3.0,0.2671469471157618,0.02335378557959606
2649,3.0,0.26450800127165974,0.026753188939049984
2650,3.0,0.2482944096037196,0.030082940427724605
2651,3.0,0.2330913104532254,0.0293387812392628
2652,3.0,0.2735125822361805,0.03312029421955071
2653,3.0,0.30729510598851123,0.03324559992814076
2654,3.0,0.3790204234771005,0.040901860191134114
2655,3.0,0.24962343016860417,0.030167236960886357
2656,3.0,0.23229758886560073,0.028384310664266083
2657,3.0,0.2944966557882911,0.03872975915339073
2658,3.0,0.37082087178413664,0.04168687885317299
2659,3.0,0.3389725635287105,0.03631777379213834
2660,3.0,0.2634124168339729,0.02610824766941995
2661,3.0,0.3317791606690783,0.03424833285666158
2662,3.0,0.2815804982642795,0.02949254818017212
2663,3.0,0.32828168600358315,0.03627057390062934
2664,3.0,0.28362218644575615,0.02645913959693943
2665,3.0,0.3148110169844395,0.03633817605436208
2666,3.0,0.2628762857375304,0.027952487600229597
2667,3.0,0.316281865921136,0.034268816234313874
2668,3.0,0.32312134664616166,0.03033264513906736
2669,3.0,0.3566741422118663,0.02936223566573038
2670,3.0,0.29154501691744633,0.03643301311556503
2671,3.0,0.2614633886323606,0.02987541216427994
2672,3.0,0.4134909086749896,0.04361129891164951
2673,3.0,0.42142378561389543,0.04480151214148673
2674,3.0,0.42155209748933714,0.045517721288997434
2675,3.0,0.29375034648389736,0.029665881047048065
2676,3.0,0.3067697704615759,0.03813779753972335
2677,3.0,0.35609582267880935,0.03695540374807664
2678,3.0,0.3439570084983173,0.03652055807191758
2679,3.0,0.4073549413346782,0.043390241766950874
2680,3.0,0.20702539352627666,0.016826095804814985
2681,3.0,0.20695618430193535,0.014772504102273683
2682,3.0,0.20707051722576117,0.013592676323370986
2683,3.0,0.17441627617457478,0.01967254274247425
2684,3.0,0.2067946716782387,0.019946121573688955
2685,3.0,0.20703104354974705,0.01904357161917909
2686,3.0,0.22843952641495663,0.019617161908376892
2687,3.0,0.20716899935076197,0.018732911000557694
2688,3.0,0.2072858240277946,0.01547211766401935
2689,3.0,0.20722937215502257,0.01751599240802949
2690,3.0,0.36441214326213905,0.041533064899937404
2691,3.0,0.13485697939155755,0.018335124980373797
2692,3.0,0.4209929638715643,0.04411729219172824
2693,3.0,0.17724758724114345,0.021314249119703838
2694,3.0,0.2514834372425153,0.03207926220948113
2695,3.0,0.23442039610990045,0.03469939970959393
2696,3.0,0.17809971547910572,0.023211712439351682
2697,3.0,0.17858544874059673,0.02278282345771754
2698,3.0,0.17702737950025801,0.021037222282919807
2699,3.0,0.3064757612216935,0.038747315510096185
2700,3.0,0.09991495178709087,0.015392310613192595
2701,3.0,0.09589335281057557,0.015076497477803734
2702,3.0,0.10038260952976058,0.018040578837711443
2703,3.0,0.09840991877472902,0.015351267467759059
2704,3.0,0.09929175147620106,0.014295332907524093
2705,3.0,0.1004015167483843,0.014686251572290879
2706,3.0,0.10015015133552661,0.015596890368710318
2707,3.0,0.09966408091105768,0.014470625240706256
2708,3.0,0.0987994598792373,0.018400680766579747
2709,3.0,0.10017364211424605,0.01681711619141155
2710,3.0,0.2968642095053392,0.0372977700341889
2711,3.0,0.12723955556233846,0.019674881230621458
2712,3.0,0.12216523130279937,0.01701137934961336
2713,3.0,0.12158164097359664,0.018004133503866915
2714,3.0,0.1963798881033579,0.027010453795139243
2715,3.0,0.12452311730026402,0.01989575468008335
2716,3.0,0.14264737253587603,0.023952672014086553
2717,3.0,0.12188215090961428,0.01571007969365304
2718,3.0,0.12248772727846942,0.020978669306450606
2719,3.0,0.1283420285212069,0.021460432677483248
2720,3.0,0.2842233140513343,0.031688138283922265
2721,3.0,0.3172941581488609,0.03537759109576048
2722,3.0,0.17432173176884083,0.02153408406939832
2723,3.0,0.3722165849787035,0.04334498995292979
2724,3.0,0.3729554375283162,0.03830087870869077
2725,3.0,0.18507315574729633,0.027740470188920476
2726,3.0,0.10292386740800301,0.017599674024586804
2727,3.0,0.24662718997019034,0.028605891584999397
2728,3.0,0.2562670785609656,0.02853265705410271
2729,3.0,0.3002387485949864,0.03958529295582893
2730,3.0,0.32290666605760626,0.0359472023763232
2731,3.0,0.3171510529274331,0.031775929501200215
2732,3.0,0.37340589493387183,0.03880626336294542
2733,3.0,0.3648344335411008,0.03689153150305244
2734,3.0,0.3385246260699178,0.035746537840521356
2735,3.0,0.38273336313710415,0.03873195889591159
2736,3.0,0.32005358327298333,0.03640857125578493
2737,3.0,0.1290150476790069,0.021539340341827192
2738,3.0,0.33922660976359376,0.03779906214260757
2739,3.0,0.3644069539200921,0.03854443322109557
2740,3.0,0.21508437060792848,0.0242813120648227
2741,3.0,0.214268521594616,0.02771394281271323
2742,3.0,0.21686986327432814,0.023228195587846636
2743,3.0,0.21501823047619248,0.023413636975687355
2744,3.0,0.21578118411913907,0.023251236743633955
2745,3.0,0.220510459414075,0.026961669942683605
2746,3.0,0.2144960063313563,0.025404659367229694
2747,3.0,0.21369188879011222,0.023743703045196903
2748,3.0,0.21376365638708725,0.024994939158079623
2749,3.0,0.21390511491495906,0.02448338663211305
2750,3.0,0.41528597407357576,0.03817115988067848
2751,3.0,0.4129041304294813,0.039854254896137135
2752,3.0,0.41275479021958383,0.039196096907814885
2753,3.0,0.37037953499783066,0.03850610147758685
2754,3.0,0.42246189703845094,0.040924076606159265
2755,3.0,0.4254386009704864,0.04128724074443813
2756,3.0,0.4271922608006989,0.041933714836810056
2757,3.0,0.412863251735112,0.03991496933993806
2758,3.0,0.41275273595002576,0.04229055516716147
2759,3.0,0.4187068245822634,0.03841587039547187
2760,3.0,0.29703613707327453,0.029969913168413152
2761,3.0,0.4140324790217802,0.042321074097915086
2762,3.0,0.250490395400448,0.020469573155428623
2763,3.0,0.2927314645632301,0.02727783221195395
2764,3.0,0.25727265043460273,0.02201930930280511
2765,3.0,0.2570773637993553,0.02242340805002556
2766,3.0,0.25784037413252364,0.020851202160258025
2767,3.0,0.24965698486621135,0.0210337370208722
2768,3.0,0.2572498854562115,0.020973116457413957
2769,3.0,0.24300916981689788,0.01947905349550141
2770,3.0,0.2592675006434712,0.022356128206300195
2771,3.0,0.2685935358334404,0.02047273122057026
2772,3.0,0.2942217208874902,0.024905947886499705
2773,3.0,0.2607816142794111,0.021594606144375753
2774,3.0,0.46644022970135196,0.04110469141738236
2775,3.0,0.32709773000906117,0.03507986285202731
2776,3.0,0.3188115637504619,0.033979344179374406
2777,3.0,0.28421478757384055,0.02291968449550967
2778,3.0,0.25149453897045304,0.020683789628936692
2779,3.0,0.2430041125322714,0.018378646465940014
2780,3.0,0.19774638615305484,0.02324113366338289
2781,3.0,0.19590906306233238,0.02395049453876542
2782,3.0,0.4706115725010465,0.04754141763324793
2783,3.0,0.34659960194655204,0.03813113662844223
2784,3.0,0.40654749121549166,0.037841127189600685
2785,3.0,0.3095565264324499,0.03341463738982179
2786,3.0,0.4076426950414691,0.03953950240717525
2787,3.0,0.19749015135302886,0.027526242483554196
2788,3.0,0.19547008290038242,0.023979953314174615
2789,3.0,0.3325791372678665,0.03431409130918922
2790,3.0,0.40434754905623016,0.03688163129578168
2791,3.0,0.43051481376638157,0.03941865000984477
2792,3.0,0.3132679294540707,0.029187048763528404
2793,3.0,0.42074504698356247,0.047805340698160836
2794,3.0,0.36497724099960277,0.038921705153357904
2795,3.0,0.29714972833031017,0.03127128229558842
2796,3.0,0.426114929599957,0.043194736703075255
2797,3.0,0.37340437919011615,0.03870959938425256
2798,3.0,0.43817570814960066,0.043924196097584384
2799,3.0,0.42673362877674464,0.04197184901377493
2800,3.0,0.2902797442141993,0.029492742720802392
2801,3.0,0.29642546477886317,0.03993860998511542
2802,3.0,0.29573515282114377,0.042749154923125976
2803,3.0,0.3736515197610721,0.042666722120572806
2804,3.0,0.39397730185802526,0.04709372396741775
2805,3.0,0.27092342419626325,0.034681002657257876
2806,3.0,0.30415028693217727,0.04055940643160393
2807,3.0,0.2467098023348419,0.03174518557724066
2808,3.0,0.3827269631854933,0.04262566228330303
2809,3.0,0.37831873320298876,0.044768653525382215
2810,3.0,0.19724425014599103,0.026111795202323228
2811,3.0,0.39382610440278976,0.04281054042966066
2812,3.0,0.4359195835987944,0.04868547709096601
2813,3.0,0.45008542944040847,0.048887648650415144
2814,3.0,0.3908707627328389,0.04524635907556746
2815,3.0,0.22847469078477078,0.031975583541233886
2816,3.0,0.1967727066678382,0.022288772528814796
2817,3.0,0.38106749645085825,0.0428012270835135
2818,3.0,0.15430402945577418,0.021624045064433998
2819,3.0,0.45916385824011136,0.04768081207620208
2820,3.0,0.35418663119556676,0.04090152662333976
2821,3.0,0.38951715093772066,0.04792803723599151
2822,3.0,0.22040727746914696,0.027558659097443608
2823,3.0,0.38628038775631157,0.039918477974600505
2824,3.0,0.4263690174622902,0.048546969571326114
2825,3.0,0.40595210469083226,0.048926714963469294
2826,3.0,0.24125109358949223,0.03204282864486572
2827,3.0,0.3410438694806285,0.038208931103181076
2828,3.0,0.33630846485432514,0.04516135458205622
2829,3.0,0.11534587426290023,0.01561083913925913
2830,3.0,0.3125457820480343,0.038225384626273395
2831,3.0,0.20726594851677824,0.024821696945485514
2832,3.0,0.14018786837490813,0.019594327751403327
2833,3.0,0.25842010448524316,0.026644755327618085
2834,3.0,0.26205493453849954,0.030848562706553336
2835,3.0,0.22232784540802367,0.028670007114882472
2836,3.0,0.25152359156443,0.02984923997800891
2837,3.0,0.26062741169992487,0.029452382613244274
2838,3.0,0.37898488147631987,0.04016668402356259
2839,3.0,0.23942662274110105,0.030263079737675194
2840,3.0,0.2365062154696864,0.029072742825685404
2841,3.0,0.3018624589609513,0.03988355757730452
2842,3.0,0.3127482803499856,0.04166742476430484
2843,3.0,0.3943412994508513,0.04570062778120943
2844,3.0,0.23417747601900074,0.030279840637285154
2845,3.0,0.276662110469324,0.03839825050075078
2846,3.0,0.4399889151303058,0.049268178645101086
2847,3.0,0.362402962430633,0.04083685978995092
2848,3.0,0.23682911076911545,0.03148341799063882
2849,3.0,0.2778227558193919,0.03708496237502176
2850,3.0,0.28809762618859724,0.025056848062640805
2851,3.0,0.26645259573289193,0.021967419963460518
2852,3.0,0.25284358951531316,0.026269179450270987
2853,3.0,0.29059996369859276,0.0259142375510324
2854,3.0,0.29042659169699436,0.023778898115305796
2855,3.0,0.2717601669005097,0.023268252171249913
2856,3.0,0.2895602401490688,0.02666970589436259
2857,3.0,0.28933555820432955,0.026760953742287506
2858,3.0,0.28890640245930466,0.02310971384880925
2859,3.0,0.27138620144045916,0.0318337700111367
2860,3.0,0.30826590619399735,0.025802358517315375
2861,3.0,0.30858782117914774,0.02718278102910802
2862,3.0,0.30932884932406113,0.02767758332158268
2863,3.0,0.30775947404824155,0.02674125986216725
2864,3.0,0.3192499099034417,0.022940461900360604
2865,3.0,0.19074568418330554,0.0172665903789821
2866,3.0,0.30518348493154707,0.028972143817880727
2867,3.0,0.35881528613257446,0.026715009660008573
2868,3.0,0.19012367352012896,0.01740155893371527
2869,3.0,0.30796388483632825,0.02800758088064083
2870,3.0,0.24839138087279763,0.027974193393084712
2871,3.0,0.3368212664468454,0.02874844086683564
2872,3.0,0.29818974058046976,0.02881357833328721
2873,3.0,0.3743894624971215,0.03368824340487868
2874,3.0,0.29188910043514815,0.030052551136757467
2875,3.0,0.3742781388466596,0.032763554539495476
2876,3.0,0.3655084554187062,0.03112058548373801
2877,3.0,0.2574388140946831,0.026351847937677555
2878,3.0,0.34342230990406347,0.027959176938095902
2879,3.0,0.3128338404615171,0.025456568846920356
2880,3.0,0.30538299889451354,0.02656783732004311
2881,3.0,0.2813469872279413,0.02230595799964207
2882,3.0,0.2852554420132951,0.019836224393109548
2883,3.0,0.3061477031707652,0.026014157428290517
2884,3.0,0.23668148915178158,0.023727407585857944
2885,3.0,0.2970618796296151,0.024954517945526725
2886,3.0,0.4005486778946574,0.03079567088223748
2887,3.0,0.2479261223087789,0.020064485063373556
2888,3.0,0.2531181542414354,0.022703905797453672
2889,3.0,0.26921316069251,0.01934073422608511
2890,3.0,0.24861049162515747,0.019758619547647974
2891,3.0,0.24801380206595058,0.023933925485379582
2892,3.0,0.24773967300390023,0.021970497051297656
2893,3.0,0.24753799685330027,0.02183987631417167
2894,3.0,0.12903604463220764,0.01550315718416368
2895,3.0,0.24804977817187915,0.019275584708108612
2896,3.0,0.1285381164405546,0.014838669131778158
2897,3.0,0.12837637249060427,0.01441668206505842
2898,3.0,0.12901939747007427,0.01625459065374184
2899,3.0,0.12895837604090338,0.017533574007656896
2900,3.0,0.40056858390849254,0.037089017495351
2901,3.0,0.41998840161573747,0.03902761878986944
2902,3.0,0.41057411421114576,0.03357743746524483
2903,3.0,0.4029244226748893,0.03813357028063203
2904,3.0,0.4338303142186189,0.04062100550928243
2905,3.0,0.4679240839158212,0.0371552381040766
2906,3.0,0.3590238196652233,0.030892945559874638
2907,3.0,0.41914325846519984,0.036242257327855534
2908,3.0,0.45716807037982865,0.037622957092821915
2909,3.0,0.42995166554743597,0.03949583119991007
2910,3.0,0.10289285117721708,0.01810777742360694
2911,3.0,0.15020365961801835,0.021448706784454086
2912,3.0,0.1500835404381501,0.02119910215299474
2913,3.0,0.4392095167760768,0.03916227076150655
2914,3.0,0.3647094343635807,0.03550002586624574
2915,3.0,0.10228999274378318,0.019179385842732172
2916,3.0,0.10238629474173003,0.015257616444489159
2917,3.0,0.40711797182573634,0.03910329890450527
2918,3.0,0.36774313072192066,0.03684147300745255
2919,3.0,0.36072065474604037,0.03610060741516477
2920,3.0,0.3032794737245912,0.03424217868931886
2921,3.0,0.18594825156976166,0.021264371035167512
2922,3.0,0.13238146621825286,0.014205220493068665
2923,3.0,0.30497456415725166,0.03196878547773859
2924,3.0,0.1881724114741306,0.02266896036952362
2925,3.0,0.17577750761279082,0.017519383669876838
2926,3.0,0.18660247562179083,0.021164737721013033
2927,3.0,0.18839455331469646,0.01992011351848581
2928,3.0,0.13315178624309118,0.01664819071828288
2929,3.0,0.20287499295159306,0.02168081762153444
2930,3.0,0.29929209495143555,0.03038147003492898
2931,3.0,0.26344341181816405,0.025014614547028018
2932,3.0,0.29982762751948877,0.029625058278662967
2933,3.0,0.25012169627374153,0.022374928545037445
2934,3.0,0.3017339071681734,0.0300929555360282
2935,3.0,0.15645768342795233,0.022763779363611746
2936,3.0,0.2511599220250098,0.02486502769565861
2937,3.0,0.39941404532289104,0.037134018132209234
2938,3.0,0.29935122446931,0.026903601444041178
2939,3.0,0.2544374201794601,0.025504516572663064
2940,3.0,0.25055113463167294,0.02685526991772428
2941,3.0,0.25696313817951316,0.02685677121250128
2942,3.0,0.3449153249294044,0.03334630111374395
2943,3.0,0.24658145264994172,0.026239603892781474
2944,3.0,0.3802056408410512,0.034284360203871274
2945,3.0,0.37476922154853676,0.036313937097685475
2946,3.0,0.2819352544991129,0.0306041654151531
2947,3.0,0.37082378367515795,0.031566357003301085
2948,3.0,0.25539595704155793,0.027791547213692945
2949,3.0,0.2580014394466131,0.027533196570061143
2950,3.0,0.2876606680245806,0.02934562717611813
2951,3.0,0.17556392419851646,0.015563827272523504
2952,3.0,0.17525725586113117,0.017774777540601666
2953,3.0,0.1745858721930209,0.016830078113434115
2954,3.0,0.17527455156294772,0.013400124545597965
2955,3.0,0.1745777554866039,0.016832311829980007
2956,3.0,0.1743764694359978,0.015800605526270748
2957,3.0,0.17525399522106958,0.013411916108884927
2958,3.0,0.17442198333427195,0.01577066525075749
2959,3.0,0.17456705794988137,0.015262590381537423
2960,3.0,0.18860441434379954,0.020226182998915668
2961,3.0,0.2942332655578379,0.027409396366058922
2962,3.0,0.1882561121499265,0.021170844082124166
2963,3.0,0.25428456285584394,0.02720176250973902
2964,3.0,0.18661604688833489,0.021478824039681713
2965,3.0,0.2893099327619477,0.027959070449496286
2966,3.0,0.29254897517870904,0.029797153358962748
2967,3.0,0.18755120349042875,0.01908390409423557
2968,3.0,0.18597177593667377,0.01881098631745266
2969,3.0,0.39410940692467566,0.03372677008825599
2970,3.0,0.18195727945620382,0.021014291677125044
2971,3.0,0.310193034647618,0.028392083989145292
2972,3.0,0.3105413660999052,0.030050749713985803
2973,3.0,0.1830336101861269,0.019686039541237176
2974,3.0,0.18250333622347242,0.02077781340799801
2975,3.0,0.3444105395888962,0.03315836330303852
2976,3.0,0.3134571690944441,0.032041061263910126
2977,3.0,0.2957588729736064,0.027115437128487508
2978,3.0,0.18310823146678495,0.02059359005483112
2979,3.0,0.3104019906776142,0.028274954592334086
2980,3.0,0.2663868592540297,0.02577724198844428
2981,3.0,0.17453067471101497,0.01938151233158746
2982,3.0,0.2969465096026628,0.03158750567380623
2983,3.0,0.17355177955197001,0.01893018459690868
2984,3.0,0.29277285567845596,0.027625797059367678
2985,3.0,0.2957553184026819,0.02844221915791388
2986,3.0,0.21956326066589804,0.02132921933467528
2987,3.0,0.2336565001092952,0.023091113340573094
2988,3.0,0.33694978106875023,0.03401524252474082
2989,3.0,0.18479521414903072,0.021348779626461808
2990,3.0,0.3099330896647935,0.0294368517405224
2991,3.0,0.26519397817760365,0.02525864350074298
2992,3.0,0.31313560417512953,0.030328001751661667
2993,3.0,0.3130081851027691,0.028295359054286158
2994,3.0,0.35496250808458046,0.029667679007556083
2995,3.0,0.3887587811414543,0.035101880025181206
2996,3.0,0.28672539824665105,0.027281092163352994
2997,3.0,0.3099924387180707,0.02991760751157297
2998,3.0,0.3138077902425982,0.029893354856199324
2999,3.0,0.28295791775829593,0.02816406962920264
3000,3.5,0.25929492814512123,0.028776542032136348
3001,3.5,0.16896153286775745,0.018978250735726378
3002,3.5,0.41581336047395345,0.04726172357935354
3003,3.5,0.4069260554760767,0.05218685153004394
3004,3.5,0.16879865968766852,0.02216950566026489
3005,3.5,0.4442998703408769,0.04887495168074412
3006,3.5,0.16862096049338451,0.0236440140000959
3007,3.5,0.3931126339475817,0.0489975885162187
3008,3.5,0.4282087261372126,0.052404357143482815
3009,3.5,0.40415445421326696,0.04680130754171953
3010,3.5,0.5122390986413213,0.05341153714163211
3011,3.5,0.5049186078685005,0.053458911727299274
3012,3.5,0.375101952171164,0.04472308334812247
3013,3.5,0.400921360476175,0.04659637615398704
3014,3.5,0.35520237298707197,0.04563092237500727
3015,3.5,0.42236378451382267,0.04856430523427756
3016,3.5,0.47681353679413513,0.05054657257935136
3017,3.5,0.4713227378945081,0.053386536025538806
3018,3.5,0.32327985035062656,0.04148350660944127
3019,3.5,0.5055862034095439,0.054084163555788725
3020,3.5,0.361999941816528,0.044214634229105335
3021,3.5,0.36901367662458273,0.04819704055519368
3022,3.5,0.42386323223827505,0.049996932459541114
3023,3.5,0.4630278596641391,0.05498833744401469
3024,3.5,0.3832755609943457,0.04649923236312474
3025,3.5,0.33772768924853663,0.04370663317602499
3026,3.5,0.4308109425915198,0.052134848638134446
3027,3.5,0.44727045144369637,0.052397866612527946
3028,3.5,0.48609600761468996,0.05144694998320536
3029,3.5,0.3677622274233858,0.04479482601823825
3030,3.5,0.29137985139735556,0.03942056534010631
3031,3.5,0.2931436581264292,0.042321413027470285
3032,3.5,0.132889612366418,0.01951778951031996
3033,3.5,0.1326609176623789,0.021757965196009525
3034,3.5,0.13243760470950777,0.018588989528691903
3035,3.5,0.2763748687513274,0.03704555735141907
3036,3.5,0.133409530646435,0.01958480800352091
3037,3.5,0.1329825297109002,0.02083688547926416
3038,3.5,0.13425129494476276,0.02054542854803181
3039,3.5,0.2002996364742309,0.02411619415706781
3040,3.5,0.3665028951537394,0.04787290352116423
3041,3.5,0.434117893710133,0.05449440949347699
3042,3.5,0.23619231532445462,0.032827667741116416
3043,3.5,0.4282138170304866,0.05445620474283276
3044,3.5,0.39105911811515615,0.04985522581278364
3045,3.5,0.4283122107447403,0.05280168382612722
3046,3.5,0.39242757707121906,0.05089827857438569
3047,3.5,0.4022446369860383,0.051047333364807476
3048,3.5,0.18695613839697164,0.030158152693777546
3049,3.5,0.40903986530042297,0.04923436877449924
3050,3.5,0.2841775119584678,0.028712726842378297
3051,3.5,0.32259951362061995,0.03289442964699215
3052,3.5,0.28791801755765584,0.03314459716272
3053,3.5,0.2831841966199371,0.025666690619934596
3054,3.5,0.23735067934086096,0.01918589014753338
3055,3.5,0.3025385818826405,0.030612902953134017
3056,3.5,0.2996623853949405,0.03324559923503133
3057,3.5,0.37766725223971004,0.03414267026260769
3058,3.5,0.28535239177550653,0.03020734332192474
3059,3.5,0.2776922509207333,0.025936829218166587
3060,3.5,0.30663040854702056,0.03320324980254774
3061,3.5,0.41214013003114425,0.043715510163004435
3062,3.5,0.45293217514507944,0.04364795490098292
3063,3.5,0.2622494854737298,0.024677845855371115
3064,3.5,0.3909779360434247,0.03823325263605531
3065,3.5,0.377247961919281,0.0395771639780323
3066,3.5,0.29801529940411364,0.03246856879080393
3067,3.5,0.26274608654303466,0.02937784782731569
3068,3.5,0.38935818658078203,0.03844712420669617
3069,3.5,0.3053556802683167,0.03244547282889975
3070,3.5,0.4786800568800408,0.04185509042031407
3071,3.5,0.2849156065129966,0.03274556117586459
3072,3.5,0.26613414110053263,0.024819196871106983
3073,3.5,0.41530032061219424,0.03674506026368171
3074,3.5,0.2984416316602298,0.03332343460177931
3075,3.5,0.3823679477915556,0.038413412988263944
3076,3.5,0.27359093350592845,0.028868804834915423
3077,3.5,0.3198538377485522,0.03266611065527964
3078,3.5,0.32311824181083004,0.030243670982434336
3079,3.5,0.3220575159370378,0.0342230742818052
3080,3.5,0.44400197546781245,0.04028650098958609
3081,3.5,0.4161287600245523,0.03530828176076559
3082,3.5,0.3875650135000718,0.036723189891475945
3083,3.5,0.4072582026366462,0.03886081997612257
3084,3.5,0.35146552354523464,0.03327734030913791
3085,3.5,0.4530340057578343,0.04001755344789644
3086,3.5,0.37352382523831423,0.038487091629803814
3087,3.5,0.4700173814617544,0.04274474085381049
3088,3.5,0.3466302665972052,0.03433774928977875
3089,3.5,0.33792696571627645,0.03468715110114104
3090,3.5,0.3268244404559013,0.02791048946847936
3091,3.5,0.29868016889775073,0.028985907652268595
3092,3.5,0.3030852767025781,0.029107319564691304
3093,3.5,0.3039285136775133,0.028127563162662184
3094,3.5,0.3049479135478375,0.027687480808399684
3095,3.5,0.40325251106451104,0.035051358289650975
3096,3.5,0.35314016609185206,0.03572842454102949
3097,3.5,0.3465719042481958,0.030703401112270122
3098,3.5,0.3928503588252677,0.03547704737702894
3099,3.5,0.34549722215850037,0.0318473668946052
3100,3.5,0.2699415742398944,0.029265714214734936
3101,3.5,0.27070101218834514,0.028831243417510127
3102,3.5,0.34296898026300493,0.03352349464962121
3103,3.5,0.4150492249130057,0.036939648458783725
3104,3.5,0.2708662858280869,0.029118956729481504
3105,3.5,0.30299566974559367,0.030184239639880324
3106,3.5,0.3287484737825012,0.031570321469926485
3107,3.5,0.35563118364367263,0.035894090352739674
3108,3.5,0.3130763591134085,0.028068387214718202
3109,3.5,0.2697567138202415,0.02792909606621207
3110,3.5,0.3052060311730955,0.025357146592630976
3111,3.5,0.3143449319572286,0.02788924695669266
3112,3.5,0.28844561825098425,0.024433358869104242
3113,3.5,0.3253261308087342,0.025776323396651177
3114,3.5,0.27323521126067246,0.024602771706684224
3115,3.5,0.31032524056420524,0.027042075220935696
3116,3.5,0.35019908597062543,0.03041298178669998
3117,3.5,0.28849453473897085,0.022038200549205075
3118,3.5,0.2985417758521031,0.02355055435650196
3119,3.5,0.3023513069618262,0.02537764719191325
3120,3.5,0.40545073112450186,0.03708124614250259
3121,3.5,0.37558527321449603,0.0359730657762365
3122,3.5,0.37198784040138044,0.03496273575180598
3123,3.5,0.3738850383236253,0.03543245136359328
3124,3.5,0.39445470676279926,0.034684726751545505
3125,3.5,0.43207310203848526,0.04197337741967969
3126,3.5,0.35699125920805586,0.03158390083993268
3127,3.5,0.35927564432131487,0.0322465423318409
3128,3.5,0.24196572221482932,0.021753397114327475
3129,3.5,0.2933824182918093,0.0278188793731198
3130,3.5,0.36903043711221334,0.03613207345510854
3131,3.5,0.3807142841720399,0.03714438748278926
3132,3.5,0.32326388045384796,0.029277189732654276
3133,3.5,0.2530246795712852,0.02319433552276223
3134,3.5,0.3649392641060092,0.03372580064710583
3135,3.5,0.35892019092336597,0.03455011781453195
3136,3.5,0.3220558750271815,0.03369632550514533
3137,3.5,0.32452048746827833,0.027251744709561463
3138,3.5,0.24566903364443016,0.024072615557938038
3139,3.5,0.32670127921017744,0.03180950237900156
3140,3.5,0.26287808161588083,0.026538158870052557
3141,3.5,0.2597286719211638,0.025972446641667084
3142,3.5,0.2603970921757586,0.026942379395105832
3143,3.5,0.26572779520487666,0.027520585965542386
3144,3.5,0.3293639004057948,0.03425213750336526
3145,3.5,0.2641695835600878,0.02644429954826393
3146,3.5,0.26194654312879495,0.026150273347476726
3147,3.5,0.24644536458383695,0.02796238452387092
3148,3.5,0.2640247813183506,0.024944053683677907
3149,3.5,0.2617471857162894,0.024791869873891478
3150,3.5,0.35847316026663506,0.040615098861780566
3151,3.5,0.23032097867478488,0.02805895858116194
3152,3.5,0.3134123823377931,0.03584823843206052
3153,3.5,0.33209610456656763,0.039763724757117924
3154,3.5,0.3817772473605409,0.03959904697311548
3155,3.5,0.3556291840132263,0.040448871022242774
3156,3.5,0.22929832199451483,0.026278521276050962
3157,3.5,0.3334280060617211,0.041001164719908736
3158,3.5,0.37769753130097455,0.03804920768592601
3159,3.5,0.3390808173386413,0.03485056667272986
3160,3.5,0.26091629194514254,0.026794302896435408
3161,3.5,0.32504091276734115,0.03333650613103182
3162,3.5,0.27809918094707514,0.0309781602077336
3163,3.5,0.32200065233712477,0.03603885135613256
3164,3.5,0.28053914971699123,0.02634131866227827
3165,3.5,0.3090169675479858,0.03449224682111264
3166,3.5,0.26033086648883136,0.02469914138062796
3167,3.5,0.3124917192185724,0.03388216626174007
3168,3.5,0.319191699840293,0.030695429296439394
3169,3.5,0.35151529088983735,0.030056352311218424
3170,3.5,0.2919553138370139,0.03854714283830412
3171,3.5,0.269273980298356,0.0349345432737074
3172,3.5,0.44029391694750036,0.045088427201967644
3173,3.5,0.4334079217339368,0.041991589724626695
3174,3.5,0.4243101962985744,0.045376701395904856
3175,3.5,0.2895236239368898,0.027588456575609002
3176,3.5,0.30157191581688547,0.03603676776618997
3177,3.5,0.3995480572097473,0.038079280249604996
3178,3.5,0.3390734002684012,0.03923250720442377
3179,3.5,0.4289678261465676,0.046356157969958886
3180,3.5,0.2070618371829409,0.01772680347122195
3181,3.5,0.20723586893073814,0.018780198258493
3182,3.5,0.20715239589424952,0.02078020553749537
3183,3.5,0.17356735893128228,0.02025094355136266
3184,3.5,0.20699221367310772,0.01634709820769902
3185,3.5,0.20759340798933695,0.017210670139394396
3186,3.5,0.22781610990396908,0.02026630730872331
3187,3.5,0.2072635462810097,0.018516420249471616
3188,3.5,0.20721335072645725,0.016690872984428784
3189,3.5,0.2072951561247272,0.01850676601719919
3190,3.5,0.37087470022848923,0.04404907274895298
3191,3.5,0.13387109452025672,0.01815691713607536
3192,3.5,0.41217412897018846,0.04301272757457456
3193,3.5,0.17503484744171902,0.02555029099658076
3194,3.5,0.3858067793523365,0.04020807240062511
3195,3.5,0.23028720983610548,0.033104574209108666
3196,3.5,0.175651224295735,0.02290620570187499
3197,3.5,0.1761350139438605,0.021717215985393792
3198,3.5,0.17507634388660123,0.023203472197798086
3199,3.5,0.2988814843603457,0.04045298856769441
3200,3.5,0.0989730548438476,0.019736908963047035
3201,3.5,0.09557005339859805,0.016940448930157
3202,3.5,0.09952680833949828,0.013577638606221678
3203,3.5,0.09937688517613716,0.01565595468391917
3204,3.5,0.0994578753545946,0.016851359145452
3205,3.5,0.09953337931938976,0.016321212842872242
3206,3.5,0.0992631778612851,0.019926447682509348
3207,3.5,0.09963048159336114,0.01701031102865934
3208,3.5,0.09897351900749013,0.01937976972198395
3209,3.5,0.09927881064564616,0.01639650522675026
3210,3.5,0.2982155046359874,0.03719481463736075
3211,3.5,0.12682555144845215,0.02034012866496522
3212,3.5,0.12334920659728316,0.016523873260721647
3213,3.5,0.12200123375124956,0.017187720434250865
3214,3.5,0.1935808570970373,0.029423763399103856
3215,3.5,0.12450738843956324,0.01846054500897992
3216,3.5,0.1404500940141126,0.02371104547789345
3217,3.5,0.12229016987866866,0.017985725602348575
3218,3.5,0.12273005843472279,0.019601378836817084
3219,3.5,0.12741126362007457,0.020792512913758165
3220,3.5,0.2913308432833305,0.030772569459121307
3221,3.5,0.3172392623639691,0.0349491033583702
3222,3.5,0.17318777478688363,0.020209261782534065
3223,3.5,0.3761630311976556,0.0390900898632186
3224,3.5,0.38220526691987633,0.03633808150599588
3225,3.5,0.2312106360024114,0.029175107803026266
3226,3.5,0.10267979550298303,0.017703653274157634
3227,3.5,0.24364759605630049,0.024635823753434948
3228,3.5,0.26523790543258086,0.029232391674602426
3229,3.5,0.2994308330380596,0.03949294062809036
3230,3.5,0.373401034698752,0.03931544094116616
3231,3.5,0.3165296038124895,0.03485609842039481
3232,3.5,0.38266206464291125,0.03870404327219412
3233,3.5,0.36731846450151634,0.03713347361299964
3234,3.5,0.36367833854543197,0.03998001056789251
3235,3.5,0.3773915871731353,0.037006669452978785
3236,3.5,0.3147683429450802,0.034781944238793314
3237,3.5,0.30734857289099754,0.032784837797849534
3238,3.5,0.33305207926332264,0.03756799587255392
3239,3.5,0.3572364125851886,0.03992099665554046
3240,3.5,0.21559545254319337,0.023452337023918374
3241,3.5,0.21453855081009923,0.020679010717771
3242,3.5,0.27968149836191253,0.024346821456334305
3243,3.5,0.21416833570016972,0.023224012032023202
3244,3.5,0.27963747510082104,0.02663890653212153
3245,3.5,0.2178095391497902,0.027106939195014106
3246,3.5,0.2137101922497048,0.02416837518554856
3247,3.5,0.21470066630654716,0.023906013588761113
3248,3.5,0.21377537550207118,0.022601510377167195
3249,3.5,0.21432201028701822,0.021257661723297922
3250,3.5,0.41253024229004304,0.035700494020479666
3251,3.5,0.40991013169032364,0.03954298308402347
3252,3.5,0.40942302195617125,0.038427250487441576
3253,3.5,0.3618279749630772,0.037928115218842234
3254,3.5,0.4187589772101825,0.04071159683288305
3255,3.5,0.420790769432794,0.041314507131219445
3256,3.5,0.4260145857356146,0.03839250443032853
3257,3.5,0.410183046303343,0.03825616152861295
3258,3.5,0.4094302909374552,0.04091158361887331
3259,3.5,0.4193323221424673,0.04044412049803231
3260,3.5,0.2981557751110476,0.02972632285497881
3261,3.5,0.40381478548767513,0.04096256883819017
3262,3.5,0.25071031049757353,0.019664829568371487
3263,3.5,0.2910372189421823,0.027555453422512095
3264,3.5,0.25612811822976095,0.018841081701286514
3265,3.5,0.25628076351572066,0.022534019613953356
3266,3.5,0.2568264081069292,0.022068389501707662
3267,3.5,0.24716159492888862,0.024329256719228427
3268,3.5,0.2560653253587701,0.019429133803601718
3269,3.5,0.24269063468988716,0.02124232946270891
3270,3.5,0.2584331421536129,0.021387901051975973
3271,3.5,0.26720157368090525,0.02007214431184601
3272,3.5,0.3035188659501851,0.028175090422766343
3273,3.5,0.25975978747582984,0.020923250090080607
3274,3.5,0.4572021233797284,0.041709184765284915
3275,3.5,0.32592759138051536,0.03446675742373186
3276,3.5,0.3111894583360444,0.0322207758511741
3277,3.5,0.28423381539270814,0.025338768036437354
3278,3.5,0.25098226384979133,0.0205812099096567
3279,3.5,0.2425988422563709,0.01953661615036991
3280,3.5,0.19510338504673022,0.026639775687393764
3281,3.5,0.19324354260187482,0.02794666467583374
3282,3.5,0.4692418789917135,0.04579096954228109
3283,3.5,0.341415994513966,0.03481751416687764
3284,3.5,0.41095938576341584,0.04022703430680846
3285,3.5,0.3054565427055412,0.036814347141260015
3286,3.5,0.4189070119158377,0.040984754969637785
3287,3.5,0.20226212647029904,0.02812207049736644
3288,3.5,0.1933524630356112,0.029078864294854595
3289,3.5,0.3264341032634809,0.033604028539026956
3290,3.5,0.4458507949160917,0.04133800481695377
3291,3.5,0.4274696170124457,0.03861581360208203
3292,3.5,0.3113186118119237,0.029227962101222988
3293,3.5,0.4156052236766337,0.042652767803435375
3294,3.5,0.3583641441541696,0.03909633038653136
3295,3.5,0.29282282813241656,0.033835054793215955
3296,3.5,0.4485595783714401,0.044618987085653886
3297,3.5,0.3743589887306482,0.03734751263132283
3298,3.5,0.4450721196250779,0.04517511806947051
3299,3.5,0.4440401272666325,0.04396681975379012
3300,3.5,0.2870526601548067,0.03667285818581807
3301,3.5,0.2898445739032818,0.03896930632440271
3302,3.5,0.29090020410439243,0.04137442882072905
3303,3.5,0.3657978608268995,0.04209161805794893
3304,3.5,0.44241375324684123,0.04948164889057432
3305,3.5,0.2744550198160765,0.03802935035628641
3306,3.5,0.3719448627512973,0.04860605395992602
3307,3.5,0.2442773471701262,0.034509352674709975
3308,3.5,0.4223662684572296,0.04546137765216318
3309,3.5,0.3852799716353832,0.044490076429725536
3310,3.5,0.19615702257789266,0.02451605890967218
3311,3.5,0.3922078171766445,0.0430375350508802
3312,3.5,0.45024316213621723,0.05027299509051505
3313,3.5,0.46817481029925684,0.05022698215730418
3314,3.5,0.4092069878980462,0.04661430308360548
3315,3.5,0.22630092622203904,0.030624064271781635
3316,3.5,0.1959756392266745,0.02435052821277834
3317,3.5,0.4089182526284572,0.04649415100726208
3318,3.5,0.1537448608818389,0.021935570602442382
3319,3.5,0.48746060686835213,0.04984599566418675
3320,3.5,0.41954515439332046,0.04869764258557931
3321,3.5,0.39645509090236797,0.04773559738234165
3322,3.5,0.2611292081465373,0.03094383326672837
3323,3.5,0.40952795244785767,0.044923718376201426
3324,3.5,0.40906521335909807,0.04922817308926414
3325,3.5,0.4440456426427545,0.04975433818720309
3326,3.5,0.2372372478856903,0.03599683499312293
3327,3.5,0.33571122681692567,0.0377263070166092
3328,3.5,0.3295003690432556,0.0418943059629835
3329,3.5,0.11469463250469493,0.018945509540051576
3330,3.5,0.3100309754166809,0.0362324059170914
3331,3.5,0.20676401148383755,0.027060536137029623
3332,3.5,0.1458520416473933,0.01709013800151798
3333,3.5,0.25715293962868896,0.02498068622727931
3334,3.5,0.2597580536361121,0.02818492403514203
3335,3.5,0.22005015191205884,0.028448046918275953
3336,3.5,0.24927458240485229,0.027006272704448733
3337,3.5,0.25845520385924026,0.028816628837525563
3338,3.5,0.3690314162635307,0.04231188202221513
3339,3.5,0.2374360982470283,0.030959613571505458
3340,3.5,0.23301549773829278,0.032651411565144436
3341,3.5,0.2947085447023071,0.0410379115372649
3342,3.5,0.30801889985876746,0.0411316851861271
3343,3.5,0.3886550486382679,0.045027635786347886
3344,3.5,0.22983952366890908,0.029116279867119788
3345,3.5,0.27028652974646245,0.03916715641991209
3346,3.5,0.4465933141103803,0.050764934866681245
3347,3.5,0.3682480226254304,0.03921912140450091
3348,3.5,0.23326535475695218,0.029397622917281124
3349,3.5,0.2713219944336783,0.036590126859803236
3350,3.5,0.286490496628165,0.026541789919864486
3351,3.5,0.2655762279084368,0.020292657724681768
3352,3.5,0.2517933163962337,0.02473946716072048
3353,3.5,0.287338716626879,0.02084786622097964
3354,3.5,0.2875953190453803,0.027095035809096012
3355,3.5,0.2697836782734657,0.02238429245077111
3356,3.5,0.28648428438835977,0.02259923882400695
3357,3.5,0.28692298974026953,0.026214663274780874
3358,3.5,0.28603265228787206,0.027538169944808157
3359,3.5,0.31792478384450323,0.03494442132969144
3360,3.5,0.3065297230676546,0.027486057295403835
3361,3.5,0.3073152044949856,0.029135747298322478
3362,3.5,0.3112146275958571,0.02682618349909376
3363,3.5,0.31046675905549725,0.025373274698815368
3364,3.5,0.31594994425969025,0.02206463523236361
3365,3.5,0.18984517039456922,0.018014975559093295
3366,3.5,0.3047351963001752,0.02639272863373757
3367,3.5,0.3533130497496311,0.03028372237987644
3368,3.5,0.18923785248922384,0.017984528235306704
3369,3.5,0.3061553188762548,0.02737389642522075
3370,3.5,0.29506727484558637,0.027034762345824692
3371,3.5,0.34777290367325786,0.028998153155981612
3372,3.5,0.29458615107404,0.028979282835900854
3373,3.5,0.36792429868585735,0.033078870020777765
3374,3.5,0.2878254355247551,0.02677362833920817
3375,3.5,0.3697514204833514,0.03255377545170707
3376,3.5,0.3604964548497896,0.031605894310692315
3377,3.5,0.2588533605584772,0.028700567465926922
3378,3.5,0.3407007016873646,0.031051926495913575
3379,3.5,0.3116882220920042,0.0256991372692476
3380,3.5,0.3013233832126193,0.027437779557623956
3381,3.5,0.27842838425608585,0.021110342613565983
3382,3.5,0.2875752536424374,0.01901104628440266
3383,3.5,0.3017176754302405,0.024094327532129096
3384,3.5,0.28074074510583574,0.02563397404362536
3385,3.5,0.29742740962527386,0.0277140967713861
3386,3.5,0.4273576501357319,0.033356590703415914
3387,3.5,0.2570564228420477,0.02483659660136484
3388,3.5,0.25155211330856125,0.020541016409762563
3389,3.5,0.27326375426976157,0.019982293341974995
3390,3.5,0.24814460327937676,0.022591169695337913
3391,3.5,0.24773447437234006,0.021937896122053272
3392,3.5,0.24743613092838096,0.022303769130419437
3393,3.5,0.24736195604929218,0.019088193799061026
3394,3.5,0.12910737654963395,0.016152963980104698
3395,3.5,0.24779530270498548,0.02241686810028943
3396,3.5,0.18507840744773124,0.017571238156358276
3397,3.5,0.12871962160729672,0.01351531533204619
3398,3.5,0.12929477068858417,0.013319870404258142
3399,3.5,0.12924048244789,0.017703793839029258
3400,3.5,0.38735550094736043,0.03783176915142556
3401,3.5,0.4343381864809058,0.037512135441136865
3402,3.5,0.4427484296316113,0.03531777696417828
3403,3.5,0.46805797853970516,0.04107670346005348
3404,3.5,0.4218964150550256,0.038273790719043306
3405,3.5,0.4615410136784106,0.03716808370036074
3406,3.5,0.36764764247268644,0.03151034853440662
3407,3.5,0.4233737006993519,0.03673858852152221
3408,3.5,0.4623137267585354,0.038520963720106716
3409,3.5,0.4596680454188321,0.036549348418960036
3410,3.5,0.10279861241716533,0.019027632717333223
3411,3.5,0.15051936738817817,0.021544617075861965
3412,3.5,0.15093072728683107,0.02355191608136385
3413,3.5,0.42837205972231374,0.03785749939447822
3414,3.5,0.362338765135824,0.036386514290282945
3415,3.5,0.10153537315221749,0.016939935536916074
3416,3.5,0.10236982178048575,0.020830897678736932
3417,3.5,0.41233883841040947,0.03780869992997789
3418,3.5,0.36727797466877726,0.036979839671061415
3419,3.5,0.4100567893538702,0.0368368917503206
3420,3.5,0.29734157173528175,0.033727931298011396
3421,3.5,0.18431417019519825,0.019347331137455667
3422,3.5,0.1322782048802439,0.017563351073874304
3423,3.5,0.30309743527317945,0.030717642965853106
3424,3.5,0.18683020124639665,0.0208256636483813
3425,3.5,0.1749875558899683,0.019641674863931265
3426,3.5,0.18530215666762942,0.021530497922300496
3427,3.5,0.18709266559162857,0.020435445836470452
3428,3.5,0.13307702277502,0.015369628639559157
3429,3.5,0.20158495713642957,0.01983862840775592
3430,3.5,0.2953388877793309,0.030714232381502997
3431,3.5,0.28260591072860647,0.031123167947572604
3432,3.5,0.2957420865879763,0.028976533616197054
3433,3.5,0.2472522292927383,0.02297216946963419
3434,3.5,0.3484255759562459,0.03443932115317468
3435,3.5,0.15522988286745384,0.018387869527237116
3436,3.5,0.249291732049988,0.024169065477380135
3437,3.5,0.38996641597029197,0.03519863525726854
3438,3.5,0.2953462917358531,0.03129238593961132
3439,3.5,0.25117276646000214,0.029434403775870397
3440,3.5,0.25260926777326986,0.027124183604422945
3441,3.5,0.2527286480274954,0.028132252789593384
3442,3.5,0.3468862394718,0.03269407345298198
3443,3.5,0.24881735351958675,0.0249032813110053
3444,3.5,0.37184174102061796,0.033838485869298364
3445,3.5,0.3669306064780024,0.03630030446388399
3446,3.5,0.2806874466497591,0.02840364302045645
3447,3.5,0.36511382856440083,0.03506648484099175
3448,3.5,0.33915402744155804,0.032971778129122324
3449,3.5,0.2547902097984173,0.026794051014737433
3450,3.5,0.33130573579707695,0.030048988035139057
3451,3.5,0.175251848944708,0.01685892795201591
3452,3.5,0.17503008138440831,0.015862140413916585
3453,3.5,0.1744018611328521,0.01437691418531566
3454,3.5,0.17518455495765098,0.013127183573343767
3455,3.5,0.1744163883679141,0.012261572940176262
3456,3.5,0.1744210455748503,0.015217149972070469
3457,3.5,0.17506457229263828,0.013101813698667801
3458,3.5,0.17437437249649163,0.013777880881801456
3459,3.5,0.17473101649168865,0.01620017824306189
3460,3.5,0.18746942861920227,0.021476274153257594
3461,3.5,0.32912078881433654,0.03260550733039915
3462,3.5,0.18706094199992776,0.022480339029404873
3463,3.5,0.24937345456389529,0.027910464287174926
3464,3.5,0.18523355004804007,0.020750319306762178
3465,3.5,0.3191463939970556,0.029792648308847338
3466,3.5,0.28553377126291246,0.028470339522204333
3467,3.5,0.18737436009510125,0.022525168317407043
3468,3.5,0.23683795245012643,0.0220464661260635
3469,3.5,0.38764020991475273,0.036488474255228526
3470,3.5,0.18051140473098742,0.019713893286414964
3471,3.5,0.3077971676937164,0.029428667570310752
3472,3.5,0.3104721269566891,0.028354607273009383
3473,3.5,0.18118935424496038,0.01962272846231057
3474,3.5,0.18088777918428534,0.0185411336121199
3475,3.5,0.34084595583400984,0.033279278474142956
3476,3.5,0.3518213054013468,0.03720651198410732
3477,3.5,0.29236581538614115,0.026246547550125895
3478,3.5,0.18136228081204542,0.01984755650919381
3479,3.5,0.3123089513736278,0.02881110656428372
3480,3.5,0.2625465631477681,0.026358865984656595
3481,3.5,0.17432649609194475,0.018633503687218902
3482,3.5,0.2928469025722909,0.026924685784354682
3483,3.5,0.17349230626416032,0.014976167639274056
3484,3.5,0.2886360976582181,0.027547028905971452
3485,3.5,0.2906441173782421,0.028134507013572296
3486,3.5,0.2207472213089241,0.021286568327347995
3487,3.5,0.23799909519850496,0.02438682833574971
3488,3.5,0.3308450160343778,0.03202349544591839
3489,3.5,0.18730719947973556,0.02013454083952122
3490,3.5,0.31161863778746274,0.02869628123987443
3491,3.5,0.2806232168639818,0.02656729902125329
3492,3.5,0.3130862151252859,0.030558464120876337
3493,3.5,0.31297996867480726,0.028662131248263636
3494,3.5,0.3541722575268245,0.03260872412555784
3495,3.5,0.38389749703773174,0.03588611073628489
3496,3.5,0.28441948082545493,0.02718988088637495
3497,3.5,0.31049734177915655,0.029027335988797146
3498,3.5,0.3135828488252408,0.02982223912531307
3499,3.5,0.2799385709382849,0.02602619889919569
3500,4.0,0.28693439790156233,0.028184461389670075
3501,4.0,0.1680680687423476,0.022570286516272436
3502,4.0,0.4373271754732631,0.05040535447006806
3503,4.0,0.3977552504410795,0.04988123277620065
3504,4.0,0.16773475880032868,0.020485703813559665
3505,4.0,0.44196043126115525,0.04893148747135275
3506,4.0,0.16751456545518373,0.02334728890531325
3507,4.0,0.4251457903792266,0.051181896129163025
3508,4.0,0.4256067534608968,0.05456741011785416
3509,4.0,0.3982911476551448,0.045996367366166385
3510,4.0,0.5078071634946787,0.053812862569341494
3511,4.0,0.5089899139629835,0.05593314505681892
3512,4.0,0.3701245375926567,0.04563486483381663
3513,4.0,0.3942014826886639,0.049265675160296556
3514,4.0,0.3504642763989425,0.04671223921262695
3515,4.0,0.4704675153512509,0.05281267800505786
3516,4.0,0.46696960429043294,0.05271045821080706
3517,4.0,0.4979172762516966,0.054181062496353176
3518,4.0,0.32192708997846103,0.04248717025454804
3519,4.0,0.5156725554331651,0.058884004857220056
3520,4.0,0.3619918254644442,0.045365742763086685
3521,4.0,0.36884398147112235,0.0463477479787369
3522,4.0,0.4217936957332656,0.05173478702962084
3523,4.0,0.4621082836721848,0.05404551357074255
3524,4.0,0.3832024467076515,0.04912918345200142
3525,4.0,0.3518439848505047,0.046835549775739706
3526,4.0,0.4396698390683882,0.04973270086887025
3527,4.0,0.4912481111841476,0.056125210804807195
3528,4.0,0.4944474554092873,0.05566767676292274
3529,4.0,0.4552649017295363,0.05020076466117909
3530,4.0,0.29314576007885257,0.04050746463357589
3531,4.0,0.2894661588860034,0.04287235591294641
3532,4.0,0.13161246350211386,0.017556788656422673
3533,4.0,0.18288101984518795,0.022008866163306395
3534,4.0,0.13195528467651926,0.021319247843516284
3535,4.0,0.2729445512929341,0.036532970523182696
3536,4.0,0.13274827196801084,0.02147524375713806
3537,4.0,0.13172924136369105,0.02098259565976625
3538,4.0,0.1331868426288426,0.018997862042434675
3539,4.0,0.20293582701830784,0.02587903058789069
3540,4.0,0.3890516913165301,0.047643113343903504
3541,4.0,0.4482280444918994,0.054717885104314565
3542,4.0,0.23550368409631545,0.029025494673763346
3543,4.0,0.4478185045156642,0.05515824611479778
3544,4.0,0.4277719835639814,0.05264373792152158
3545,4.0,0.42731721684788504,0.05175965244360985
3546,4.0,0.4403468124020057,0.054075726443579976
3547,4.0,0.44866042301634457,0.05753103193151779
3548,4.0,0.2998492954918487,0.0384151127877787
3549,4.0,0.46841314349732405,0.05697313095588768
3550,4.0,0.28150131591107536,0.03139078707600526
3551,4.0,0.3181501471678595,0.03327957959857346
3552,4.0,0.283427469913244,0.03329246969217475
3553,4.0,0.2803408044029558,0.02792671957531712
3554,4.0,0.23556442089283505,0.02138416779057526
3555,4.0,0.2993932970415572,0.03007755231123538
3556,4.0,0.31793643720837694,0.034051601612739874
3557,4.0,0.3760608952549049,0.03487379374232189
3558,4.0,0.28013245745845744,0.03226036790388134
3559,4.0,0.2746753365977104,0.02784693541975073
3560,4.0,0.30266172593304463,0.03021147324983633
3561,4.0,0.42303125443195816,0.040431039551240486
3562,4.0,0.46234770596517993,0.04511189447063582
3563,4.0,0.25926458878992076,0.027747780560282393
3564,4.0,0.38365338901441637,0.035200912364623846
3565,4.0,0.370356860022667,0.039465016525248586
3566,4.0,0.293268013700476,0.028712176670946683
3567,4.0,0.2595314640905266,0.028496134484769817
3568,4.0,0.3946023088718684,0.04045022471784048
3569,4.0,0.3007883196934723,0.02959520888675559
3570,4.0,0.468551538344333,0.040980915571935186
3571,4.0,0.2853209264323875,0.03167599742489077
3572,4.0,0.26669505445753694,0.027660584843705278
3573,4.0,0.40960634790687656,0.03905676958482487
3574,4.0,0.388394450399249,0.03997626998880828
3575,4.0,0.4399858470878105,0.040558496966537634
3576,4.0,0.27178406396666127,0.029504286834081895
3577,4.0,0.31695534550358134,0.03154628385388
3578,4.0,0.32006769263782486,0.034931014872516715
3579,4.0,0.319045897164583,0.03517270724449179
3580,4.0,0.4549424708521235,0.039632120350027604
3581,4.0,0.4145615217167135,0.03597291106831742
3582,4.0,0.382268648587579,0.037124213288451516
3583,4.0,0.40353468676287646,0.03766223177844574
3584,4.0,0.3645336045176314,0.03591922180550346
3585,4.0,0.45297287455173185,0.04366640494759027
3586,4.0,0.38224696247127493,0.03833737705577715
3587,4.0,0.46249156886867887,0.04175114678453158
3588,4.0,0.34693827360963214,0.0362411844658338
3589,4.0,0.3657203652572429,0.04037628116176801
3590,4.0,0.3244722048829172,0.029722353207734687
3591,4.0,0.30201322579495216,0.030575100427847265
3592,4.0,0.3029871625685235,0.030949508253874644
3593,4.0,0.30304931860945017,0.030236033053629093
3594,4.0,0.30463075236407994,0.028786687947742508
3595,4.0,0.3965588824953979,0.03847908974280456
3596,4.0,0.35046909421105515,0.034845203828847864
3597,4.0,0.3400591263589359,0.029776485187247435
3598,4.0,0.39009896163812113,0.03476088966331098
3599,4.0,0.34505373083135055,0.0336129851054974
3600,4.0,0.2661934734488362,0.02899073822990023
3601,4.0,0.26695533614697137,0.029485630981385593
3602,4.0,0.33991112191110334,0.03072004111164597
3603,4.0,0.4064596350375959,0.036120817331066514
3604,4.0,0.2675229285183049,0.026294066661609612
3605,4.0,0.3010204530178666,0.029766411440248636
3606,4.0,0.3316468438557689,0.03312423922047212
3607,4.0,0.35105858515216415,0.03481972009566686
3608,4.0,0.3110048149814477,0.02904711353760368
3609,4.0,0.26633813396540673,0.029225045282752198
3610,4.0,0.3020962419751199,0.027959832734577823
3611,4.0,0.3112435198013387,0.027449354921413434
3612,4.0,0.28655894501915957,0.020463318638585113
3613,4.0,0.327423426571398,0.029629220194143997
3614,4.0,0.27237955352850285,0.024018483225810683
3615,4.0,0.3072203301582693,0.027572511479126056
3616,4.0,0.34539989953642947,0.029765804404846562
3617,4.0,0.28652522793006,0.021639093446709085
3618,4.0,0.2966493224304615,0.02362997549737319
3619,4.0,0.29926421955010424,0.02739665823533386
3620,4.0,0.41020701999084336,0.03700854550064159
3621,4.0,0.36790140887563433,0.037075132662540596
3622,4.0,0.3655815292420138,0.035322664692337094
3623,4.0,0.3686044472266673,0.035273530502139196
3624,4.0,0.4178245507398639,0.03892939459343764
3625,4.0,0.4270836858443275,0.04063548631030927
3626,4.0,0.35322309158628595,0.031494186408760935
3627,4.0,0.3531264051970832,0.031072168451312155
3628,4.0,0.2403516556586539,0.021975593032832433
3629,4.0,0.29035325377508675,0.025282470463718943
3630,4.0,0.3656081589707185,0.035529356889238556
3631,4.0,0.37484433017766605,0.03596764815809245
3632,4.0,0.32102330677535174,0.028356350494235467
3633,4.0,0.25203475436084366,0.024797734449186613
3634,4.0,0.35945945142254015,0.0348202555271279
3635,4.0,0.3589714403866927,0.03329973541407706
3636,4.0,0.33262996829529073,0.034641013063665176
3637,4.0,0.3222159895407969,0.030046655353526026
3638,4.0,0.24443300831833947,0.02178371104378333
3639,4.0,0.3246277538531225,0.031192647353322268
3640,4.0,0.26048697054000397,0.02737337209433943
3641,4.0,0.2580580396626874,0.025085054167303538
3642,4.0,0.2581048098449285,0.02522185829931786
3643,4.0,0.26303486200962545,0.026324649973217852
3644,4.0,0.3243010894343569,0.03367327028799957
3645,4.0,0.26160288914220503,0.027830600274628955
3646,4.0,0.26218343701662405,0.02788691824731943
3647,4.0,0.24213550653091617,0.02907517592708405
3648,4.0,0.26177948347335445,0.026051505469791344
3649,4.0,0.2595092352805838,0.02722219843692875
3650,4.0,0.37527282728634015,0.042297339664469205
3651,4.0,0.22773716383731016,0.024457235073781457
3652,4.0,0.3129419216152676,0.03758295953597107
3653,4.0,0.3343600798613824,0.0356453968738185
3654,4.0,0.3898597938244443,0.04117654410300133
3655,4.0,0.4142768466601535,0.0463230205408286
3656,4.0,0.22641358402774642,0.026104717772110767
3657,4.0,0.33281461089784375,0.04266032034688554
3658,4.0,0.41192590880556385,0.04268472120714462
3659,4.0,0.3365350369044636,0.03554232144094878
3660,4.0,0.2585701431404317,0.025975258490253984
3661,4.0,0.31985631155937144,0.03257775203288197
3662,4.0,0.2752102209289565,0.026732441722609555
3663,4.0,0.3169572784302661,0.03595478743400173
3664,4.0,0.2776080048855092,0.026374656031809628
3665,4.0,0.30382418228040003,0.03648406463468507
3666,4.0,0.2579208553349792,0.025539734635257397
3667,4.0,0.30813705532826313,0.030010202171996635
3668,4.0,0.3146924072057394,0.03284110149795827
3669,4.0,0.3472674421509438,0.03166037369633247
3670,4.0,0.2891370410863727,0.03782780111232711
3671,4.0,0.318328558090699,0.03728465319554222
3672,4.0,0.436128292302258,0.04753271308863607
3673,4.0,0.42380074129194917,0.04115221802136634
3674,4.0,0.4377208193295965,0.043745863810912874
3675,4.0,0.2863644940183913,0.028036016600049216
3676,4.0,0.30184143176409295,0.03950760578474389
3677,4.0,0.4451676847196361,0.043169714789054084
3678,4.0,0.34242679776846735,0.03858701936349793
3679,4.0,0.42640986946979803,0.04374061196920081
3680,4.0,0.20657479065747303,0.019199697646615527
3681,4.0,0.20707367105602667,0.021776033479723202
3682,4.0,0.2066731436030129,0.01753534857944116
3683,4.0,0.1732347706941066,0.02070902906031124
3684,4.0,0.20649974077400493,0.015481265536820252
3685,4.0,0.2071939782437152,0.017926015666764484
3686,4.0,0.22705582307921762,0.020736983083288554
3687,4.0,0.2068818832092606,0.016744756746731
3688,4.0,0.20682428190486893,0.017246384648840936
3689,4.0,0.20694655979637155,0.017836795548366268
3690,4.0,0.36174422709780135,0.043248453001999365
3691,4.0,0.13267607487675973,0.019102863201243034
3692,4.0,0.40404093330723184,0.03966043853089214
3693,4.0,0.1728155688167046,0.023062246097882225
3694,4.0,0.40597690276060605,0.045119396853006186
3695,4.0,0.22645131619244405,0.033398311979044124
3696,4.0,0.17346061039956995,0.022353766802620717
3697,4.0,0.1740211542894433,0.023266034802701313
3698,4.0,0.17313674832741535,0.020604524560508253
3699,4.0,0.2922361063172096,0.03735225058507557
3700,4.0,0.09893742672599115,0.016906396941560074
3701,4.0,0.09480822284878407,0.018835588457116935
3702,4.0,0.09950619786145934,0.014588596124134849
3703,4.0,0.09843219035835649,0.01593859440204886
3704,4.0,0.0985553098870724,0.015627533723068927
3705,4.0,0.09912276913452676,0.019292426256524053
3706,4.0,0.09910018213018511,0.016038801181851938
3707,4.0,0.0986651181861297,0.016706333026397947
3708,4.0,0.09892730908071445,0.016657077095281792
3709,4.0,0.09929076444963145,0.01600391203385221
3710,4.0,0.30027115154124595,0.03695057636861741
3711,4.0,0.12638734143307218,0.02030879419151478
3712,4.0,0.12360884723040007,0.018273365632781004
3713,4.0,0.1212480771107416,0.021105303191625076
3714,4.0,0.1903313204774246,0.0299665900345908
3715,4.0,0.12411658233187965,0.01627498175714068
3716,4.0,0.13960963572787494,0.023826128865772792
3717,4.0,0.12290065059222709,0.01837207913302086
3718,4.0,0.12150699418199071,0.015511843480105928
3719,4.0,0.1271078084092715,0.021335705703625026
3720,4.0,0.2919790211777356,0.03069038756771568
3721,4.0,0.31356228921351964,0.03385779365532259
3722,4.0,0.17193514575672636,0.021455664794176287
3723,4.0,0.43733578411444407,0.04332277811071054
3724,4.0,0.38186264596276387,0.037263395148676014
3725,4.0,0.2502418207138843,0.03209388288773696
3726,4.0,0.10210658416631113,0.018861389746774614
3727,4.0,0.24141914640032588,0.02748081346950798
3728,4.0,0.2669684737938566,0.029280746937367416
3729,4.0,0.35805707681993587,0.03927922187600445
3730,4.0,0.38337620015812546,0.04083384605502819
3731,4.0,0.31391556560863537,0.03616149223155983
3732,4.0,0.3846495764091455,0.0388859178054463
3733,4.0,0.38456992400281775,0.039824744121813714
3734,4.0,0.37794978676386765,0.0389071345614639
3735,4.0,0.39752829019342834,0.04215081429795666
3736,4.0,0.3086310967809933,0.03708207207494696
3737,4.0,0.32170611081823935,0.03537303669221738
3738,4.0,0.32795034092140446,0.03419332601569199
3739,4.0,0.3492222446780864,0.04069581912668725
3740,4.0,0.21351939789532606,0.023845378900232583
3741,4.0,0.21256685003658274,0.024091002371004734
3742,4.0,0.27619805944257464,0.02800737114329248
3743,4.0,0.21330231777920203,0.024304919045139838
3744,4.0,0.2796822732325948,0.027153227913471932
3745,4.0,0.21541452483543944,0.024709411083660933
3746,4.0,0.2125792411409651,0.022302618379347428
3747,4.0,0.213100681428653,0.02551273168354581
3748,4.0,0.2123385397597244,0.02349649779555732
3749,4.0,0.2134312595540139,0.024121419849422586
3750,4.0,0.41006751410643905,0.040313689093966175
3751,4.0,0.40732877466098494,0.03820105594287613
3752,4.0,0.407050422881783,0.04001508837761874
3753,4.0,0.3549419940063153,0.03713947363262592
3754,4.0,0.42133129679975334,0.040199341237224254
3755,4.0,0.41821001787530976,0.039455397401061416
3756,4.0,0.42312278827811134,0.041636247006570204
3757,4.0,0.40797898617744394,0.03637824798132867
3758,4.0,0.4074034977030438,0.03763865601055692
3759,4.0,0.41651573745623627,0.038997430030779774
3760,4.0,0.2957374655887785,0.028473450953215858
3761,4.0,0.3948130702335231,0.039043367646469575
3762,4.0,0.24972398983204658,0.020338427841833866
3763,4.0,0.2895966360037386,0.023380645647088073
3764,4.0,0.2556528756480532,0.02079286510601109
3765,4.0,0.25541973252216593,0.022538581941945638
3766,4.0,0.2563918108971606,0.021416863288056642
3767,4.0,0.24437375366092526,0.021080256250231678
3768,4.0,0.255433357941214,0.024228956838629807
3769,4.0,0.24209108555688674,0.02105509878700464
3770,4.0,0.25767451300197103,0.021074763926557216
3771,4.0,0.3230194895731417,0.031419259763071444
3772,4.0,0.30356899967814965,0.027992876219251322
3773,4.0,0.2585466529428421,0.02009292149514534
3774,4.0,0.45057710764010805,0.039513136810950235
3775,4.0,0.31940201881674407,0.03679573087146333
3776,4.0,0.3059761234726628,0.034205407498750215
3777,4.0,0.2832226496709027,0.026486719781572528
3778,4.0,0.2503044540120222,0.017615294358128787
3779,4.0,0.24198825042867692,0.018193034370545463
3780,4.0,0.24369112977956228,0.029933239237440908
3781,4.0,0.19053706622028596,0.028524565692930423
3782,4.0,0.45895173229040126,0.04719945984811609
3783,4.0,0.33740935695708935,0.035117116727778466
3784,4.0,0.43687402773505296,0.04316027272605381
3785,4.0,0.30092365467554244,0.03352079523577025
3786,4.0,0.4188518956652132,0.041206964501169924
3787,4.0,0.2177458978987329,0.02378288704301587
3788,4.0,0.19083011116307333,0.02482267497137556
3789,4.0,0.3216499856223452,0.03351177856091403
3790,4.0,0.45588346362755455,0.04453432997225561
3791,4.0,0.42401816131378534,0.040708254396476025
3792,4.0,0.3092542295261991,0.0261921745908349
3793,4.0,0.41758422458216626,0.043427172714683875
3794,4.0,0.35217584088886306,0.03696323683536984
3795,4.0,0.2887058842000642,0.032399029551068804
3796,4.0,0.47338249373516034,0.04739036150844077
3797,4.0,0.3724943136215431,0.040825964723632986
3798,4.0,0.4823281336113705,0.04630414126046308
3799,4.0,0.4541560937246886,0.044299156715701074
3800,4.0,0.2837983901372116,0.032938831769537213
3801,4.0,0.29548403173323123,0.03795257251835466
3802,4.0,0.3325586189357247,0.043511711888011374
3803,4.0,0.3784311417294876,0.044355953180324655
3804,4.0,0.4478926464106992,0.05017177090417233
3805,4.0,0.2738122961854129,0.040479726396314204
3806,4.0,0.41982820568591156,0.05052174371907482
3807,4.0,0.24223654215254903,0.03324227009711255
3808,4.0,0.43122135792231053,0.043674801259305666
3809,4.0,0.38330170895710447,0.043276575629016746
3810,4.0,0.19498741445552262,0.023726916625232925
3811,4.0,0.4032192436578979,0.04582611715113687
3812,4.0,0.45615688583690445,0.051685178423154975
3813,4.0,0.4840038496395133,0.05032099155850348
3814,4.0,0.4138094611267281,0.04636210697855601
3815,4.0,0.2241047869522186,0.030877642847662708
3816,4.0,0.19510881814436729,0.020470116659382354
3817,4.0,0.4071541899247596,0.04556773953761877
3818,4.0,0.15331557206823468,0.021173895404780266
3819,4.0,0.4823123822411383,0.05178172831230822
3820,4.0,0.43786830940573745,0.051284331080880236
3821,4.0,0.3910109632938232,0.047967085612053616
3822,4.0,0.3200017766871585,0.03685930045140023
3823,4.0,0.42325899336627176,0.04568299965993821
3824,4.0,0.395563828582966,0.047709798361111964
3825,4.0,0.45263001443983863,0.04946810281894624
3826,4.0,0.23337933509372039,0.033543162908714265
3827,4.0,0.33099303696979093,0.03688537043452994
3828,4.0,0.32347214770897625,0.044107817244505305
3829,4.0,0.11399114180650169,0.020305567976570987
3830,4.0,0.3063538769540366,0.037581646812505
3831,4.0,0.20592178206852887,0.027128604057543304
3832,4.0,0.14420186758535125,0.019105404124289314
3833,4.0,0.25575206087174757,0.025613580633468528
3834,4.0,0.2576895260839676,0.027975009833780606
3835,4.0,0.2733631489613956,0.031152472743290086
3836,4.0,0.24721885896212034,0.030078371569750975
3837,4.0,0.25696575590380705,0.02787640954770331
3838,4.0,0.3603874232124254,0.04036011578137369
3839,4.0,0.23554551995972706,0.032079959628300715
3840,4.0,0.22988176199520058,0.03144197270385138
3841,4.0,0.2889210655289194,0.04019984592837287
3842,4.0,0.30229678324652237,0.04112039018407411
3843,4.0,0.3813197400724851,0.041425395992353134
3844,4.0,0.22637752812727113,0.026956276707703498
3845,4.0,0.26493218018907566,0.03961650485721715
3846,4.0,0.4554039456394354,0.04915135219303521
3847,4.0,0.373555235340884,0.04084627215746548
3848,4.0,0.2300323990676419,0.030951153192818423
3849,4.0,0.265793885474241,0.03636742468999462
3850,4.0,0.28382247095615354,0.021723737967413413
3851,4.0,0.2640526178108731,0.019402771215951648
3852,4.0,0.24985305995941365,0.02409811050943255
3853,4.0,0.2895444204123612,0.026066585991446893
3854,4.0,0.28511525770809426,0.023889831284589283
3855,4.0,0.286366500441009,0.02133096842663954
3856,4.0,0.28754665931479906,0.02234584796668994
3857,4.0,0.2845283506201955,0.022703621640429026
3858,4.0,0.2837202400244196,0.023892720825047155
3859,4.0,0.32455508134235633,0.03114125506311904
3860,4.0,0.3053516134412562,0.02860816665375239
3861,4.0,0.3060492768141987,0.02593818383245428
3862,4.0,0.31073501302145573,0.025456822394799714
3863,4.0,0.3090165736883897,0.027760518242396094
3864,4.0,0.3130817557286468,0.02282343642765491
3865,4.0,0.18875643324755134,0.017350589215194643
3866,4.0,0.302757165121215,0.026877617543430946
3867,4.0,0.34791066801799536,0.028256824867274162
3868,4.0,0.1881465237438903,0.019095814033967633
3869,4.0,0.30532501793814565,0.029083925095934843
3870,4.0,0.2986066393013998,0.02646953083395438
3871,4.0,0.3470512097271544,0.029614664883778168
3872,4.0,0.29073516615428263,0.027344058930939753
3873,4.0,0.36225699200141476,0.031555977837457595
3874,4.0,0.28327176322197933,0.027220681122482805
3875,4.0,0.3655035615981967,0.03159344390490889
3876,4.0,0.35584765073549474,0.031029515107141706
3877,4.0,0.25720449433621584,0.026645906052106
3878,4.0,0.3407822113584995,0.02998603445157808
3879,4.0,0.3098718123708202,0.025892859412137
3880,4.0,0.2978983358643824,0.025283356035835345
3881,4.0,0.2821229983064965,0.019581791099265607
3882,4.0,0.3271140842101359,0.024395213066851013
3883,4.0,0.29815643621633536,0.026769563093997965
3884,4.0,0.29859339066500185,0.029170254608728186
3885,4.0,0.2981750843658407,0.02771552317082386
3886,4.0,0.4280904906813044,0.03394630652814881
3887,4.0,0.2556276154750937,0.02486547912682294
3888,4.0,0.26346152104069737,0.026736965575875474
3889,4.0,0.2717689863281196,0.017861148732187557
3890,4.0,0.24731454757186344,0.01902222080229782
3891,4.0,0.24686980313424142,0.019948339783079867
3892,4.0,0.2465145922403732,0.020847211830939707
3893,4.0,0.2465883336956202,0.021396218193075137
3894,4.0,0.12867350278838757,0.014265278793348294
3895,4.0,0.24705093601628247,0.01941043417457356
3896,4.0,0.21675480856368246,0.021016616678261543
3897,4.0,0.12835377830720107,0.016506952156068976
3898,4.0,0.1289939662163828,0.014621844876794998
3899,4.0,0.1288670698368627,0.012705778220569904
3900,4.0,0.3773135495370651,0.03589353667036416
3901,4.0,0.4295011463983824,0.03744393074074094
3902,4.0,0.45800461878823134,0.03669314172596199
3903,4.0,0.47249087777327287,0.04075901441613327
3904,4.0,0.4096328856705385,0.03593406443868828
3905,4.0,0.47524858149687144,0.037542677554874324
3906,4.0,0.36717326445417714,0.032822083929429195
3907,4.0,0.43643734131122053,0.040031980504576854
3908,4.0,0.503350526247723,0.040755651740467844
3909,4.0,0.45906771554518183,0.0373103191758329
3910,4.0,0.10119287458966099,0.0208483815398396
3911,4.0,0.15172918007450512,0.021657893248688973
3912,4.0,0.15169408193837328,0.020309306910797305
3913,4.0,0.4171305527086346,0.03705631542839626
3914,4.0,0.3601039602358134,0.03582186181853852
3915,4.0,0.1006092818347349,0.018519041022078492
3916,4.0,0.1013807300502417,0.020691610586728915
3917,4.0,0.41044708595881657,0.039225505275338725
3918,4.0,0.36501987813516695,0.037357572421862134
3919,4.0,0.4057043399101656,0.03658250872567825
3920,4.0,0.2908273010744876,0.0323858664684441
3921,4.0,0.18275873164661582,0.019149493414567134
3922,4.0,0.13191099679754534,0.014208180733827664
3923,4.0,0.29976782416212366,0.032125677059362735
3924,4.0,0.18539731831399864,0.02425114723914187
3925,4.0,0.17382303198566712,0.0179374791694541
3926,4.0,0.1836903293768031,0.02120070101429084
3927,4.0,0.18539529157420107,0.02137435967972717
3928,4.0,0.13258912737290554,0.015161043144352652
3929,4.0,0.19973075523706676,0.02405127455491064
3930,4.0,0.29111780720727665,0.02918644261039371
3931,4.0,0.27905411913764794,0.026211126727926942
3932,4.0,0.29148007334015574,0.02842380944973797
3933,4.0,0.24493518147327317,0.02422097369116711
3934,4.0,0.39259080731587076,0.03677327093630057
3935,4.0,0.15388835197241274,0.01842397359909929
3936,4.0,0.2470848011178628,0.0219778204960817
3937,4.0,0.38103765019458513,0.035013388208685506
3938,4.0,0.2912891265247295,0.02804007421364576
3939,4.0,0.24856421555373373,0.025929102887685147
3940,4.0,0.25172071833153664,0.027179101055114036
3941,4.0,0.2486956923689295,0.02577153306207292
3942,4.0,0.3430859250712766,0.033241173457154105
3943,4.0,0.24839661415505584,0.02390026047184645
3944,4.0,0.36353141611216927,0.03253920693207124
3945,4.0,0.3734487869635561,0.035865538783471956
3946,4.0,0.27788284497924204,0.030214137231809275
3947,4.0,0.35753601416784936,0.03246936961774578
3948,4.0,0.3854901047615212,0.03487850084549891
3949,4.0,0.25207396231323603,0.028360444112593204
3950,4.0,0.33915448332697606,0.03216879567250524
3951,4.0,0.17470476175340516,0.014717826600300032
3952,4.0,0.17454304723074893,0.013790056047482329
3953,4.0,0.17369843526133621,0.013157157892537307
3954,4.0,0.17456530907093573,0.015848715523086133
3955,4.0,0.1737721487954989,0.017104987584274412
3956,4.0,0.173687607902905,0.014096093205487424
3957,4.0,0.1744230678695403,0.010925185504339602
3958,4.0,0.17390445295020793,0.017689970051701934
3959,4.0,0.17407034370505778,0.014834715080892274
3960,4.0,0.1875342609805452,0.020660378102803467
3961,4.0,0.3339780565384621,0.03469157831241278
3962,4.0,0.22535183471210288,0.025776028355615786
3963,4.0,0.24586941551616023,0.03093737239251972
3964,4.0,0.26286722134281204,0.025785735961418806
3965,4.0,0.32837718284414646,0.03254120131392741
3966,4.0,0.2794557904074924,0.03223334067482203
3967,4.0,0.2522873632881735,0.02610450497763455
3968,4.0,0.294682822969897,0.028636741908953538
3969,4.0,0.38068226980778624,0.036113043678186345
3970,4.0,0.17909765390557034,0.021555768381453958
3971,4.0,0.31282427547143715,0.03235760042663908
3972,4.0,0.31156703441057787,0.030498828294989646
3973,4.0,0.1797834614838957,0.02190336592994371
3974,4.0,0.17929636967758975,0.020580907108770242
3975,4.0,0.3384408640770822,0.03351365354578101
3976,4.0,0.3693968541434635,0.03606842776344535
3977,4.0,0.2881353893892225,0.029950175887657624
3978,4.0,0.17975222206097097,0.019830850755158915
3979,4.0,0.31503059523076826,0.03228251509070454
3980,4.0,0.259589712515546,0.02576111128976219
3981,4.0,0.17319503781757165,0.016635844742462765
3982,4.0,0.29327057481614144,0.028158441310244454
3983,4.0,0.1721265428803629,0.02035668536536393
3984,4.0,0.28753661174683476,0.025717038612184693
3985,4.0,0.28970209081581294,0.029432945461638528
3986,4.0,0.21956212304541847,0.02025470249520555
3987,4.0,0.2352488011482318,0.02569084080441621
3988,4.0,0.327262259644836,0.030549418855038823
3989,4.0,0.1850898897725593,0.02179434488302114
3990,4.0,0.31088882777529236,0.030059453806237448
3991,4.0,0.2983776951094288,0.027731607820105125
3992,4.0,0.314030964466699,0.028773515391924066
3993,4.0,0.31331563214130004,0.03013896353414318
3994,4.0,0.3535327699400701,0.028944368469694757
3995,4.0,0.37541539136813085,0.03529232792258294
3996,4.0,0.28201526160226803,0.02560749191735757
3997,4.0,0.30929789467265306,0.0302791759164325
3998,4.0,0.31400561333412025,0.028004498999633202
3999,4.0,0.27675712904084915,0.02796882812693473
4000,4.5,0.3395840983285727,0.04299675119042465
4001,4.5,0.167121202071642,0.021254414815914863
4002,4.5,0.43164545995146947,0.05091167975539545
4003,4.5,0.398480883305286,0.05246358705695399
4004,4.5,0.19532358739023473,0.023741704809398235
4005,4.5,0.44647087277977665,0.05037263729896503
4006,4.5,0.16680567926520282,0.01991903824798546
4007,4.5,0.42929310343082017,0.05217065859001505
4008,4.5,0.41905908817982,0.05246462497673191
4009,4.5,0.39328130371545084,0.046633478521490565
4010,4.5,0.5094584979188225,0.05362050900697464
4011,4.5,0.5177988821623717,0.053783532338812765
4012,4.5,0.3903216341715235,0.047985263295585584
4013,4.5,0.3899964385158306,0.04675269252667485
4014,4.5,0.40688612275661273,0.046975645519213086
4015,4.5,0.46718485395879517,0.05294270321229314
4016,4.5,0.4589354237834223,0.051836012155769225
4017,4.5,0.49607274689641634,0.05595392902157154
4018,4.5,0.31765999219967544,0.04285930367931529
4019,4.5,0.5041484225953623,0.05565578254440388
4020,4.5,0.3638557988593468,0.04562665265183104
4021,4.5,0.3679494125668211,0.04658206880274417
4022,4.5,0.41718451012601043,0.05333571261831959
4023,4.5,0.46672646262627593,0.05364921390080964
4024,4.5,0.43520716263387815,0.05418174685214036
4025,4.5,0.38524165064143984,0.04938046585957452
4026,4.5,0.47288804986731214,0.057453781671438234
4027,4.5,0.505506503503564,0.05568511368819888
4028,4.5,0.5169009650602377,0.05324991793933755
4029,4.5,0.4894142343758217,0.05788037598980429
4030,4.5,0.2898104475596277,0.03967101020633505
4031,4.5,0.2859563955362834,0.04137350237900132
4032,4.5,0.131651329850355,0.02051659486354741
4033,4.5,0.18931624992158405,0.02433834025399077
4034,4.5,0.13112591853786737,0.02093879528026594
4035,4.5,0.2980765751691334,0.037907958305880715
4036,4.5,0.1323138159303337,0.01792239315925
4037,4.5,0.13148760265262432,0.02207713128063731
4038,4.5,0.13274534570064436,0.021611652258774042
4039,4.5,0.2027459611284179,0.026058847291348015
4040,4.5,0.40500322446673304,0.05032130067144434
4041,4.5,0.4470236533935788,0.054448700555877264
4042,4.5,0.23318675206528444,0.030987565189989442
4043,4.5,0.4582683871183554,0.05657042880555687
4044,4.5,0.48262745619692726,0.059333949328828184
4045,4.5,0.42369163338495464,0.05325749588493769
4046,4.5,0.45350432260404766,0.05386387878000444
4047,4.5,0.44145575652468577,0.057073628962438804
4048,4.5,0.3114808845818667,0.040160860442805243
4049,4.5,0.49479803109286563,0.05730791869868999
4050,4.5,0.2790025565426782,0.028345959445604
4051,4.5,0.31309876662461933,0.033484790219267355
4052,4.5,0.2785615860540306,0.028947431820445877
4053,4.5,0.2777705128414661,0.026534560308935064
4054,4.5,0.23390297508516913,0.02213452424788168
4055,4.5,0.29683007105569,0.028709691463861643
4056,4.5,0.32464847517891365,0.037080440506098815
4057,4.5,0.3736326111810047,0.03392159571721087
4058,4.5,0.2980337884180962,0.03306232705671692
4059,4.5,0.2719035981257464,0.027666518728361005
4060,4.5,0.29888368285493055,0.029532758797768295
4061,4.5,0.4429549281131305,0.043677225712987176
4062,4.5,0.46809471381582074,0.04394237318428244
4063,4.5,0.25684601496821113,0.027455733245272684
4064,4.5,0.3778206162386325,0.038242210797556055
4065,4.5,0.3634598908760351,0.03753592038373466
4066,4.5,0.2893975784747899,0.030693125204402583
4067,4.5,0.25712012468628886,0.027043444590245734
4068,4.5,0.4005255974684914,0.040638494430653836
4069,4.5,0.29700854680526756,0.032040060350821145
4070,4.5,0.4593923201597499,0.04206373875641009
4071,4.5,0.28667645617249304,0.03289593658731728
4072,4.5,0.2678515558673822,0.031141531081062993
4073,4.5,0.40433018363862194,0.03881003345372955
4074,4.5,0.3950808452634693,0.0409277121974701
4075,4.5,0.49504959448356955,0.0429601246936594
4076,4.5,0.2750279808110503,0.03322607130089973
4077,4.5,0.3144178939875503,0.03365220791702002
4078,4.5,0.31772178030384485,0.030866459659982293
4079,4.5,0.31639621493683784,0.03264680385676753
4080,4.5,0.46043494958042724,0.04072185834877626
4081,4.5,0.4127636046476495,0.03825283121172697
4082,4.5,0.3867148134406673,0.03782674932516514
4083,4.5,0.4036689655242268,0.03877186055961171
4084,4.5,0.36411070558945446,0.03709439632399922
4085,4.5,0.45356994970121267,0.04297202632505252
4086,4.5,0.380983074293459,0.03813366468243967
4087,4.5,0.4731436801264891,0.04427612697076337
4088,4.5,0.3642832057076238,0.03770553558582729
4089,4.5,0.4316913110706051,0.04117130920897561
4090,4.5,0.3259786339101904,0.030396608180640695
4091,4.5,0.30264296870751817,0.03012569852343521
4092,4.5,0.30519195594643367,0.03234348502246287
4093,4.5,0.3285131648824848,0.034790404400900254
4094,4.5,0.30439000586821263,0.02771097677886619
4095,4.5,0.3906271848678007,0.034707114303473396
4096,4.5,0.3554291841412374,0.0348988614586047
4097,4.5,0.33975750060091037,0.030848019275813963
4098,4.5,0.389097218342203,0.03588258502588877
4099,4.5,0.3489584227447856,0.035123956556207335
4100,4.5,0.2632233223887008,0.026832772985861324
4101,4.5,0.26400976905908774,0.028222339968800046
4102,4.5,0.33724569386099335,0.029894779378098577
4103,4.5,0.4006537459225279,0.032668715023447335
4104,4.5,0.26428876882368574,0.026440634286464173
4105,4.5,0.3016207560555214,0.030375401531549873
4106,4.5,0.3286347287016327,0.03154964081020484
4107,4.5,0.3468733403316614,0.03200254843775124
4108,4.5,0.3094746118588957,0.0258903658740537
4109,4.5,0.2635008178496173,0.028982195136024482
4110,4.5,0.2998785503263548,0.02678932144597615
4111,4.5,0.31128039759292553,0.02869686012050933
4112,4.5,0.2849746442917275,0.021684339260225543
4113,4.5,0.3853653657040954,0.03466335872337535
4114,4.5,0.27041769696464457,0.02353156384859694
4115,4.5,0.3049103758509565,0.027630933993658645
4116,4.5,0.34264769431930747,0.03176638308896756
4117,4.5,0.2850605973325897,0.020809806030785135
4118,4.5,0.2947173542759181,0.02793645133683225
4119,4.5,0.2977176052577535,0.02705725327440362
4120,4.5,0.4057724594393365,0.03852831843701
4121,4.5,0.3604469315449701,0.03402635094396621
4122,4.5,0.3603237192151911,0.032132536249344694
4123,4.5,0.36268759691353675,0.036141087630874126
4124,4.5,0.46560080741163773,0.0424026591892265
4125,4.5,0.41965846307003624,0.04196441937115063
4126,4.5,0.3491237932346286,0.02973138992030292
4127,4.5,0.3473681813452832,0.03322333686882702
4128,4.5,0.2385148627422131,0.022162168126903695
4129,4.5,0.28731561021077484,0.0227152852982774
4130,4.5,0.36470490488432594,0.033561454160526014
4131,4.5,0.36942105255512236,0.03397890769112637
4132,4.5,0.31864144847596665,0.029577081001071336
4133,4.5,0.25446143432259455,0.024503414170236403
4134,4.5,0.3549387870080353,0.03452552337929613
4135,4.5,0.35654348598837604,0.034428688614170325
4136,4.5,0.328725824552828,0.032979538205458625
4137,4.5,0.31990827389719495,0.032435153130815055
4138,4.5,0.24329016177682208,0.022096361797411007
4139,4.5,0.3221364371319255,0.03317629413061032
4140,4.5,0.2587287180515286,0.02547050451501806
4141,4.5,0.25631835727794494,0.027344759339257684
4142,4.5,0.256364539252234,0.027659953138372318
4143,4.5,0.26095425720832094,0.026356968132849396
4144,4.5,0.33345323137940275,0.03499015879089844
4145,4.5,0.2598348271548313,0.026446576794377754
4146,4.5,0.2603727660478163,0.028049879586457573
4147,4.5,0.23835612326533803,0.02786762131201549
4148,4.5,0.25980900555217973,0.028097197896306176
4149,4.5,0.25778777495990784,0.02911518371045978
4150,4.5,0.4207582840947639,0.044925765217702744
4151,4.5,0.2568561592539253,0.03139350404211972
4152,4.5,0.32201525804935827,0.03809140343935992
4153,4.5,0.4424194761245882,0.044310733718581116
4154,4.5,0.39016472107785505,0.04316456820287114
4155,4.5,0.41969557862370777,0.04470208782181174
4156,4.5,0.22397766909253883,0.028277586883437473
4157,4.5,0.34476081773280665,0.03946760537966732
4158,4.5,0.41226618572482765,0.04496271880219378
4159,4.5,0.33262584586698557,0.03795629453555543
4160,4.5,0.25646709102712667,0.027077193298099666
4161,4.5,0.3152563981388712,0.0323153106812634
4162,4.5,0.2730424275611519,0.031031329019981038
4163,4.5,0.3124921493504716,0.03305062399424294
4164,4.5,0.2747950766256791,0.03155640267641755
4165,4.5,0.29997255534634626,0.03526169407538633
4166,4.5,0.25601806544030487,0.028205195534126135
4167,4.5,0.3053828306240268,0.03069770039359728
4168,4.5,0.3115410942765241,0.03361167794155355
4169,4.5,0.3430060499555358,0.03310869890853671
4170,4.5,0.28610022127261603,0.0338564168053574
4171,4.5,0.336791060740194,0.036251344424692765
4172,4.5,0.431314453162817,0.04691694391303254
4173,4.5,0.4149301075898134,0.04187774766567931
4174,4.5,0.436631415197298,0.04412184123126505
4175,4.5,0.2832164373197412,0.02942126252263185
4176,4.5,0.3103358476870817,0.03651857162915186
4177,4.5,0.46374555329478895,0.04262924102526266
4178,4.5,0.3471410108139958,0.039779012033942164
4179,4.5,0.42621471256016025,0.04463447286758061
4180,4.5,0.20589458982203623,0.017002839408133283
4181,4.5,0.20646243559732536,0.01913797201969829
4182,4.5,0.20615288853100677,0.01778530489780849
4183,4.5,0.17374043494481373,0.016634313140366258
4184,4.5,0.20560361621019943,0.021471929288781104
4185,4.5,0.20655790311418618,0.0184091509528431
4186,4.5,0.22606650784985388,0.018558157567655876
4187,4.5,0.20618854635946104,0.019697554413450703
4188,4.5,0.2062409330950759,0.020687828300189025
4189,4.5,0.20621754338700327,0.016519983534454576
4190,4.5,0.35239818849358495,0.03908993377359796
4191,4.5,0.1317901188455606,0.018626649767773146
4192,4.5,0.39870690697799605,0.041709248737449016
4193,4.5,0.17116162369239124,0.02228209281060928
4194,4.5,0.40318660816494034,0.04452279122572952
4195,4.5,0.22315429699396858,0.03266040908278144
4196,4.5,0.17173271250725183,0.02330292239107927
4197,4.5,0.17246355696684748,0.024712548506449345
4198,4.5,0.17138714341043237,0.02697077723729218
4199,4.5,0.2868913966230298,0.03586948928315286
4200,4.5,0.09817254963804752,0.016572131025348314
4201,4.5,0.09400308308562384,0.01721380922796361
4202,4.5,0.0989235051301004,0.0171365168289595
4203,4.5,0.09866793699762191,0.016923660772789194
4204,4.5,0.09789860993279068,0.018888940091726817
4205,4.5,0.09831061297312041,0.014610461173414087
4206,4.5,0.0986949639453833,0.018671312701631117
4207,4.5,0.09849679180546164,0.016200147172122797
4208,4.5,0.0987824237394344,0.01925757531749169
4209,4.5,0.09856736492628332,0.016445364043853956
4210,4.5,0.29875001524022526,0.04020568492898699
4211,4.5,0.1262976376569015,0.021161151452031093
4212,4.5,0.12354849836214543,0.019675645410804896
4213,4.5,0.12049230253152031,0.01790386014295576
4214,4.5,0.2416932680138546,0.041408327435399676
4215,4.5,0.12316067011927351,0.021908207797775085
4216,4.5,0.1381034547908789,0.02329992937624535
4217,4.5,0.12295236913099236,0.019415427630761373
4218,4.5,0.12066287550109753,0.019081419354741693
4219,4.5,0.1256863730518127,0.020026364167114202
4220,4.5,0.29034504753991036,0.03349304708941123
4221,4.5,0.3103119324863861,0.03418973622745767
4222,4.5,0.21220088722071762,0.02500211668116476
4223,4.5,0.4631763888250165,0.04313177243670411
4224,4.5,0.38231432204298527,0.03691198294500788
4225,4.5,0.24684692234463848,0.03248243143160732
4226,4.5,0.10111060482499598,0.019893650980809398
4227,4.5,0.2390099188001068,0.02807828716708803
4228,4.5,0.26652414953936027,0.0290486437432077
4229,4.5,0.40411867705940857,0.043158369458130695
4230,4.5,0.39265657070441534,0.039610068014039566
4231,4.5,0.3110881693872395,0.034704554379800946
4232,4.5,0.38227855343599604,0.043691089657466195
4233,4.5,0.39400232645631417,0.04243770943748942
4234,4.5,0.3799637165288501,0.0394718600671871
4235,4.5,0.42472557170560277,0.04165229270147126
4236,4.5,0.31336299503318293,0.03435194640850232
4237,4.5,0.32719438234204073,0.037141019809230846
4238,4.5,0.32384116288767617,0.036126001883405624
4239,4.5,0.35676808747153693,0.037446839235994116
4240,4.5,0.21327064231617052,0.023676255801258483
4241,4.5,0.2313639010215297,0.028013188246809387
4242,4.5,0.27522066167329345,0.024927542455875303
4243,4.5,0.21275413638701499,0.025311447193877748
4244,4.5,0.28060230356101584,0.02952932561988652
4245,4.5,0.21554402151565813,0.026189987582329398
4246,4.5,0.21152475857360722,0.023504626252208956
4247,4.5,0.21174987795056058,0.022362004089869877
4248,4.5,0.21151352928510106,0.0248823168222398
4249,4.5,0.2129571132271811,0.02271576899032129
4250,4.5,0.40785204949990944,0.04045458365129427
4251,4.5,0.40507854710626956,0.03812616861881423
4252,4.5,0.4050031647620216,0.03769059006718235
4253,4.5,0.3490135602892237,0.038847626072994475
4254,4.5,0.4174104975342299,0.042651185067004126
4255,4.5,0.41492440956843457,0.0408231776336912
4256,4.5,0.423165928673841,0.04221041726589722
4257,4.5,0.4056588675356261,0.03860070166876293
4258,4.5,0.40517216737361117,0.03964579085662926
4259,4.5,0.41788189496431905,0.03712833781594059
4260,4.5,0.2931807753143807,0.030706414490846042
4261,4.5,0.3864825149646324,0.042178360513738425
4262,4.5,0.24866777960042416,0.02084279530100149
4263,4.5,0.28867878251260554,0.028054032725934812
4264,4.5,0.2547711790931632,0.022837655482768716
4265,4.5,0.25454543776487254,0.024749411440262534
4266,4.5,0.25526368360598856,0.021177497199830947
4267,4.5,0.24217115511879023,0.020932438786770726
4268,4.5,0.2542961455725376,0.023316933064021165
4269,4.5,0.24137109273665666,0.020013581574979747
4270,4.5,0.25701788929076624,0.023930780325704167
4271,4.5,0.3716565589900002,0.03814225294247029
4272,4.5,0.3028442956093779,0.027514650902024994
4273,4.5,0.2574586502467751,0.019127406287712007
4274,4.5,0.44656486162015635,0.03909138537063704
4275,4.5,0.3152422552867026,0.033125319182998124
4276,4.5,0.30178594680849985,0.03231678140051335
4277,4.5,0.2816628030488839,0.02237315034863693
4278,4.5,0.3162637236189003,0.03182132688185456
4279,4.5,0.2782740517400098,0.023777007394931614
4280,4.5,0.30958757810623877,0.0384440759189337
4281,4.5,0.18830897730859616,0.025848146059940205
4282,4.5,0.4493107159184999,0.04719184798274357
4283,4.5,0.33289547629446187,0.03581265782164175
4284,4.5,0.43408154356705553,0.04313519924319019
4285,4.5,0.29649009893979045,0.032509797700682214
4286,4.5,0.4187648832980531,0.04262014738225327
4287,4.5,0.214781437119789,0.029519286484638273
4288,4.5,0.18845128301465564,0.026039743512007597
4289,4.5,0.3168539758953536,0.03456386359983615
4290,4.5,0.45680288058381774,0.04352261541973636
4291,4.5,0.4214021750203276,0.03809785644648493
4292,4.5,0.3075378181234031,0.027349282871299525
4293,4.5,0.41351743256342255,0.042607274978894494
4294,4.5,0.34668068029865023,0.03782093420493038
4295,4.5,0.2849634362901162,0.034311740530439956
4296,4.5,0.4884206681258518,0.04855600317356115
4297,4.5,0.36791658406620975,0.038053840032031425
4298,4.5,0.4912102182068625,0.04571655911786681
4299,4.5,0.45865223618110446,0.04405693061585906
4300,4.5,0.28141188719403704,0.03175897205617597
4301,4.5,0.3629542060840962,0.04423355901336551
4302,4.5,0.35888679570185716,0.0449276507031899
4303,4.5,0.4226468905421424,0.04719074743990017
4304,4.5,0.4433888687186692,0.05118268995999586
4305,4.5,0.27174759176704993,0.03770729729822102
4306,4.5,0.4204742966001204,0.045716492353271194
4307,4.5,0.24014490379473682,0.0316430206234237
4308,4.5,0.4287557010535459,0.043249787965582015
4309,4.5,0.3808736462775782,0.04399976814249674
4310,4.5,0.19388003957588287,0.021974190872333838
4311,4.5,0.4598675670172719,0.04574717827606577
4312,4.5,0.4618050702746909,0.05325355555659273
4313,4.5,0.5120476948612827,0.053536233040637926
4314,4.5,0.4356740282592584,0.052400390857996
4315,4.5,0.22218249389920747,0.029791101707818114
4316,4.5,0.19409513366420467,0.024407700530073774
4317,4.5,0.4064562497629576,0.04472565106024719
4318,4.5,0.15259601950449764,0.01807832679141864
4319,4.5,0.47873119704134504,0.051698234362189795
4320,4.5,0.443091657229915,0.05191303319699671
4321,4.5,0.38328048808818294,0.047634405820883546
4322,4.5,0.32655509590063464,0.03713716975195882
4323,4.5,0.4251741220085877,0.04382987997575769
4324,4.5,0.38592560871608256,0.04584750142411701
4325,4.5,0.45608550886938,0.05134117759926663
4326,4.5,0.23030717422573457,0.033708796251379014
4327,4.5,0.32708539032010936,0.037322078502984836
4328,4.5,0.3175453891294739,0.04332117592161505
4329,4.5,0.16168420402661873,0.027013880284121272
4330,4.5,0.303035073934005,0.03415872649198561
4331,4.5,0.2053333531795319,0.025733698992663055
4332,4.5,0.14308800842745525,0.017463221045916473
4333,4.5,0.2546049286359436,0.025173430855558926
4334,4.5,0.2560680030386002,0.02713050195569268
4335,4.5,0.36520938931819874,0.03760691118694975
4336,4.5,0.24543365830551175,0.02751798818789154
4337,4.5,0.2553987318023878,0.02776248352648436
4338,4.5,0.3538137313742628,0.037746323033563886
4339,4.5,0.2719910612654859,0.03434524719586833
4340,4.5,0.2271961412685431,0.02999455646535426
4341,4.5,0.28372874792637137,0.038629011649528415
4342,4.5,0.29679925195897827,0.03836352590586481
4343,4.5,0.37378473088883746,0.044368198185883286
4344,4.5,0.22374913557381537,0.033739628522229746
4345,4.5,0.26046644479943404,0.038288888353237585
4346,4.5,0.4523795092833172,0.048815830542207145
4347,4.5,0.3720605212358813,0.041134145783978567
4348,4.5,0.22739845702298572,0.030258502764872446
4349,4.5,0.26087667790240193,0.03606431872024449
4350,4.5,0.2833531312682519,0.02500312481110925
4351,4.5,0.26338460969068334,0.023631986980267652
4352,4.5,0.24897616890262086,0.026087536402936522
4353,4.5,0.28770753929894216,0.02453568617283993
4354,4.5,0.28296736491665286,0.023135088166732425
4355,4.5,0.28443843737340085,0.02252311358254778
4356,4.5,0.28560222795105766,0.025290581985260158
4357,4.5,0.2845236856502185,0.02284743550959834
4358,4.5,0.28140191367153106,0.02165872925014493
4359,4.5,0.32396906326611014,0.03340948779929921
4360,4.5,0.3051763579700992,0.02619334874789009
4361,4.5,0.3045038475930001,0.026244140226205574
4362,4.5,0.30929229281381015,0.02721246497717569
4363,4.5,0.30803099934647776,0.026044455352112004
4364,4.5,0.3110928787040555,0.024392253279563646
4365,4.5,0.1882130324672511,0.01707782275564935
4366,4.5,0.30178457563670247,0.02740467358163334
4367,4.5,0.3437370710159441,0.028048385895083985
4368,4.5,0.187761985992817,0.015415623564361903
4369,4.5,0.30396326486460234,0.02688229160089491
4370,4.5,0.3014775992193138,0.030172886682519374
4371,4.5,0.34855514700998375,0.028583317260833296
4372,4.5,0.287117363399878,0.024818375482135585
4373,4.5,0.35745174067913127,0.02968309101260921
4374,4.5,0.27937352835247664,0.027671992152482734
4375,4.5,0.3618749098765169,0.029679102902866326
4376,4.5,0.38309700459409196,0.03483943865726133
4377,4.5,0.2554174656654883,0.02871789708462188
4378,4.5,0.3380094205830097,0.027832168596652107
4379,4.5,0.30789622351808815,0.027955319990810523
4380,4.5,0.29445708979782464,0.022854638258921915
4381,4.5,0.2839486878739335,0.02072668472560411
4382,4.5,0.332466937867452,0.025961127101316678
4383,4.5,0.2946575369635452,0.02554895231469944
4384,4.5,0.3028614991596507,0.03205438209407801
4385,4.5,0.2974034449350802,0.02766170038290735
4386,4.5,0.42179148017344115,0.03416166994422149
4387,4.5,0.25401111981593477,0.024430082842174156
4388,4.5,0.26621221135952183,0.02620766781495948
4389,4.5,0.27157793393904667,0.02034961743799483
4390,4.5,0.24650929215442022,0.02015520038355839
4391,4.5,0.24699157465458907,0.02125331782800645
4392,4.5,0.24671392497013933,0.020320849680782422
4393,4.5,0.24592816503678058,0.024020974354565693
4394,4.5,0.12874298059002437,0.012966738367456923
4395,4.5,0.24690615861772766,0.019141052609421734
4396,4.5,0.22386355452943155,0.020188784634285088
4397,4.5,0.12811130111274396,0.015258831556992968
4398,4.5,0.12871289652893825,0.011986056679389097
4399,4.5,0.12873911304949814,0.015157255011867573
4400,4.5,0.3690439194700084,0.037494620464411765
4401,4.5,0.42005635701290184,0.037902685538693234
4402,4.5,0.4595145351424316,0.03794102689589789
4403,4.5,0.4591031771775829,0.03917765626490122
4404,4.5,0.3980258130848032,0.038279688574351066
4405,4.5,0.4867818336429682,0.04057359235430475
4406,4.5,0.3767262635917484,0.03455609818026471
4407,4.5,0.4422666861316523,0.04105037553308419
4408,4.5,0.49214295676053715,0.039143115821424816
4409,4.5,0.45443145132099716,0.04071714035046742
4410,4.5,0.10068111297964837,0.020356895624863928
4411,4.5,0.15105924121769593,0.020024784780592823
4412,4.5,0.15053942418171723,0.023166431111946197
4413,4.5,0.4081920488374408,0.03516515390850407
4414,4.5,0.35905252978854674,0.036486503011282805
4415,4.5,0.09955413196016596,0.017420935228022176
4416,4.5,0.10061148621726336,0.020658052546380284
4417,4.5,0.412391897211969,0.03904908804778943
4418,4.5,0.36436061174552276,0.037504994519823004
4419,4.5,0.40485057927345913,0.03631923328762839
4420,4.5,0.28554341349316587,0.034309020426939375
4421,4.5,0.181331508454293,0.018456658638094887
4422,4.5,0.1317728982909846,0.013107602427107777
4423,4.5,0.2981700132456309,0.031036333998440444
4424,4.5,0.18396062396230423,0.020617036702508577
4425,4.5,0.1730836779694891,0.021092666956963057
4426,4.5,0.18267020196377004,0.023172938422472283
4427,4.5,0.18422257182579155,0.01991866168508598
4428,4.5,0.1323651891314619,0.012711476830418266
4429,4.5,0.19818191195518112,0.023161303806274892
4430,4.5,0.2879037393465852,0.028675771447519403
4431,4.5,0.2764921867868715,0.025184112910905207
4432,4.5,0.2880718377534238,0.028424687908316322
4433,4.5,0.24294381382826905,0.02525910048040614
4434,4.5,0.39388769811398633,0.036980086936235654
4435,4.5,0.15288927395210372,0.020066286587546417
4436,4.5,0.24515895797409462,0.022939070272482983
4437,4.5,0.412336308597045,0.03505667689344166
4438,4.5,0.2878524507136238,0.029997648811203006
4439,4.5,0.24601978853236248,0.026954704903958827
4440,4.5,0.24966722819595305,0.026300281542120458
4441,4.5,0.24543217850073262,0.027769855961542876
4442,4.5,0.3407261832140385,0.0326435312964268
4443,4.5,0.24531310796560069,0.026313683066684534
4444,4.5,0.35600629460014516,0.03305252288312596
4445,4.5,0.37558168895859095,0.03262682930714054
4446,4.5,0.2757761222620301,0.031694035264810315
4447,4.5,0.35745040503355024,0.03268348993103214
4448,4.5,0.38338406404636705,0.03628645442554985
4449,4.5,0.2510366867029464,0.02842683124419767
4450,4.5,0.3407697869080957,0.034263088998093535
4451,4.5,0.1743971628956112,0.016521375563791414
4452,4.5,0.17449973312531042,0.015039687003161842
4453,4.5,0.17333468763804188,0.017126846721846316
4454,4.5,0.17439566551666527,0.01795496847406394
4455,4.5,0.17344187227933106,0.015499322005803558
4456,4.5,0.1735269747515551,0.013634132242429008
4457,4.5,0.17439835497233933,0.014857451218346031
4458,4.5,0.1736223467139005,0.013734028900543574
4459,4.5,0.17376941886726838,0.014245603535965242
4460,4.5,0.18587453528361558,0.019196398845618474
4461,4.5,0.3345854277847236,0.03126571292892943
4462,4.5,0.2614403675977726,0.026693035934456367
4463,4.5,0.24236292886228455,0.023088906439203298
4464,4.5,0.30027648963039366,0.02885348406573368
4465,4.5,0.33000423046834737,0.035581604013658036
4466,4.5,0.27403490307303957,0.029673030847888342
4467,4.5,0.2619363622867929,0.030078161962738114
4468,4.5,0.3038190315650126,0.031047984614046276
4469,4.5,0.40158865663866133,0.036785130577668274
4470,4.5,0.17775099443612793,0.021715930443969588
4471,4.5,0.34687538311116817,0.03585106837374101
4472,4.5,0.3077342561592195,0.03238675082417803
4473,4.5,0.17836032468034235,0.020194680375269794
4474,4.5,0.17830372546086526,0.021044847520549134
4475,4.5,0.33502751348493204,0.03294753246997524
4476,4.5,0.370886683570051,0.034673857603008854
4477,4.5,0.285289346013817,0.028330684813150406
4478,4.5,0.17845375089966642,0.019091124747317736
4479,4.5,0.31198834348449583,0.031131366435024226
4480,4.5,0.2581292244948793,0.024065411248319395
4481,4.5,0.17300411176643446,0.017976377183529953
4482,4.5,0.28894631922881253,0.030538447491052043
4483,4.5,0.17141060854429604,0.015569864376168512
4484,4.5,0.2842514361530222,0.025612943790357542
4485,4.5,0.28532390486495895,0.029350143342207643
4486,4.5,0.22065155522063687,0.024236145569454245
4487,4.5,0.23587982756139417,0.023131596375569687
4488,4.5,0.3215131970234974,0.03185829944309569
4489,4.5,0.18356052832780523,0.022657282196079417
4490,4.5,0.31014674280598636,0.028515309962726616
4491,4.5,0.39703205214304194,0.03721072673949769
4492,4.5,0.3115838889390213,0.032380452770783906
4493,4.5,0.31098217380436877,0.03103288123961931
4494,4.5,0.3537147470960198,0.03143471627068076
4495,4.5,0.367854191558347,0.03287170441648257
4496,4.5,0.27953160945330824,0.02776621196070815
4497,4.5,0.30984939095549124,0.029122810270131794
4498,4.5,0.3113673031164633,0.031281574229693535
4499,4.5,0.27392642170298465,0.030425901979112012
4500,5.0,0.42145591678897204,0.04614966456113285
4501,5.0,0.16590452680951165,0.02269839267122238
4502,5.0,0.42621884274393046,0.05219808829494016
4503,5.0,0.43063925258468533,0.05297699223916625
4504,5.0,0.22791227290596183,0.027639530328901287
4505,5.0,0.46462552964480347,0.051736447625052015
4506,5.0,0.16594515849068145,0.023286431142203575
4507,5.0,0.4325723492683507,0.0526569248955567
4508,5.0,0.41685724036965915,0.05281492318137129
4509,5.0,0.3889102321760729,0.04710323613421677
4510,5.0,0.5099142084579846,0.058205763295247716
4511,5.0,0.5155507992067738,0.055349838456059314
4512,5.0,0.3893127574246823,0.0465930044796433
4513,5.0,0.38438012482665157,0.043232136196301334
4514,5.0,0.40610777554770566,0.04809768402643249
4515,5.0,0.4619937000199483,0.05157732136643884
4516,5.0,0.45240635746804325,0.05488882755875403
4517,5.0,0.49971543382144984,0.05605918086778975
4518,5.0,0.3148149461211171,0.044945114951183786
4519,5.0,0.49683668836178,0.054933496586947385
4520,5.0,0.40240877421421417,0.052808329030781
4521,5.0,0.40009495223904196,0.05196562993355462
4522,5.0,0.4136399365728894,0.04865205744288298
4523,5.0,0.4746899459156563,0.05315006893127802
4524,5.0,0.4399268701495742,0.05129001800789101
4525,5.0,0.4564455412402546,0.05219164960767732
4526,5.0,0.5058718376573121,0.05673126484649927
4527,5.0,0.5064269440485539,0.05722823286906575
4528,5.0,0.5065167661484443,0.05587293924327647
4529,5.0,0.5205981773111329,0.05577284022966588
4530,5.0,0.2896920816707407,0.03959078047342948
4531,5.0,0.2841479360012803,0.040795058270612444
4532,5.0,0.13085178534314562,0.021068763633451146
4533,5.0,0.19422095527400227,0.026849541017669593
4534,5.0,0.13031535608978181,0.021264245388105472
4535,5.0,0.31820183047954587,0.03841923662254757
4536,5.0,0.13171112406392393,0.019906537781052048
4537,5.0,0.1307961950461264,0.020922001741368008
4538,5.0,0.13162901713662128,0.02141116840711787
4539,5.0,0.20203595913175545,0.025405145663621436
4540,5.0,0.40342968219181286,0.048232161497658535
4541,5.0,0.4774377151407486,0.05795434055090198
4542,5.0,0.2469521301756006,0.03799019013714272
4543,5.0,0.47439721308948646,0.05948002964196284
4544,5.0,0.49172790213381945,0.05895766635163136
4545,5.0,0.45749229847772993,0.05490006296935051
4546,5.0,0.4474580858496183,0.05599398129610451
4547,5.0,0.46977727536422625,0.05686752846530579
4548,5.0,0.3227730260352169,0.043002027968650824
4549,5.0,0.4903557803754447,0.05706653785643394
4550,5.0,0.276835998885752,0.02821246451564867
4551,5.0,0.3103307173859239,0.035444619415276025
4552,5.0,0.30349177921606535,0.03342656382056231
4553,5.0,0.30265310465787876,0.03163219781385889
4554,5.0,0.24550908005762068,0.023552786013029597
4555,5.0,0.30225222876249636,0.033814579815513314
4556,5.0,0.32333249790875873,0.03555114192204475
4557,5.0,0.37116753513650713,0.03744580059675802
4558,5.0,0.30319576664375564,0.03345063287509824
4559,5.0,0.2981877968586237,0.03175322682979091
4560,5.0,0.2959668835791513,0.0314493734946835
4561,5.0,0.4616836786494198,0.04385820960195465
4562,5.0,0.46336457000482395,0.04245961748987716
4563,5.0,0.25470072569283714,0.02509437807126102
4564,5.0,0.3735399651068898,0.039201322199048844
4565,5.0,0.3579204501035032,0.03759554795352072
4566,5.0,0.28614115709478766,0.030328168926927666
4567,5.0,0.2549164272817687,0.025815988991204224
4568,5.0,0.40726533346495464,0.04290714699108946
4569,5.0,0.29394645699800637,0.031158812711149526
4570,5.0,0.452221820660305,0.03962420774007451
4571,5.0,0.3822868840997098,0.040131502033030717
4572,5.0,0.26809409277870944,0.027333018436253576
4573,5.0,0.4003826565382562,0.03685481869283094
4574,5.0,0.3913797218626508,0.036661131919566325
4575,5.0,0.5139354432012019,0.04624700811207291
4576,5.0,0.29888522408285295,0.035375361502037704
4577,5.0,0.3122505758657096,0.033805698838712685
4578,5.0,0.31576788512759507,0.031797087223680146
4579,5.0,0.31441523370437546,0.031935799681308816
4580,5.0,0.4587749723386127,0.04131460798027905
4581,5.0,0.41564273732851764,0.04037220309974316
4582,5.0,0.388311022369579,0.0366592697369326
4583,5.0,0.4400180177395035,0.04079382561883426
4584,5.0,0.3695607138227364,0.03673034417864348
4585,5.0,0.4524072949365595,0.04189436008519446
4586,5.0,0.3794060109249206,0.036832591543345373
4587,5.0,0.48289720512017875,0.04374862886051487
4588,5.0,0.36623382333967697,0.03741522793910721
4589,5.0,0.42854926564351997,0.04114151367946215
4590,5.0,0.32659319643031176,0.030366892969084402
4591,5.0,0.30160566462651733,0.03073197188300613
4592,5.0,0.3042487089881647,0.030517074767684903
4593,5.0,0.3287322612108289,0.03265749969100746
4594,5.0,0.3030066862069112,0.02550142493509371
4595,5.0,0.38569009393087145,0.03346967130766894
4596,5.0,0.3539879427354585,0.033074827577612924
4597,5.0,0.3514545843849436,0.032235194387128206
4598,5.0,0.4379298742169693,0.040684076263082784
4599,5.0,0.3463386534707437,0.03463536350932361
4600,5.0,0.26039408178808743,0.026412161918489344
4601,5.0,0.26151835163899506,0.025731468222782276
4602,5.0,0.33439060119574576,0.029329806827482284
4603,5.0,0.3956503494033881,0.03398637382077625
4604,5.0,0.2616904710667417,0.027334694808744446
4605,5.0,0.2998710044454419,0.030927047353113732
4606,5.0,0.3257062238932284,0.029679068385898025
4607,5.0,0.34375454902876834,0.03056328449579246
4608,5.0,0.3078314195985958,0.027813613287335563
4609,5.0,0.26083521873099086,0.028109932629792004
4610,5.0,0.2975404629450831,0.028855896245260446
4611,5.0,0.3093740065920669,0.030054770893308998
4612,5.0,0.28440634777953594,0.025683592580577255
4613,5.0,0.38724475021251514,0.03623032196200991
4614,5.0,0.2691624473922287,0.02358890775356746
4615,5.0,0.3027619918635661,0.02797229127381147
4616,5.0,0.3393776692667984,0.02961330992706814
4617,5.0,0.2839533028052811,0.023393933947281263
4618,5.0,0.2936706744466143,0.0243160810519729
4619,5.0,0.2954973191071782,0.02729629990974586
4620,5.0,0.40062910667171864,0.03821158694731662
4621,5.0,0.35311425737834584,0.035508491552659865
4622,5.0,0.35882401407030323,0.03222335159644586
4623,5.0,0.3597854445310025,0.03567154300497742
4624,5.0,0.4746369044900916,0.040350452188877894
4625,5.0,0.41345839466926393,0.039673134740326264
4626,5.0,0.34517663558663225,0.030061896787030293
4627,5.0,0.3424852695113521,0.033977753475987645
4628,5.0,0.2375698730378781,0.019312165011578633
4629,5.0,0.2842041456218924,0.025498815860389705
4630,5.0,0.36542255888064484,0.03812375718118459
4631,5.0,0.36456306345561484,0.03456809210885605
4632,5.0,0.3165165990592443,0.02906002580103006
4633,5.0,0.25425796770461134,0.023347609949955113
4634,5.0,0.351059642446125,0.032442668341756575
4635,5.0,0.3545997288436678,0.032261690891861275
4636,5.0,0.3305485681966621,0.03170778735906757
4637,5.0,0.3177544816316664,0.030519366438778648
4638,5.0,0.24222677601967987,0.02127274384685624
4639,5.0,0.31986964479654284,0.031684442799565775
4640,5.0,0.25696359551131515,0.02638500505379524
4641,5.0,0.2548671874831122,0.025390018286853062
4642,5.0,0.2550810834807809,0.02571539179893864
4643,5.0,0.2589632621706348,0.025017524397581405
4644,5.0,0.3701567871388992,0.03881940758420606
4645,5.0,0.2579802981415579,0.028148190893029102
4646,5.0,0.2584229379653372,0.025031899396215244
4647,5.0,0.23561684350885695,0.027340106746928966
4648,5.0,0.25799092925271333,0.02607779995818766
4649,5.0,0.25623242251037964,0.025751966220346076
4650,5.0,0.41843913310035513,0.04266320848700734
4651,5.0,0.2723069401906546,0.034136149835654536
4652,5.0,0.36380243084800395,0.0417519273629904
4653,5.0,0.4662612403610947,0.04778615996512485
4654,5.0,0.39486456426603406,0.04364242736770342
4655,5.0,0.4180702107437312,0.045103180349627715
4656,5.0,0.2222947490048828,0.026947442961150935
4657,5.0,0.34415982359237923,0.04177404496772935
4658,5.0,0.41307943508418715,0.04224561504645922
4659,5.0,0.3291786250753874,0.03560277518591874
4660,5.0,0.2547059298345894,0.025106978485857474
4661,5.0,0.31156056480517397,0.03220446933158107
4662,5.0,0.27109373539794573,0.027662801817498354
4663,5.0,0.30891927021181453,0.03320148160157766
4664,5.0,0.2725986151181304,0.024084174431680462
4665,5.0,0.29655415827476767,0.034776031338324145
4666,5.0,0.2543171494644279,0.027089136570298187
4667,5.0,0.30275259990279385,0.029617367840350912
4668,5.0,0.3082962113227687,0.030037164143628295
4669,5.0,0.33999925174160295,0.03108166410306982
4670,5.0,0.28277869110403175,0.033503492341492816
4671,5.0,0.33780233217079786,0.03881529383447254
4672,5.0,0.42468677372597646,0.0441563010140474
4673,5.0,0.4082394528069768,0.0421330431935322
4674,5.0,0.43031467532250467,0.04595240308384422
4675,5.0,0.28037397624562793,0.028969867572353352
4676,5.0,0.4136293489032139,0.0448079873592818
4677,5.0,0.46600285910530903,0.0420284614898096
4678,5.0,0.34119368201014855,0.03880869002122182
4679,5.0,0.4254164386603998,0.04545149299338705
4680,5.0,0.20548202477833044,0.017334145404645007
4681,5.0,0.20584130639670742,0.016902386453832997
4682,5.0,0.20564167710294812,0.018941308184529916
4683,5.0,0.17326128008260763,0.020072829284752965
4684,5.0,0.20558496729950632,0.019185943803620722
4685,5.0,0.20600626152461324,0.019679811397074306
4686,5.0,0.2254193796637868,0.018049224184461116
4687,5.0,0.20579949192613026,0.01785626832097778
4688,5.0,0.2057350668203415,0.01833887496347103
4689,5.0,0.20560730340793007,0.018080879212702097
4690,5.0,0.3446838140572168,0.041520398401852815
4691,5.0,0.13092976426016267,0.018251682869630765
4692,5.0,0.4178965465604237,0.0416378609409713
4693,5.0,0.1697547833559338,0.02319986981008321
4694,5.0,0.3961903148158657,0.04379226507659959
4695,5.0,0.22023955736063727,0.03228202191413145
4696,5.0,0.1701937706698577,0.02414912082743415
4697,5.0,0.17074718521872476,0.023755231068487304
4698,5.0,0.17000980009222172,0.021472287203438363
4699,5.0,0.2825371404142328,0.0350528469071559
4700,5.0,0.0975745979676273,0.01672861011337303
4701,5.0,0.09314534303722463,0.01523471331200815
4702,5.0,0.09872743628558855,0.01575719576384291
4703,5.0,0.09810155492440711,0.017409014235215795
4704,5.0,0.09785002552845751,0.017300805727053798
4705,5.0,0.09801194034818678,0.01772286358396874
4706,5.0,0.09814969557676394,0.016886593862483954
4707,5.0,0.09809529183864438,0.016929796826267194
4708,5.0,0.09815244883704623,0.012905557809300541
4709,5.0,0.09837416390214754,0.01914977327724539
4710,5.0,0.2967272892852094,0.038610592521189716
4711,5.0,0.12557257254747453,0.02024368752864229
4712,5.0,0.12300646256326302,0.02124343843981196
4713,5.0,0.11966524176703887,0.018297004516932124
4714,5.0,0.3348861008401302,0.0410607267661812
4715,5.0,0.12251466839566896,0.01778069094386346
4716,5.0,0.21758979506170711,0.03182541567860451
4717,5.0,0.12259255991151655,0.019709919315022195
4718,5.0,0.11968572609478922,0.019759185264331146
4719,5.0,0.12482802237793235,0.020927609736023152
4720,5.0,0.28830054373948666,0.03151580807500689
4721,5.0,0.3071809600776808,0.03448683978142052
4722,5.0,0.21138173915799383,0.022842960267772133
4723,5.0,0.4582228472838146,0.04583123084788588
4724,5.0,0.3858793340615355,0.03891292680624491
4725,5.0,0.24368049321069224,0.0321480086714014
4726,5.0,0.23657370607001244,0.03175592474283521
4727,5.0,0.2370287770633874,0.024852078055643666
4728,5.0,0.28531590999172585,0.03199041230366607
4729,5.0,0.4080646377925658,0.043075234501676635
4730,5.0,0.3930148391089241,0.039876057308328175
4731,5.0,0.3081657012483351,0.034647474876211094
4732,5.0,0.3754269910819337,0.04066685484470267
4733,5.0,0.39316802089279423,0.04284683830759487
4734,5.0,0.37718304069475944,0.04054352716608135
4735,5.0,0.41974508852368403,0.04069602816590972
4736,5.0,0.32663412522012597,0.03724708242213923
4737,5.0,0.33910770106676746,0.038825926659566835
4738,5.0,0.32015861416391084,0.034840350433476434
4739,5.0,0.3688443485792637,0.04183146964330758
4740,5.0,0.21206191658611775,0.02538518388815121
4741,5.0,0.23119920870988842,0.02869928287282751
4742,5.0,0.2726066460735814,0.027185686764226225
4743,5.0,0.27602338531784604,0.02788384527663955
4744,5.0,0.39086619902494996,0.04372003803867581
4745,5.0,0.21404802717224766,0.023632312710657945
4746,5.0,0.2107434921427621,0.02541547265890695
4747,5.0,0.2116355759092867,0.022610018239305953
4748,5.0,0.21145770428146984,0.024581879273496487
4749,5.0,0.21132028844968095,0.022775236108588722
4750,5.0,0.4060264345728202,0.03974825887361541
4751,5.0,0.40303504826317355,0.038152694788719486
4752,5.0,0.4029893695611993,0.04083141100614617
4753,5.0,0.34437306448747285,0.036488007019942766
4754,5.0,0.4171266775319845,0.04248462269997311
4755,5.0,0.4127629617897223,0.0390345254930221
4756,5.0,0.42133247306105565,0.04338843188615154
4757,5.0,0.40368887077016435,0.03996358772221184
4758,5.0,0.4031833955101272,0.03813642284299644
4759,5.0,0.4156213436820567,0.04213137692860063
4760,5.0,0.2907059832841941,0.031131113561033125
4761,5.0,0.38011609521642276,0.04078920042772294
4762,5.0,0.24802545744727292,0.02338743690094342
4763,5.0,0.2877027623652342,0.024858209027774393
4764,5.0,0.2538053820794558,0.02124473058361651
4765,5.0,0.2538107947993224,0.018588057313981946
4766,5.0,0.2543281291456567,0.019959254037404384
4767,5.0,0.24002972131822817,0.023072535929845615
4768,5.0,0.25334740355190555,0.01810688805856893
4769,5.0,0.24038351619702458,0.018732495223822355
4770,5.0,0.2559687690119592,0.02101499272432916
4771,5.0,0.43205606627730714,0.03959026921444547
4772,5.0,0.3016602206914322,0.02802756347647729
4773,5.0,0.2564615717955223,0.022228159037470333
4774,5.0,0.45094281852419177,0.042427201753367214
4775,5.0,0.31160330303933986,0.03663718536286066
4776,5.0,0.3050302751657803,0.03435166174610952
4777,5.0,0.28053702426043764,0.025546708732655375
4778,5.0,0.39043383835754625,0.03661809287427056
4779,5.0,0.27990118555046706,0.02056398520428652
4780,5.0,0.3318881170281094,0.0379971879268782
4781,5.0,0.18663813517702382,0.02331236240239608
4782,5.0,0.44146154433050394,0.04674266628792681
4783,5.0,0.3294483426755082,0.035178226564764006
4784,5.0,0.4300726768869212,0.04384151306500929
4785,5.0,0.29215074236947797,0.029181229641716575
4786,5.0,0.46841240325334826,0.044490462795746
4787,5.0,0.2131317361490333,0.02831669048284921
4788,5.0,0.18664931025759726,0.02508429581846051
4789,5.0,0.31279747069932456,0.03618895456170238
4790,5.0,0.4540139412967232,0.04307272076269611
4791,5.0,0.4192358531385216,0.03821857622780119
4792,5.0,0.3058796878918559,0.02936603131455471
4793,5.0,0.4078394045295915,0.040806609154907046
4794,5.0,0.3418842101788287,0.036598327968901403
4795,5.0,0.28148163242933094,0.03159691639540843
4796,5.0,0.4926154374754316,0.04998184579388371
4797,5.0,0.3633305718666778,0.04171869389100146
4798,5.0,0.48585139047450626,0.043968915725560616
4799,5.0,0.4931026155931271,0.04647724099040404
4800,5.0,0.2793691251874265,0.03252986389738631
4801,5.0,0.357409873327883,0.043398631950895154
4802,5.0,0.3608842088876592,0.04531134677045413
4803,5.0,0.4357969641662775,0.046560260091092216
4804,5.0,0.4368305034380405,0.04897066051623248
4805,5.0,0.2706496716244052,0.03828386509825998
4806,5.0,0.4143450205925353,0.04956905715588377
4807,5.0,0.23821783808166697,0.03454225971947069
4808,5.0,0.42286908656889144,0.04274657984252305
4809,5.0,0.3779716127917652,0.047432109983152115
4810,5.0,0.19287584344542139,0.026025845712160864
4811,5.0,0.4681228464818236,0.04906763989440491
4812,5.0,0.4971775329817684,0.05608772039603696
4813,5.0,0.5154161231547306,0.052676666437403416
4814,5.0,0.4944301637909823,0.053963124627953454
4815,5.0,0.22065933296340384,0.026403525193533874
4816,5.0,0.19338140214042154,0.022715235816677875
4817,5.0,0.4031590037762926,0.04549698454435081
4818,5.0,0.15198773755128203,0.02216602126716067
4819,5.0,0.49118106443805204,0.052656306590556
4820,5.0,0.438875129780533,0.05077281253844913
4821,5.0,0.3762527495879956,0.04740772527416957
4822,5.0,0.3260605841197863,0.03579830724811581
4823,5.0,0.4344400165740668,0.048595852909439
4824,5.0,0.3780509194606593,0.04602916718112837
4825,5.0,0.45797188549578516,0.05136242479134829
4826,5.0,0.2275258336253408,0.03460091386487865
4827,5.0,0.32384941321728034,0.037289863831228495
4828,5.0,0.3121095139840416,0.042581980477331825
4829,5.0,0.17207000938791925,0.029983943449274107
4830,5.0,0.30020355562431156,0.03638488159759798
4831,5.0,0.20465376206817149,0.02505900527647558
4832,5.0,0.25025019797653386,0.030040176323459483
4833,5.0,0.25372049627798215,0.023751898129067833
4834,5.0,0.25451872553227617,0.029953705595545096
4835,5.0,0.3690663274978133,0.0382415060990363
4836,5.0,0.24414307677514432,0.025673478102964317
4837,5.0,0.25402220598271685,0.02563388489251576
4838,5.0,0.3483690627048154,0.0393545831684136
4839,5.0,0.2833192781501477,0.03722328277414082
4840,5.0,0.22515072448386808,0.03044015741204763
4841,5.0,0.2798162291580045,0.0384201223340957
4842,5.0,0.2921174677608235,0.03925512134499594
4843,5.0,0.36768362472944915,0.0433277467518086
4844,5.0,0.22157382087259606,0.03073976779715597
4845,5.0,0.2570054339685158,0.03926517752209175
4846,5.0,0.4468539151755832,0.04949257607313487
4847,5.0,0.3672082604374287,0.0398593546730511
4848,5.0,0.225319599682683,0.029192555799874412
4849,5.0,0.25725089720996913,0.03607842368235973
4850,5.0,0.284743068970962,0.02331214171992138
4851,5.0,0.2649490607016452,0.021862798714151522
4852,5.0,0.24762864623183345,0.022899387078121874
4853,5.0,0.28786581021099955,0.026063471788703822
4854,5.0,0.27525858535219777,0.02834207302911661
4855,5.0,0.2822524869391629,0.023830206917647003
4856,5.0,0.28395187401476346,0.02521530512139058
4857,5.0,0.28536980601355355,0.02567447388679346
4858,5.0,0.27953759312288745,0.025717818301886082
4859,5.0,0.3234539054767157,0.0322821112767977
4860,5.0,0.3264355767883802,0.026489185176560112
4861,5.0,0.30370065834746973,0.028724921816253957
4862,5.0,0.3096037037399789,0.026806304946403917
4863,5.0,0.3063608220326858,0.027367818418274334
4864,5.0,0.30917221423013047,0.02304723701141957
4865,5.0,0.1875793387015124,0.017312803964765484
4866,5.0,0.3005906210468178,0.026169621119537616
4867,5.0,0.340472627086895,0.028226835738338302
4868,5.0,0.18707936100374012,0.01682129651379249
4869,5.0,0.3039641914155185,0.02699398453196364
4870,5.0,0.30232845992627994,0.02950365254097949
4871,5.0,0.3475987896523869,0.02782432091299638
4872,5.0,0.2840527005358273,0.029048321406137268
4873,5.0,0.3540324875045495,0.030675781776684955
4874,5.0,0.2759141614656734,0.026464152593145593
4875,5.0,0.3586669594947951,0.03283617843831837
4876,5.0,0.3913198405610535,0.03162023792966127
4877,5.0,0.25342991298149425,0.02889157583612109
4878,5.0,0.33653645792040365,0.030303314962744403
4879,5.0,0.3061397034803434,0.02349885846099721
4880,5.0,0.2917028549978098,0.024883664714246894
4881,5.0,0.32536305548705546,0.027058651263370898
4882,5.0,0.33456393949681507,0.023945336449764754
4883,5.0,0.2918762400033501,0.02569422125281642
4884,5.0,0.3041486361984288,0.03169075352439843
4885,5.0,0.2966621098195731,0.025687349843139484
4886,5.0,0.41410807503188185,0.03245431009192362
4887,5.0,0.253234743008112,0.025212240253907253
4888,5.0,0.26699643882252005,0.024270290739099806
4889,5.0,0.2704027453199117,0.021677250360190553
4890,5.0,0.24556317476856634,0.020940643972874127
4891,5.0,0.24666895916273252,0.021220287096753488
4892,5.0,0.24637874765615,0.022599084733404204
4893,5.0,0.24510060911984963,0.02234955957322431
4894,5.0,0.12848716311783645,0.016708775858588595
4895,5.0,0.24742498398691457,0.02063770637421975
4896,5.0,0.22720606613743896,0.024129386829150733
4897,5.0,0.12792175275388024,0.01677795655734247
4898,5.0,0.1284137446929892,0.016267438486024594
4899,5.0,0.1284145107081846,0.015061841405026314
4900,5.0,0.3621060515264038,0.03461626650073848
4901,5.0,0.4105916531452046,0.041332608394663864
4902,5.0,0.48772078054075146,0.039976550668932104
4903,5.0,0.4473979825409893,0.03960173019636351
4904,5.0,0.38959365158615744,0.03762653063435379
4905,5.0,0.5106452084110866,0.041787466891974094
4906,5.0,0.43908588044918195,0.035681845853389405
4907,5.0,0.4399225956647395,0.040538063484345827
4908,5.0,0.4778112391818768,0.038628874016009805
4909,5.0,0.4623011145942783,0.03938665289730658
4910,5.0,0.09973448703619632,0.018846385527674803
4911,5.0,0.14981623774574834,0.024927673033637344
4912,5.0,0.14955128922602362,0.0229944196137688
4913,5.0,0.40059248502872363,0.03240024176767199
4914,5.0,0.4342063678361366,0.040955413502320355
4915,5.0,0.0988935823922834,0.018633788629504097
4916,5.0,0.09941421928553554,0.017576723887244985
4917,5.0,0.40943544577278534,0.03861211802238197
4918,5.0,0.3630408906005356,0.03770062400450746
4919,5.0,0.4034362633883188,0.03531603298107192
4920,5.0,0.2810736238835912,0.03273506088992107
4921,5.0,0.18027188602728994,0.020602338748491135
4922,5.0,0.13150212924405025,0.01531116164571714
4923,5.0,0.2962356982297888,0.0347452422186207
4924,5.0,0.1828502477584377,0.022914725909294952
4925,5.0,0.1722561647457652,0.019960616105746433
4926,5.0,0.18194606476015515,0.02137648211460134
4927,5.0,0.18318164209708943,0.01783395057524509
4928,5.0,0.13213666901773113,0.018089069282852532
4929,5.0,0.19702440095623266,0.022886453691922097
4930,5.0,0.2846999131430417,0.029314616390533316
4931,5.0,0.2736969339523838,0.025054344864980125
4932,5.0,0.28489964050201527,0.030800323952293675
4933,5.0,0.24077938483795774,0.025747605552389103
4934,5.0,0.38831800344101314,0.03612171814310105
4935,5.0,0.15182401742900817,0.021343632443681315
4936,5.0,0.24316791724578402,0.020962354905418416
4937,5.0,0.4237715752982287,0.038254206917518054
4938,5.0,0.2845904597621664,0.03360844430342934
4939,5.0,0.2440439037617633,0.027625995929699314
4940,5.0,0.24666255199074527,0.027374117035901955
4941,5.0,0.24210130966037344,0.0252883066992505
4942,5.0,0.33824153718070704,0.032181775069386555
4943,5.0,0.24302388658826357,0.030078243363764877
4944,5.0,0.34931555341131537,0.030326593358257194
4945,5.0,0.3768651812718124,0.03552608662401622
4946,5.0,0.2755249695391877,0.02834512058043287
4947,5.0,0.3729209128553232,0.035666092151755535
4948,5.0,0.3774392477920825,0.03395118502337132
4949,5.0,0.32323018695643324,0.035816395074168395
4950,5.0,0.3408088841973203,0.031765880300935675
4951,5.0,0.1738559673198701,0.016812223528123223
4952,5.0,0.17395509287333188,0.016770342509318744
4953,5.0,0.1730271653749211,0.014814862558393873
4954,5.0,0.17383446512072184,0.014313409546406145
4955,5.0,0.1730013408583156,0.015717220278682473
4956,5.0,0.1729929666428712,0.015525546160533586
4957,5.0,0.17385983601292482,0.01580467646746826
4958,5.0,0.17301506623274363,0.015267760722944359
4959,5.0,0.17329426217169552,0.016657429507834665
4960,5.0,0.1853680852299864,0.018837152256725602
4961,5.0,0.3323838011669863,0.03251118497577039
4962,5.0,0.2652867117602737,0.029214026588127374
4963,5.0,0.2393809666089985,0.027515085888030828
4964,5.0,0.3039074878312993,0.03132446332091718
4965,5.0,0.3288588933687593,0.03092160633714807
4966,5.0,0.2698963562857265,0.028724631658888073
4967,5.0,0.2627178936654915,0.029290484606663114
4968,5.0,0.30516663508701647,0.028960241163001367
4969,5.0,0.4059568811268153,0.03535445669897947
4970,5.0,0.2307414262141092,0.024916527365924406
4971,5.0,0.35995773630042094,0.033168521648288395
4972,5.0,0.3052891825227148,0.032289385146766776
4973,5.0,0.17724328387977145,0.022789833917080705
4974,5.0,0.17708401575762,0.021603197113003833
4975,5.0,0.33112863563119527,0.030519350871058542
4976,5.0,0.3711136358523256,0.0359009021127319
4977,5.0,0.28191385760543214,0.026611330156172324
4978,5.0,0.17724634078692703,0.022575501644860194
4979,5.0,0.30777266253349655,0.028743192155091378
4980,5.0,0.26237548041793235,0.026986411634851853
4981,5.0,0.17212173402595107,0.015687341756716103
4982,5.0,0.28533713933779287,0.031230787647001906
4983,5.0,0.17047942225014132,0.016823711969754136
4984,5.0,0.2810006398307059,0.027760890803012486
4985,5.0,0.28471601465028307,0.02587904511946199
4986,5.0,0.2201580297279849,0.02538165482204189
4987,5.0,0.23348815824850333,0.02302751692255792
4988,5.0,0.3184434865375555,0.02996910356417579
4989,5.0,0.18233065795956702,0.02006409675317319
4990,5.0,0.3075645338646092,0.03210268869442762
4991,5.0,0.4106886971695276,0.038680286095397545
4992,5.0,0.30960289645180733,0.0289480624594516
4993,5.0,0.3082135313021399,0.027635541820191116
4994,5.0,0.35083673563399204,0.034592236052905616
4995,5.0,0.36084305283242507,0.03394228188983634
4996,5.0,0.2773600441973041,0.026859861405469337
4997,5.0,0.30692342208751794,0.02920555593522372
4998,5.0,0.3083828279023281,0.029435616119764703
4999,5.0,0.3009721385873175,0.027775572044317114
5000,5.5,0.4212851682872354,0.049139978660722394
5001,5.5,0.16493592372956492,0.02212530975456923
5002,5.5,0.42102883992208906,0.0489947383006692
5003,5.5,0.4511030323707142,0.05460110824121559
5004,5.5,0.2721474666570096,0.029517440089177047
5005,5.5,0.4730334896846755,0.05289093890486147
5006,5.5,0.16486357756215936,0.02148550775354206
5007,5.5,0.42724041198991924,0.05201191444527498
5008,5.5,0.41356390866901593,0.05519321439221719
5009,5.5,0.3854208425782879,0.047058442667687064
5010,5.5,0.5049414690957,0.055298193426055846
5011,5.5,0.5054005885660531,0.05340335694011678
5012,5.5,0.3897514744678991,0.04589844682869113
5013,5.5,0.38035668623332225,0.04666172264607046
5014,5.5,0.41047345418628944,0.050843400889563684
5015,5.5,0.4573696571250271,0.05324333340255106
5016,5.5,0.4480923204154678,0.0503220699545256
5017,5.5,0.4978093636852576,0.05579817483532913
5018,5.5,0.3204603558573751,0.042498114220397405
5019,5.5,0.4874017318377361,0.05635217070495669
5020,5.5,0.4074406595074694,0.05431730868312329
5021,5.5,0.4052741329714171,0.049311573241188615
5022,5.5,0.46491368809407985,0.0556455678265239
5023,5.5,0.48320711343246553,0.05385569764044156
5024,5.5,0.4684063760171439,0.055340545350308724
5025,5.5,0.46311082940909976,0.05192027465076451
5026,5.5,0.5078019577532814,0.055815175616483186
5027,5.5,0.4991568054680555,0.05743997049183665
5028,5.5,0.5037891403476934,0.055381867708442965
5029,5.5,0.5408522387267299,0.05824878100426695
5030,5.5,0.28698497111641996,0.040051537686945776
5031,5.5,0.2829656657282229,0.04026536235045885
5032,5.5,0.1302267746683906,0.020851540813152304
5033,5.5,0.29593202228875015,0.03954300090001758
5034,5.5,0.13011207115960413,0.018209744001886165
5035,5.5,0.3199833183579863,0.039333055132559594
5036,5.5,0.13082369708411107,0.01896907828509174
5037,5.5,0.1302531379364128,0.01964179997141637
5038,5.5,0.18410511731254664,0.0222700907494976
5039,5.5,0.2013524113934353,0.027016508022807792
5040,5.5,0.3978865227255739,0.04942407455959957
5041,5.5,0.4786547649880393,0.05654633034915518
5042,5.5,0.3069000461637988,0.040907337875373304
5043,5.5,0.47607712731611634,0.058591677269616144
5044,5.5,0.4971820072992156,0.0562416113280394
5045,5.5,0.48527083602059823,0.05621926162227883
5046,5.5,0.45553510548860704,0.05725776951853701
5047,5.5,0.46933929816161396,0.05869752662717214
5048,5.5,0.4116300479850587,0.052172277778167596
5049,5.5,0.48392732990768533,0.059154039586480675
5050,5.5,0.2745647047118647,0.02743723241184556
5051,5.5,0.3082252588869927,0.037049919217501295
5052,5.5,0.3035467876859062,0.031822468036409486
5053,5.5,0.30753213615927427,0.0307524868999612
5054,5.5,0.24633543020488677,0.02324958927342533
5055,5.5,0.3027043759355484,0.027719814283644263
5056,5.5,0.31997449474513473,0.03552358817675708
5057,5.5,0.3691249714752649,0.0350728748283631
5058,5.5,0.3023160966674085,0.032650718090785534
5059,5.5,0.3024142084446213,0.030379203627019725
5060,5.5,0.29331709501867964,0.03210029145064584
5061,5.5,0.4606402855876273,0.042201316103883356
5062,5.5,0.4532432528699164,0.044229613511114464
5063,5.5,0.2527121765304341,0.02624530379802507
5064,5.5,0.3697142676486873,0.037632008382739855
5065,5.5,0.35307499652097246,0.03899291407253495
5066,5.5,0.2831002260944232,0.029502881523188727
5067,5.5,0.25289958214927794,0.027747943490762934
5068,5.5,0.42604417582697135,0.041813761436053636
5069,5.5,0.2911057230779731,0.02854539471022563
5070,5.5,0.44595830164806255,0.040164248813086716
5071,5.5,0.39366789916882633,0.03812266516131425
5072,5.5,0.266861362305928,0.028855963126961603
5073,5.5,0.3960916847802367,0.038142961623714354
5074,5.5,0.3879403718178221,0.039845450587252404
5075,5.5,0.5179753954967846,0.04385994350431325
5076,5.5,0.29703316485220366,0.03542635190013394
5077,5.5,0.31020304125482745,0.035959155532909785
5078,5.5,0.3137103598876528,0.034827593443345184
5079,5.5,0.31245680653295116,0.03269202410905739
5080,5.5,0.4622649952478755,0.04142658468080724
5081,5.5,0.413557012773041,0.04012422130663569
5082,5.5,0.385477771149399,0.0386326475660986
5083,5.5,0.4474896113115276,0.04101156327827737
5084,5.5,0.39505917034676175,0.03906809980762543
5085,5.5,0.4525705632552192,0.044146521308781696
5086,5.5,0.38793051958986974,0.040984391128638935
5087,5.5,0.4845069848246732,0.04508803909670104
5088,5.5,0.3639014467730229,0.040701277063323646
5089,5.5,0.42383536856496046,0.040344772452995344
5090,5.5,0.325819906251701,0.02873359819447812
5091,5.5,0.3001637045744097,0.03153266138770469
5092,5.5,0.30250616269782177,0.02962813807489384
5093,5.5,0.3306661556247994,0.034645652658430344
5094,5.5,0.3016276549632796,0.029268556228201896
5095,5.5,0.38167495622021763,0.03351513009362128
5096,5.5,0.3521474618554046,0.03515232904312864
5097,5.5,0.35059084350856956,0.03460273627846652
5098,5.5,0.44864878353841336,0.04063974302658358
5099,5.5,0.34802361350123795,0.03568137263868109
5100,5.5,0.2581559945345471,0.028479906835198087
5101,5.5,0.2591155169460339,0.02722213750714359
5102,5.5,0.3325213559745776,0.028644477903554268
5103,5.5,0.3909169424209008,0.031922638858229595
5104,5.5,0.259435343560274,0.028570486627263865
5105,5.5,0.29859742978813986,0.0307596636901038
5106,5.5,0.32383196134455217,0.03335661852124782
5107,5.5,0.3411321303482423,0.03261178051475314
5108,5.5,0.30658482625732514,0.028827295574846753
5109,5.5,0.2585065177223082,0.029271799242415058
5110,5.5,0.295450538173437,0.027766905758361916
5111,5.5,0.3066678896753475,0.02902237417382496
5112,5.5,0.28550313093440677,0.02031033263496778
5113,5.5,0.3842005801685392,0.03336675143195644
5114,5.5,0.26752746371178476,0.0244183388836535
5115,5.5,0.3006497025175804,0.030826186017252805
5116,5.5,0.3366196450883345,0.02924486760174942
5117,5.5,0.2826218745577993,0.023648246944325903
5118,5.5,0.2921610377858396,0.020658872250004796
5119,5.5,0.29344867137428293,0.029031976094595555
5120,5.5,0.39533529222553526,0.038095930787936286
5121,5.5,0.3473424872872861,0.033781351558913444
5122,5.5,0.35452633322353616,0.0340178973269685
5123,5.5,0.3558461228376235,0.03613536790741692
5124,5.5,0.4719324095257492,0.04131538506462454
5125,5.5,0.40987935544676674,0.03583169722318267
5126,5.5,0.3409210082983723,0.03347054006875245
5127,5.5,0.33946016071868856,0.03466070105645477
5128,5.5,0.2360761106606841,0.021732248178256038
5129,5.5,0.28151910612175945,0.0294783547417352
5130,5.5,0.36299023594189594,0.03712537471309018
5131,5.5,0.36030865832840514,0.03480789076755139
5132,5.5,0.3145405067282419,0.03078309391335289
5133,5.5,0.2552896281912657,0.025113374857122835
5134,5.5,0.34688068841100245,0.03353477498079786
5135,5.5,0.35149528191337076,0.03309212545394296
5136,5.5,0.32860541152060424,0.03475643412798466
5137,5.5,0.31578463073845914,0.03137025229101989
5138,5.5,0.24045206852558304,0.022601326742542848
5139,5.5,0.3177576886108289,0.030829817720812842
5140,5.5,0.2554280507748718,0.02684906382347114
5141,5.5,0.2534368225474633,0.02532663177354196
5142,5.5,0.2534299762176214,0.025929771754894075
5143,5.5,0.2571139146205446,0.02537648215045715
5144,5.5,0.37321190221498285,0.03909107560794034
5145,5.5,0.25632812474476707,0.02750982125707323
5146,5.5,0.2567353038262756,0.027836600422828105
5147,5.5,0.2327741955081023,0.028565834030801276
5148,5.5,0.25645483218467924,0.025135998236235232
5149,5.5,0.25457163372402547,0.024737540579860075
5150,5.5,0.4196035672834617,0.04492189857848032
5151,5.5,0.2694705056539612,0.030227277440122335
5152,5.5,0.3995080923884191,0.04320760421044059
5153,5.5,0.48835355325934604,0.047298003750849194
5154,5.5,0.3999123585519681,0.044738891466541725
5155,5.5,0.4390691493146127,0.04682233658031369
5156,5.5,0.2202570535968788,0.02624745397909269
5157,5.5,0.3412949335299852,0.037713101190891635
5158,5.5,0.4111619336827135,0.044013649458527995
5159,5.5,0.3261190146967602,0.03875529676850118
5160,5.5,0.25322822746350776,0.026156225199435824
5161,5.5,0.3084000547364715,0.033869060719181436
5162,5.5,0.26927756517590934,0.02803677857176337
5163,5.5,0.3059147569514393,0.03379596744902237
5164,5.5,0.27073241867177306,0.028698051417221978
5165,5.5,0.29376932046934817,0.03517765968351583
5166,5.5,0.25270644304236284,0.025901353105886586
5167,5.5,0.2999162811403488,0.03138059273420401
5168,5.5,0.30543929150049987,0.033728894425806774
5169,5.5,0.3373565037599635,0.029307043337540514
5170,5.5,0.2798444964030023,0.032593164253723356
5171,5.5,0.34143061904127553,0.04124426132306264
5172,5.5,0.4216612989859761,0.046958433710329615
5173,5.5,0.40271101300540285,0.04170180971695495
5174,5.5,0.44370865499613743,0.04510342287267599
5175,5.5,0.2780735220984638,0.02987023424921232
5176,5.5,0.41696876033917657,0.0438274896903335
5177,5.5,0.47910710475583984,0.04493088550085841
5178,5.5,0.3406238900101812,0.03720551196438024
5179,5.5,0.42261514592222177,0.045246666240657735
5180,5.5,0.20486403252848084,0.016681394494219376
5181,5.5,0.20536552551627957,0.01662689373432203
5182,5.5,0.2050307960157659,0.018845121651525326
5183,5.5,0.17232552173266974,0.017308115537870223
5184,5.5,0.2049395739309693,0.018649612661817166
5185,5.5,0.20562606591969596,0.018901640417084538
5186,5.5,0.22474635181372768,0.01630674591070425
5187,5.5,0.2052056287794725,0.018463006015658166
5188,5.5,0.20531793236158835,0.020223731228529055
5189,5.5,0.20508269632590917,0.01695823211681504
5190,5.5,0.337512059597124,0.0400309505258808
5191,5.5,0.13011368963889075,0.0174853950360353
5192,5.5,0.4386888160826715,0.04559052073382311
5193,5.5,0.1683119561319781,0.023272480634168535
5194,5.5,0.38846618864137505,0.044230624238684076
5195,5.5,0.21796279270570915,0.03527349222001466
5196,5.5,0.16880792917335108,0.02610245719251593
5197,5.5,0.1694514443930821,0.022986338715257702
5198,5.5,0.16860715192842426,0.02268019826483027
5199,5.5,0.2785435139505473,0.03784793879817396
5200,5.5,0.09730435409973845,0.018262102230030542
5201,5.5,0.0934556038340506,0.019948420459659295
5202,5.5,0.09813026455258103,0.017612634725382856
5203,5.5,0.09776341354784163,0.017066374182112824
5204,5.5,0.09736583315280255,0.014629026545676112
5205,5.5,0.09754716126435,0.01458133114923674
5206,5.5,0.09754246081287818,0.016036854326441922
5207,5.5,0.09735601803523913,0.017398583330278064
5208,5.5,0.09731098017075929,0.015151455868736981
5209,5.5,0.09782158450112347,0.016262106124938325
5210,5.5,0.2949354038414995,0.040301411518400304
5211,5.5,0.12475899132457205,0.02313758621110533
5212,5.5,0.12207089716287642,0.01843818869414627
5213,5.5,0.11905499724769651,0.018301949597937964
5214,5.5,0.3718276527228333,0.042739580533257965
5215,5.5,0.12137090423431321,0.01862209521237315
5216,5.5,0.23910253805769185,0.03464044173342461
5217,5.5,0.1219371017245249,0.01921145133936433
5218,5.5,0.11952207384714521,0.015661705184457503
5219,5.5,0.12398839275989514,0.02111244623962098
5220,5.5,0.28597550913571657,0.034170875274906774
5221,5.5,0.31115150599351915,0.03496506118288559
5222,5.5,0.20965032657095037,0.023358297752838163
5223,5.5,0.4587137775912442,0.04513406232614668
5224,5.5,0.38160015430804084,0.03768178948460938
5225,5.5,0.2410540272223252,0.03220832710203798
5226,5.5,0.25201331546670297,0.030931668753997457
5227,5.5,0.2351767272819796,0.028956950805178884
5228,5.5,0.2936654994702012,0.03389629602701393
5229,5.5,0.4046215908396612,0.04470427893772912
5230,5.5,0.39109809949275687,0.041255074886914225
5231,5.5,0.30588819346999707,0.033652577249295705
5232,5.5,0.37361852604825724,0.041631217950587655
5233,5.5,0.3858718848720403,0.03802211926558651
5234,5.5,0.3759348936405572,0.03835659319033496
5235,5.5,0.4550265791659623,0.04309557371380765
5236,5.5,0.32318019519997965,0.03733810079814312
5237,5.5,0.33669322117502665,0.03512470884553464
5238,5.5,0.31709379323083,0.035820101007117175
5239,5.5,0.3744000452176412,0.04253233025462319
5240,5.5,0.2106750787674451,0.024827255502104236
5241,5.5,0.22990928284259607,0.03022435635012446
5242,5.5,0.27179323246495607,0.027885431997130013
5243,5.5,0.27424559137155163,0.027094255281708286
5244,5.5,0.43371370757097655,0.044223321909311324
5245,5.5,0.3012132730116712,0.03497731459681552
5246,5.5,0.20948683120821268,0.024056104572609583
5247,5.5,0.21021732530573062,0.024413883150492643
5248,5.5,0.20992235410882193,0.02547996175802473
5249,5.5,0.2108323988815229,0.02457107608426554
5250,5.5,0.40397095510056674,0.03955636161967534
5251,5.5,0.40075581110106107,0.03920078933688789
5252,5.5,0.40121824752137203,0.0379176211980819
5253,5.5,0.3404743264198846,0.03762940611809954
5254,5.5,0.4165112725992837,0.03953966449488811
5255,5.5,0.41043150395217964,0.04215824895822267
5256,5.5,0.4204706094046199,0.040872689958506646
5257,5.5,0.4014226932735721,0.03894076561110208
5258,5.5,0.4013442923052472,0.038301430157800825
5259,5.5,0.4145578661006364,0.041558553975113606
5260,5.5,0.28820445413850976,0.029249345397964657
5261,5.5,0.3748742325676873,0.03955533108714127
5262,5.5,0.24708773492545938,0.02173549900911503
5263,5.5,0.2867372010950027,0.026398680572272647
5264,5.5,0.25287903915241017,0.02286382099311873
5265,5.5,0.25285875611564185,0.02411620563981726
5266,5.5,0.25333751327239007,0.020801394484799576
5267,5.5,0.23803514161096226,0.02433018073724454
5268,5.5,0.26677560895556574,0.02531677214656625
5269,5.5,0.28690574381416234,0.030050279561540612
5270,5.5,0.275244079084166,0.025952961244313115
5271,5.5,0.4474202379071538,0.03989226507459697
5272,5.5,0.3002027321771821,0.02866621022509226
5273,5.5,0.25572980139648627,0.023116378176708353
5274,5.5,0.457106658173449,0.043957325684190314
5275,5.5,0.3078601470777093,0.03413903700046974
5276,5.5,0.36195158771759856,0.03844308177026787
5277,5.5,0.27898897178042953,0.025831203187745302
5278,5.5,0.4103448012848127,0.042062281333011216
5279,5.5,0.2810040910304076,0.023392797677614145
5280,5.5,0.3372117008959616,0.039443999778154694
5281,5.5,0.18483980808252148,0.025190116446054147
5282,5.5,0.43419958012096915,0.047126234642772845
5283,5.5,0.3256670501449995,0.03463628650778438
5284,5.5,0.4313346342793032,0.04388108132340365
5285,5.5,0.2884512242964266,0.030278366617359564
5286,5.5,0.47664116809213947,0.048416920573704135
5287,5.5,0.21115449330322097,0.03180704732617009
5288,5.5,0.18494488296938752,0.02649986645511604
5289,5.5,0.30913472002180875,0.03279784679106753
5290,5.5,0.45041400622843547,0.04328987250073136
5291,5.5,0.4176422891452199,0.03870205923584344
5292,5.5,0.3042793346323411,0.028986170449995782
5293,5.5,0.40198662722528616,0.03788739190589527
5294,5.5,0.33947340088482536,0.035360656308938795
5295,5.5,0.279100638804285,0.031628549801890116
5296,5.5,0.48942055338772406,0.04939331833915553
5297,5.5,0.35878127699220635,0.039267302364897325
5298,5.5,0.48230794601834776,0.043747632806428446
5299,5.5,0.5183943085581072,0.04841815555310185
5300,5.5,0.2774761255572132,0.032925139878951654
5301,5.5,0.3717849369940604,0.046615472175250076
5302,5.5,0.36661354295952486,0.04659622135352391
5303,5.5,0.436853017218764,0.04589380467866383
5304,5.5,0.4299465654300959,0.04837310156074768
5305,5.5,0.26848285532996746,0.03792953807532178
5306,5.5,0.40714353621393834,0.046201120519622184
5307,5.5,0.23639864177389214,0.0317016707788754
5308,5.5,0.416510053671269,0.04171736200876124
5309,5.5,0.3751400371101412,0.046462044216696884
5310,5.5,0.1919090357225861,0.022470099222814767
5311,5.5,0.48145131329961177,0.05095900790790022
5312,5.5,0.49740595212051864,0.051573126490041234
5313,5.5,0.5125955279408929,0.052688209666539663
5314,5.5,0.48811113628348807,0.05187425043737534
5315,5.5,0.21898652142842456,0.029840174747173046
5316,5.5,0.19246221821994053,0.024205380296790553
5317,5.5,0.4030144520562766,0.04599958478728696
5318,5.5,0.15123207874749467,0.022128917415986483
5319,5.5,0.49610115131839655,0.05759919940784428
5320,5.5,0.4321998928700995,0.04901626888894276
5321,5.5,0.36958489353111634,0.04799825668492098
5322,5.5,0.3263908541442637,0.03601265525174942
5323,5.5,0.44151718649622596,0.05099372454094887
5324,5.5,0.3714374804859759,0.046087409227081946
5325,5.5,0.4598797288745138,0.04984960703133803
5326,5.5,0.22517712495003958,0.03220030047841357
5327,5.5,0.3209147493311536,0.03738263449677452
5328,5.5,0.30775821702933803,0.044302101181461044
5329,5.5,0.17537878058507958,0.028503863828429944
5330,5.5,0.2973344533965981,0.035086715613235654
5331,5.5,0.20372222072849705,0.02728140079434791
5332,5.5,0.28130199367150094,0.03801470371736001
5333,5.5,0.25261456612347016,0.026417272064544434
5334,5.5,0.2530577096555604,0.025047165557765642
5335,5.5,0.3668922587954612,0.03896781342970346
5336,5.5,0.24267565341930103,0.03044319497308789
5337,5.5,0.25285950390325657,0.026757469205882758
5338,5.5,0.3435696005397973,0.04003170632400313
5339,5.5,0.2847936975854937,0.03826319999256423
5340,5.5,0.22307580720033332,0.030425790962439383
5341,5.5,0.2765219754426447,0.03740588891017954
5342,5.5,0.2876789286561903,0.04120248655435972
5343,5.5,0.3627094758921834,0.044042282413653114
5344,5.5,0.21945037713281557,0.02987126413165366
5345,5.5,0.2538856496870055,0.03470020503594433
5346,5.5,0.47086226707076617,0.052488720638826196
5347,5.5,0.3614406119419948,0.039735717774034264
5348,5.5,0.22319502377536118,0.029191918914524974
5349,5.5,0.2540706497081278,0.03769122564123788
5350,5.5,0.2833084712851848,0.023485363856774015
5351,5.5,0.26358984849692224,0.020571106910717372
5352,5.5,0.246667680774146,0.025952225750992312
5353,5.5,0.286492411218979,0.022641924332819932
5354,5.5,0.326247040361064,0.03437902836828945
5355,5.5,0.28436439130225655,0.024918756083049498
5356,5.5,0.28412279782292066,0.026064969741358596
5357,5.5,0.2840837151174049,0.024808076103299756
5358,5.5,0.27779246297682286,0.022498040831668398
5359,5.5,0.3263457724759554,0.03606475255671195
5360,5.5,0.33166519601924194,0.03059904588664358
5361,5.5,0.3024238299543034,0.02802640887288609
5362,5.5,0.3081845053995635,0.02687382828874101
5363,5.5,0.3046780787857785,0.02830385180416719
5364,5.5,0.3074197369737775,0.02203949114533588
5365,5.5,0.1868446961192634,0.019885928046705234
5366,5.5,0.2995909390641472,0.02498803106197549
5367,5.5,0.3373128862637326,0.02761523504380805
5368,5.5,0.18643510502808583,0.017467027311659642
5369,5.5,0.30273115320349303,0.026197665771028972
5370,5.5,0.30254300261781925,0.027676607035635025
5371,5.5,0.34684475333476567,0.027556306493540864
5372,5.5,0.28099067918727205,0.02791576771221763
5373,5.5,0.350496637493485,0.03262718958744233
5374,5.5,0.2728798532251146,0.028588428416534337
5375,5.5,0.3562769666453254,0.031054317506421097
5376,5.5,0.39258047918232347,0.032923729647322264
5377,5.5,0.2511254810084274,0.02583697403793795
5378,5.5,0.33514002808803656,0.02692417478737747
5379,5.5,0.30448438056917715,0.026520587047405307
5380,5.5,0.2894343962203262,0.02505448509398975
5381,5.5,0.33027542446467195,0.022811345825297046
5382,5.5,0.33474148714808655,0.023227891131509124
5383,5.5,0.28952815260217324,0.026427024526543223
5384,5.5,0.3039815652658083,0.025518798848166258
5385,5.5,0.29545052210750505,0.026692028176904487
5386,5.5,0.4082704615649715,0.03243902709351704
5387,5.5,0.25138999787548383,0.02187301075562806
5388,5.5,0.2665315555797419,0.026249658730517395
5389,5.5,0.26980934844113164,0.017749164252304717
5390,5.5,0.24550529667406304,0.021908809757051763
5391,5.5,0.2465329389490522,0.02072141762637529
5392,5.5,0.24614347073536813,0.021337581849379793
5393,5.5,0.24393548929410946,0.021952721306709905
5394,5.5,0.12797590687882815,0.014846610174907302
5395,5.5,0.24702508757899272,0.02253004082370851
5396,5.5,0.23071165814918956,0.019193891303668317
5397,5.5,0.12774512644852154,0.01435432678432039
5398,5.5,0.12802407323628068,0.013847360043039039
5399,5.5,0.12817460059302693,0.015089625609050606
5400,5.5,0.3567563250501485,0.03816497522338891
5401,5.5,0.4033253995264727,0.03822316719736493
5402,5.5,0.505237262339706,0.04231382423915375
5403,5.5,0.4371533408886271,0.03457734534799453
5404,5.5,0.38200513058997937,0.03601524088034134
5405,5.5,0.5255303142377067,0.04280853787255988
5406,5.5,0.46124661123801003,0.03806086962135061
5407,5.5,0.43788440251107,0.04134809843218929
5408,5.5,0.46507999296774305,0.038626544070964844
5409,5.5,0.457340976962755,0.04035436858233552
5410,5.5,0.09879158959348658,0.01724772533392793
5411,5.5,0.14860577586237567,0.022282890532566296
5412,5.5,0.14842103357554662,0.02174928478900317
5413,5.5,0.3936784215949643,0.036367461321336864
5414,5.5,0.4543120343321961,0.040501308559161966
5415,5.5,0.09774773362796971,0.021028754394623875
5416,5.5,0.09840313719446923,0.020037353452782916
5417,5.5,0.4077370315856662,0.03973252182425379
5418,5.5,0.3610015906969418,0.0359746796001595
5419,5.5,0.40491086309618407,0.035835149363120704
5420,5.5,0.2767607662364157,0.03260466985707156
5421,5.5,0.17914201611156674,0.020438030430102835
5422,5.5,0.13102065625081027,0.018423656470945366
5423,5.5,0.2948478927178459,0.03405501356109465
5424,5.5,0.18179581533630274,0.021307037055264103
5425,5.5,0.1713265793753115,0.0206680793286347
5426,5.5,0.18075909678166222,0.023201668572706603
5427,5.5,0.18186463271005046,0.022935252372591385
5428,5.5,0.13176143977441623,0.014147363337108395
5429,5.5,0.1952913264767209,0.024024402816905075
5430,5.5,0.28192161380622244,0.03165440560014019
5431,5.5,0.2713353704934769,0.029056768641135683
5432,5.5,0.2818771567324068,0.031071061861957232
5433,5.5,0.23885040555455722,0.026369428885534892
5434,5.5,0.38169160865129925,0.032074084540277326
5435,5.5,0.15052264117100303,0.020146638678168936
5436,5.5,0.2414790677581561,0.027220803480392762
5437,5.5,0.42498338026562593,0.039478180539248765
5438,5.5,0.28164510277331317,0.02921878687085562
5439,5.5,0.24172499188422317,0.029571746171119885
5440,5.5,0.2450652218077147,0.026223053484054407
5441,5.5,0.23933652887559334,0.026914333217335218
5442,5.5,0.33467085446281264,0.03301113336516925
5443,5.5,0.24013173666217386,0.02477082698861526
5444,5.5,0.34318221707726204,0.031909614296275375
5445,5.5,0.3729106336570872,0.032791572832118115
5446,5.5,0.27328628690243945,0.030800149930124015
5447,5.5,0.3827541981719814,0.03604624578647008
5448,5.5,0.37535714892421923,0.03186199789975232
5449,5.5,0.34165005596368464,0.03325583719962917
5450,5.5,0.33851694349911016,0.031227826809250472
5451,5.5,0.1734116532208758,0.015259206240228928
5452,5.5,0.17353648423965382,0.01693161551169756
5453,5.5,0.17244373191230467,0.01598980601258482
5454,5.5,0.17340444520438442,0.01571381788562013
5455,5.5,0.1724312864769283,0.013774865616183674
5456,5.5,0.1725142177997987,0.015308547355660413
5457,5.5,0.1733653307651278,0.015045006816481904
5458,5.5,0.17248794833816458,0.014700564928180775
5459,5.5,0.1729075921980363,0.013332454095755966
5460,5.5,0.18341941237306272,0.021617102057282046
5461,5.5,0.3294983511680649,0.035118005943381735
5462,5.5,0.26425807821448777,0.031396685887806884
5463,5.5,0.2366289140569423,0.024145635694665032
5464,5.5,0.3029148117383527,0.02998349088178192
5465,5.5,0.32676080356563186,0.032866202241895695
5466,5.5,0.26609063207303796,0.03162181293371036
5467,5.5,0.2610749484554176,0.025881573767772514
5468,5.5,0.31121165698447556,0.029840566140225552
5469,5.5,0.40045892612845935,0.038008802421351545
5470,5.5,0.2618890546759806,0.02778644956685513
5471,5.5,0.36510860541182977,0.03714034692148972
5472,5.5,0.3022109648808061,0.03263624608383037
5473,5.5,0.1760654696592297,0.02106182067100076
5474,5.5,0.17582024014448025,0.019832754811459193
5475,5.5,0.3281584358090022,0.03125863206835952
5476,5.5,0.3757055623745228,0.0353672239201279
5477,5.5,0.27896528344315785,0.026845307305525444
5478,5.5,0.2513636927403365,0.027281925204043156
5479,5.5,0.3033358249207225,0.028154749764448133
5480,5.5,0.27159566549626396,0.026572488737066403
5481,5.5,0.17060218200589256,0.017790883996687597
5482,5.5,0.2833764055769642,0.029596162943890617
5483,5.5,0.16959691772473362,0.021715222833603675
5484,5.5,0.2795803327128464,0.03227284962931786
5485,5.5,0.28388846465470124,0.0313817937742602
5486,5.5,0.21899667486672872,0.024780587740017977
5487,5.5,0.23277988537725972,0.026167163029611393
5488,5.5,0.314252609810761,0.03274820910182063
5489,5.5,0.18037852984242045,0.019263694539993017
5490,5.5,0.3067145247292443,0.029758105182484215
5491,5.5,0.4101994281820353,0.03572527133401043
5492,5.5,0.3436819525937115,0.03225376842799913
5493,5.5,0.3068944778088425,0.029850570041817938
5494,5.5,0.35061018602323957,0.02798660576078376
5495,5.5,0.35511766472603434,0.033214992616490066
5496,5.5,0.2756099317359478,0.02787730406510164
5497,5.5,0.30683190433503654,0.02906158108351683
5498,5.5,0.3078249152338559,0.02881015820566069
5499,5.5,0.32677863355298525,0.03502408162040154
5500,6.0,0.4409888776495894,0.04858742927218001
5501,6.0,0.16399408158853865,0.021021863513768075
5502,6.0,0.416396368415394,0.048402688080344945
5503,6.0,0.45363523337554956,0.054457420585271116
5504,6.0,0.27475801933148225,0.02747443605014474
5505,6.0,0.46757133684037283,0.0535874556643363
5506,6.0,0.163967372608829,0.02004816422848048
5507,6.0,0.4252848639327908,0.051641071696235816
5508,6.0,0.4109294609081137,0.05284944192014863
5509,6.0,0.38216387693065235,0.04489864289657639
5510,6.0,0.5041874612664611,0.05330138936462072
5511,6.0,0.5025846328708679,0.05487726495255702
5512,6.0,0.4270545658689496,0.0509049546753375
5513,6.0,0.3753665445647388,0.04617571853188563
5514,6.0,0.40576823330696277,0.050244070733602764
5515,6.0,0.45396272738906085,0.0548440914207111
5516,6.0,0.44884574796803683,0.05124458820351586
5517,6.0,0.49252692173251644,0.0534148719186258
5518,6.0,0.3200155917730985,0.041741046680846744
5519,6.0,0.48717080830312326,0.0556153454646782
5520,6.0,0.48503523241289,0.05662302552883479
5521,6.0,0.40121068294355794,0.048369044929036056
5522,6.0,0.4638946591613405,0.054452944087770405
5523,6.0,0.4834847179458783,0.05715420896028172
5524,6.0,0.4723357806440111,0.05347405180250488
5525,6.0,0.4824365918195364,0.05585097997182371
5526,6.0,0.5072543490490434,0.05615110984060597
5527,6.0,0.4934213029901886,0.05360839992103695
5528,6.0,0.5028352462400082,0.054734860618957784
5529,6.0,0.5576965842437771,0.06109786584451837
5530,6.0,0.2840744486150639,0.040932764431135096
5531,6.0,0.28223706912836094,0.04224333209899157
5532,6.0,0.12975643042541238,0.02034499656115923
5533,6.0,0.3719219456635659,0.044110805171099776
5534,6.0,0.1292845523058252,0.021455079640914573
5535,6.0,0.3191686139800918,0.04118398091893053
5536,6.0,0.18030392074486515,0.025658547673494334
5537,6.0,0.12952414336461623,0.01857142696459239
5538,6.0,0.18767976842531886,0.024010815196599287
5539,6.0,0.20137782560578854,0.027862219517300717
5540,6.0,0.44961304389173956,0.05407218953188969
5541,6.0,0.5228866487662933,0.060607685291302206
5542,6.0,0.3133245839056869,0.04069701246938626
5543,6.0,0.5045806714254396,0.06429195227199058
5544,6.0,0.4973591076783695,0.059560649882295195
5545,6.0,0.48964659564091007,0.05995917661952771
5546,6.0,0.4757617396442454,0.05859614729870579
5547,6.0,0.4715759849618479,0.05720911017263977
5548,6.0,0.455852285425886,0.05360522378152784
5549,6.0,0.47652373508645,0.05626955464678241
5550,6.0,0.2727920404608305,0.029129484707969194
5551,6.0,0.306036433315919,0.034518868920745786
5552,6.0,0.30027029941767397,0.031946365108409626
5553,6.0,0.30682275636800277,0.031086634245240233
5554,6.0,0.24488765152521313,0.026390576764935232
5555,6.0,0.30169947632904226,0.034371715286560155
5556,6.0,0.31845429969407624,0.03265666891649324
5557,6.0,0.36673509682459593,0.03690151391040952
5558,6.0,0.3023885806000629,0.03126013001282872
5559,6.0,0.30208377678233495,0.030429802278191517
5560,6.0,0.2906260530559197,0.028492703744511225
5561,6.0,0.47792928830960096,0.048967965761619096
5562,6.0,0.44394319379015285,0.04253517234154169
5563,6.0,0.25102394868124844,0.02585334480407828
5564,6.0,0.3659635601727906,0.03507880192366106
5565,6.0,0.34857728844156827,0.03591779498749497
5566,6.0,0.28037696827501,0.030158372323445877
5567,6.0,0.25120919100095446,0.027942945630006488
5568,6.0,0.4345886225338257,0.045629685914967306
5569,6.0,0.28874602762296875,0.02963487997146233
5570,6.0,0.4411942324417438,0.041404663733222886
5571,6.0,0.3983085360343144,0.04056616685746455
5572,6.0,0.2663967362351753,0.027683167184225848
5573,6.0,0.3927205994965642,0.034973591100578995
5574,6.0,0.3861876134377596,0.03733426748988083
5575,6.0,0.5168349947708777,0.04046762531555355
5576,6.0,0.29528419721341603,0.03408530418433815
5577,6.0,0.3087213412818732,0.03226721801580161
5578,6.0,0.31210507432222934,0.03282821876456309
5579,6.0,0.310773686670812,0.03308919501545913
5580,6.0,0.46233972095354314,0.042891460772086915
5581,6.0,0.41188488986729793,0.03783028062542898
5582,6.0,0.3848298630717208,0.03816452567884267
5583,6.0,0.4469837568040326,0.042605135078348115
5584,6.0,0.39535007250695925,0.04112994107840423
5585,6.0,0.4556520189660575,0.041486324023355406
5586,6.0,0.3913621434402489,0.037697479760778266
5587,6.0,0.4851619119194604,0.043555943140767314
5588,6.0,0.3611998349834497,0.04030159617203188
5589,6.0,0.4196740355505864,0.04208084134038766
5590,6.0,0.3259449225463606,0.030155909334328997
5591,6.0,0.30171721229888704,0.030843508438162668
5592,6.0,0.3010113135835933,0.02861194350677634
5593,6.0,0.33254060820224113,0.03327246241622332
5594,6.0,0.3007976359949337,0.028279468598103406
5595,6.0,0.3777300447307678,0.03304159053069398
5596,6.0,0.35048026521983683,0.033059030764298225
5597,6.0,0.3495761554992981,0.03126429741677589
5598,6.0,0.44886110587498873,0.04230045401267989
5599,6.0,0.3457270741240686,0.0370912652434373
5600,6.0,0.2559348161604491,0.02701736562649048
5601,6.0,0.2570288394916226,0.02889161376646866
5602,6.0,0.33055149427227004,0.032145079747182365
5603,6.0,0.38742969235415153,0.033020188226397164
5604,6.0,0.2571230786873055,0.027322004391446726
5605,6.0,0.2973193703280388,0.03128544050631598
5606,6.0,0.3218841472450564,0.03186901763185441
5607,6.0,0.33883054000201057,0.03358120941024759
5608,6.0,0.30543045143071984,0.02720770278174955
5609,6.0,0.2565131871091743,0.027660523544893883
5610,6.0,0.2936941151591565,0.02587419893461364
5611,6.0,0.30519314094277217,0.025132378519035468
5612,6.0,0.2842872985374116,0.022732077823071663
5613,6.0,0.3805068261869793,0.03353546868582309
5614,6.0,0.2666469931575185,0.02325930535235412
5615,6.0,0.2987687607008662,0.027855418714955518
5616,6.0,0.3341861967261021,0.032150107971975865
5617,6.0,0.28365259609616855,0.021079505383558107
5618,6.0,0.2907781311103599,0.020352232308775947
5619,6.0,0.29144101788664095,0.025188811522128093
5620,6.0,0.3903585702450219,0.03675448995557761
5621,6.0,0.34161261138034255,0.03618982293119725
5622,6.0,0.3528309715625386,0.033449933646293714
5623,6.0,0.3515609183108401,0.036991476720644345
5624,6.0,0.46646450539387024,0.04343579961730134
5625,6.0,0.42512193019351685,0.04198790252088972
5626,6.0,0.33972463627931815,0.031162074369553493
5627,6.0,0.33535459876091817,0.03358162767606417
5628,6.0,0.23499877155124202,0.01872477363778221
5629,6.0,0.2792302170562063,0.02710641447509998
5630,6.0,0.36059809254344205,0.035191643852280095
5631,6.0,0.35644272365174473,0.031125943607167188
5632,6.0,0.31263864488044135,0.03051174978171281
5633,6.0,0.25422837041802004,0.023121166587303534
5634,6.0,0.3437850650261742,0.0354531292743026
5635,6.0,0.34906137329602194,0.03501484958385302
5636,6.0,0.3287126059784281,0.03751823105912349
5637,6.0,0.31395835395255095,0.029786359258277877
5638,6.0,0.23929873077350158,0.022587964594542355
5639,6.0,0.31562109173335906,0.030288301895118195
5640,6.0,0.2540174951195572,0.02586883546749163
5641,6.0,0.2521340639352312,0.028020650612178594
5642,6.0,0.2521727403249766,0.028625693023469158
5643,6.0,0.25558474261475034,0.02683663497006028
5644,6.0,0.3747017718398856,0.038326938493205544
5645,6.0,0.2548622205669385,0.026893678107017545
5646,6.0,0.25512573236551067,0.02676979399684845
5647,6.0,0.2666802499536191,0.03133803170425259
5648,6.0,0.25504891186095774,0.02559429828278885
5649,6.0,0.2533155215366279,0.025727179691571032
5650,6.0,0.42159952938304573,0.044469616469940985
5651,6.0,0.26727972643095216,0.03138706674753662
5652,6.0,0.40403809351992387,0.045245557425088095
5653,6.0,0.48440842989811866,0.04510260592703881
5654,6.0,0.39908528443730057,0.042112507670466016
5655,6.0,0.43905588555067243,0.046565630376304894
5656,6.0,0.2184107007370466,0.027088121230933397
5657,6.0,0.33781620044492106,0.03907002380373222
5658,6.0,0.44815802598954385,0.04628907631847507
5659,6.0,0.3228612329374149,0.03475335725324173
5660,6.0,0.25160422110896674,0.025922129126162926
5661,6.0,0.3055294698964502,0.03433489831275414
5662,6.0,0.26753265929563746,0.028508940429189694
5663,6.0,0.3031995586907531,0.031642685342626424
5664,6.0,0.2685849222158203,0.026500155138420942
5665,6.0,0.29145654442642555,0.035223514948534214
5666,6.0,0.251282773490314,0.02681666514860987
5667,6.0,0.2977645451918702,0.03162034203541107
5668,6.0,0.30297620397982167,0.030697570251097976
5669,6.0,0.33453048910381067,0.031565014814209306
5670,6.0,0.2771774956876455,0.03833742852675759
5671,6.0,0.347305931963237,0.044253534629074644
5672,6.0,0.42241584575775304,0.045011789666992014
5673,6.0,0.4163712801261029,0.043004903047335716
5674,6.0,0.4491705669516269,0.047873645501618226
5675,6.0,0.2757576041025386,0.029702429004044125
5676,6.0,0.43743630526466853,0.04614348700021175
5677,6.0,0.48148534502809165,0.043593291124953665
5678,6.0,0.3353473393298916,0.04127631512993999
5679,6.0,0.4179594470864078,0.04520425947766376
5680,6.0,0.20435522890978566,0.017250787884366413
5681,6.0,0.204758008686496,0.018579560004443933
5682,6.0,0.2045234283976648,0.018306547052178025
5683,6.0,0.17156472170971016,0.018597255328838987
5684,6.0,0.20445384773615183,0.0183061793362373
5685,6.0,0.20508160915017526,0.01704481333044636
5686,6.0,0.22391729923614684,0.01907554862568039
5687,6.0,0.20437876500217905,0.018651057837511052
5688,6.0,0.20458891966441484,0.016707776013910953
5689,6.0,0.20458022404501075,0.01732988481263286
5690,6.0,0.33158122099800275,0.04055211768214267
5691,6.0,0.12923428744348409,0.021287141448690695
5692,6.0,0.4486721932235943,0.043790349315431104
5693,6.0,0.1670455835188011,0.02482450283984873
5694,6.0,0.38168386149774414,0.044075495464184336
5695,6.0,0.21566709583676708,0.034070221492896034
5696,6.0,0.16773465865986129,0.02446919083255345
5697,6.0,0.16812587104238816,0.022071678199943164
5698,6.0,0.16728577070704856,0.024323695470961644
5699,6.0,0.2750730871141335,0.036434034502756445
5700,6.0,0.09687461861236138,0.018611227888403505
5701,6.0,0.09274132873666695,0.018381096692789874
5702,6.0,0.097358983864099,0.016087248580594026
5703,6.0,0.0972356267067975,0.01677998962833854
5704,6.0,0.09673599789946286,0.016933817939705584
5705,6.0,0.09676647702779441,0.01649504402518487
5706,6.0,0.09728524725632957,0.019796467201847495
5707,6.0,0.09708782385326993,0.016085906363956168
5708,6.0,0.09693581873692445,0.015220664104861772
5709,6.0,0.09702011829177153,0.017110271790319355
5710,6.0,0.3306183132132776,0.038632980736851744
5711,6.0,0.12422323523632813,0.02063241194203237
5712,6.0,0.12148212580286542,0.0194558876981919
5713,6.0,0.1184348241004992,0.014771869296574239
5714,6.0,0.3861978649921959,0.044277436058010294
5715,6.0,0.12070974129581703,0.018556951018520257
5716,6.0,0.2490703661288606,0.034177319066206927
5717,6.0,0.12158098924419894,0.01787473712661637
5718,6.0,0.11906100854590704,0.02052684531930641
5719,6.0,0.12314612778681946,0.018924540014543568
5720,6.0,0.28372651883120825,0.03320941030006895
5721,6.0,0.3672358962521094,0.03665640134847458
5722,6.0,0.2083334387281314,0.02526011615651049
5723,6.0,0.4520721907219758,0.04376159787622577
5724,6.0,0.37870740438633393,0.039723019882973214
5725,6.0,0.23855908874739318,0.032760721919791486
5726,6.0,0.2552057595527174,0.033030280227398325
5727,6.0,0.2335821352463594,0.026645950229281148
5728,6.0,0.2990260407757496,0.03165091669991001
5729,6.0,0.3989046932439903,0.04536984088875394
5730,6.0,0.38625152026092,0.04034223586670776
5731,6.0,0.3034097304610872,0.035151680695826755
5732,6.0,0.3677977939870925,0.04131853591040644
5733,6.0,0.38595541624113805,0.0442893686098804
5734,6.0,0.37782276738193477,0.042685108340421406
5735,6.0,0.46058161707707707,0.043188156388372506
5736,6.0,0.3202210046768406,0.03782728326444503
5737,6.0,0.33936946407292246,0.03896008869936177
5738,6.0,0.31410880918270223,0.0371903211054425
5739,6.0,0.3766110826911109,0.04203717369003819
5740,6.0,0.20982790505378304,0.023905764720641955
5741,6.0,0.22910912932317593,0.028139167652289222
5742,6.0,0.27017981180469935,0.026542884059895987
5743,6.0,0.27284625374701776,0.0282014774445378
5744,6.0,0.45235179395019554,0.04585825880709896
5745,6.0,0.31353330537997065,0.03526160792496801
5746,6.0,0.21312598202070784,0.025122518010155297
5747,6.0,0.20986999871183268,0.02560435259166826
5748,6.0,0.20925545663267664,0.022334165958906325
5749,6.0,0.2094956344942575,0.024023769736996926
5750,6.0,0.40280902635930516,0.04039127871022039
5751,6.0,0.3995405568701851,0.03949739051056397
5752,6.0,0.41009245788748194,0.040261014098705035
5753,6.0,0.33676576054167323,0.035555516784818705
5754,6.0,0.4149174569150361,0.04143265713978656
5755,6.0,0.40873284322404724,0.038694828271945925
5756,6.0,0.418328815730897,0.040175120245206086
5757,6.0,0.4000379808194511,0.037117544567168835
5758,6.0,0.3996366699190309,0.03774245440328883
5759,6.0,0.4129107297634107,0.04211290110440593
5760,6.0,0.28563295731040717,0.0280305586700104
5761,6.0,0.36986595811557066,0.04002385527107981
5762,6.0,0.2803592733957978,0.027766570381891526
5763,6.0,0.29794553650420624,0.031736557758908795
5764,6.0,0.2519606533919405,0.020597630063483932
5765,6.0,0.2520523503003737,0.023234057955767183
5766,6.0,0.25237367220739704,0.02157898937790726
5767,6.0,0.236187050382038,0.025401743898268523
5768,6.0,0.26767426601805855,0.024702313419681175
5769,6.0,0.323882393244835,0.032455328247762746
5770,6.0,0.2783250137410304,0.025336244187118752
5771,6.0,0.45639714069892157,0.04229919574659823
5772,6.0,0.29881613227812776,0.028631452340153424
5773,6.0,0.2548291980487086,0.019691455739674655
5774,6.0,0.46915972148878515,0.041613946537051444
5775,6.0,0.32973693839963103,0.03768664012514701
5776,6.0,0.3645349910742289,0.04015407585143769
5777,6.0,0.2776168668563899,0.025633547269298073
5778,6.0,0.41366844211320347,0.037906493907543054
5779,6.0,0.28107380352449024,0.02229462459146273
5780,6.0,0.3352445270087016,0.041130023944530594
5781,6.0,0.18303300756590338,0.027798114230656323
5782,6.0,0.4280917511550501,0.04251010030239415
5783,6.0,0.32217511417238076,0.03419831019023144
5784,6.0,0.4314797189426026,0.04381690624749191
5785,6.0,0.28518142194368046,0.03415477432032744
5786,6.0,0.4707903650121329,0.04609816072305552
5787,6.0,0.2094489196885634,0.027709861488613357
5788,6.0,0.1832015402722448,0.02517391727711917
5789,6.0,0.3060144767826881,0.03276640292722959
5790,6.0,0.44642288262803725,0.04375623453869365
5791,6.0,0.41617965931454826,0.04061697420102481
5792,6.0,0.3029906360844893,0.02884467194416815
5793,6.0,0.3967555920354773,0.044457995590837754
5794,6.0,0.3384482073838886,0.03778979301833068
5795,6.0,0.3264898349480965,0.03766680855069612
5796,6.0,0.48372812743443117,0.047914238856471246
5797,6.0,0.3542237152720767,0.039809467773102965
5798,6.0,0.47548505666472735,0.04113208460603353
5799,6.0,0.521168427111695,0.04778583512622003
5800,6.0,0.2759094139249289,0.03334223929287128
5801,6.0,0.4099239438624386,0.04387717196122438
5802,6.0,0.3655934839123582,0.04530673204773805
5803,6.0,0.4341244558118489,0.046581014845198575
5804,6.0,0.42429674899367187,0.04900759803916053
5805,6.0,0.2665659896089183,0.036310271966830954
5806,6.0,0.4006911295535013,0.0439405717436772
5807,6.0,0.23481282040206455,0.03282537946965377
5808,6.0,0.41051660979671,0.04224113741616202
5809,6.0,0.37207779840592486,0.04414643865364134
5810,6.0,0.19072482615945094,0.024178801156824973
5811,6.0,0.47763532057100644,0.050044987245941905
5812,6.0,0.4910507745030174,0.05289692642800948
5813,6.0,0.5080781957167854,0.05432666440413962
5814,6.0,0.48958328165282783,0.05244500419267218
5815,6.0,0.21759181900972882,0.028496201487478445
5816,6.0,0.1914614453399589,0.022927932359188864
5817,6.0,0.39963483590916005,0.04417348866394948
5818,6.0,0.15050086326977907,0.01983348777187557
5819,6.0,0.49029190153649754,0.05075770527139054
5820,6.0,0.424633274536291,0.049333067791930446
5821,6.0,0.36836469576567094,0.046409723075543655
5822,6.0,0.3394217970229155,0.0373910685534624
5823,6.0,0.442896906882996,0.05160137470004473
5824,6.0,0.36596863373333144,0.04427198444764292
5825,6.0,0.4562781875617838,0.05162471313988095
5826,6.0,0.22302514756089087,0.03189383536228895
5827,6.0,0.3183377077645104,0.036444877306936435
5828,6.0,0.3038402821873291,0.04245901722929596
5829,6.0,0.17665051797597256,0.027883266485824308
5830,6.0,0.2949876675397458,0.03385506981035172
5831,6.0,0.2031083963134506,0.02635651646166493
5832,6.0,0.30078972464938764,0.042903516838584295
5833,6.0,0.2517022964173001,0.02463367403673117
5834,6.0,0.2518056816995887,0.02912293736666451
5835,6.0,0.36411712222039944,0.03632039315095544
5836,6.0,0.2413646330851957,0.027022526720561508
5837,6.0,0.2517121601369173,0.02765251573693039
5838,6.0,0.33949247135210614,0.03830483657069245
5839,6.0,0.2844702457644566,0.0360159246257914
5840,6.0,0.22125518323874183,0.02967310640273371
5841,6.0,0.2732707521281261,0.037772231275723184
5842,6.0,0.2841399018488631,0.04116200511134866
5843,6.0,0.3579310290048404,0.04171961689039402
5844,6.0,0.21766391236030247,0.031422988728168184
5845,6.0,0.25106694177482636,0.03569229227970848
5846,6.0,0.46627963307537834,0.05027035837514383
5847,6.0,0.3556719574690599,0.038027829737048206
5848,6.0,0.22149954970661842,0.03212504603693627
5849,6.0,0.25091080911778124,0.035438289045392764
5850,6.0,0.2817410811769899,0.025346468557346735
5851,6.0,0.2522488463125709,0.024641450291673764
5852,6.0,0.24544819373618584,0.02491928233322811
5853,6.0,0.28623793101222894,0.025541052999236535
5854,6.0,0.3345193238185002,0.03284829389334205
5855,6.0,0.2825414906416779,0.025259718190750048
5856,6.0,0.28335196046201866,0.023889859920077798
5857,6.0,0.2823481054241633,0.0212150478613471
5858,6.0,0.2763891473941541,0.025986584216074405
5859,6.0,0.32381374735831486,0.03432656657047623
5860,6.0,0.3332558395899168,0.028367848914363593
5861,6.0,0.3015012756334592,0.02541387768095268
5862,6.0,0.30782061550567474,0.0277537698689285
5863,6.0,0.3051493747194637,0.029620223535683776
5864,6.0,0.3061941607050524,0.02531974260837431
5865,6.0,0.18605246548454893,0.018239055640895403
5866,6.0,0.29832230317835623,0.02677067311437755
5867,6.0,0.3348748462693675,0.027832481028814457
5868,6.0,0.18575278349671964,0.014853629681777598
5869,6.0,0.30176378238932927,0.024417390156360026
5870,6.0,0.3018295505187728,0.027182323927169846
5871,6.0,0.34549330456413835,0.02949738800402848
5872,6.0,0.2786348482911424,0.03047307232241003
5873,6.0,0.34791609940873214,0.03172827337098079
5874,6.0,0.2702515063838134,0.02780910814841101
5875,6.0,0.35354112178432073,0.030604869042321868
5876,6.0,0.3923440792761082,0.03246289544555625
5877,6.0,0.2493247894549714,0.025878263385668582
5878,6.0,0.3327870641552529,0.029996480727220103
5879,6.0,0.3029884145428499,0.02641078257598751
5880,6.0,0.2870818774394868,0.02751560170419684
5881,6.0,0.33215148855351867,0.027377064692874143
5882,6.0,0.33424358458612313,0.024916732509098777
5883,6.0,0.28720291557491173,0.02570914605913997
5884,6.0,0.3037137936068334,0.02635992948353455
5885,6.0,0.29452620308138977,0.024724413646937754
5886,6.0,0.40189219641256285,0.033145465597821944
5887,6.0,0.301762393665159,0.030147241925150406
5888,6.0,0.26568320149777025,0.026230981735495915
5889,6.0,0.2692793673655422,0.01835569775191925
5890,6.0,0.24545965914297846,0.023885708296594338
5891,6.0,0.24599606007962846,0.019703104689517782
5892,6.0,0.2458881921491671,0.023628762768418247
5893,6.0,0.24318959306040866,0.02354764190506107
5894,6.0,0.12732322932186912,0.0139814817108057
5895,6.0,0.246813867549957,0.023862284286952785
5896,6.0,0.23169736201381627,0.02288856079522532
5897,6.0,0.1270819416638727,0.014580598590654893
5898,6.0,0.12738934582375444,0.01630796000177416
5899,6.0,0.1274496476844491,0.015389236859366988
5900,6.0,0.35206352252711454,0.035492515825118615
5901,6.0,0.3965964426668827,0.034050868777402085
5902,6.0,0.510049759372204,0.039903727734849244
5903,6.0,0.42832126582814717,0.037086095520148056
5904,6.0,0.3752932018738385,0.0366408524598286
5905,6.0,0.534868628723646,0.041825110063132824
5906,6.0,0.4679544260001616,0.03868381779537806
5907,6.0,0.4329871230762376,0.043626735620270835
5908,6.0,0.45479527825906874,0.038014927236374535
5909,6.0,0.45474165271356165,0.03937125491474048
5910,6.0,0.0978076921258486,0.019363702945820165
5911,6.0,0.1467032497133652,0.022312766339877808
5912,6.0,0.20781385208202896,0.03014913050090491
5913,6.0,0.3880441014924041,0.03525720662957483
5914,6.0,0.4502258245704098,0.04074643691780674
5915,6.0,0.096986868326538,0.01669661248808835
5916,6.0,0.09735614399841488,0.017475232248124174
5917,6.0,0.4045158850039618,0.03991326232814421
5918,6.0,0.3599083240055947,0.03553964029816298
5919,6.0,0.404576574007983,0.037091202583331664
5920,6.0,0.273366272392245,0.03459159483798805
5921,6.0,0.1779887398800957,0.022277918460534188
5922,6.0,0.13055652853897512,0.016403548936317493
5923,6.0,0.2928791543817938,0.03149223910769406
5924,6.0,0.18078475118176274,0.019178056807973406
5925,6.0,0.1706225379335732,0.01587086234511234
5926,6.0,0.17985500101183582,0.022120745533642756
5927,6.0,0.18093394152774875,0.019485659794652853
5928,6.0,0.1312061975124936,0.01356349744034788
5929,6.0,0.19384268770967794,0.02229767715027631
5930,6.0,0.2792381317276969,0.029198375617061588
5931,6.0,0.2692831668857304,0.025523132882435108
5932,6.0,0.2790928560522923,0.025442940256860093
5933,6.0,0.23681750613668198,0.02657860093618729
5934,6.0,0.37500872040869176,0.036750937225741055
5935,6.0,0.14927790996681192,0.022697789807815883
5936,6.0,0.2394458104658443,0.025342374148018643
5937,6.0,0.4224686963486163,0.039899126070347776
5938,6.0,0.2789735983431089,0.030836016194582795
5939,6.0,0.239757545147044,0.028328265367704
5940,6.0,0.3189543007346816,0.03333826814744874
5941,6.0,0.23658557745069306,0.02553685597932309
5942,6.0,0.33541639938557183,0.037524807276175624
5943,6.0,0.23780491026270734,0.025260405246999233
5944,6.0,0.33780525374905584,0.03263622074791843
5945,6.0,0.37172807936030405,0.03524813593097321
5946,6.0,0.27082740003509037,0.031214839165270954
5947,6.0,0.3867317306391119,0.0370261646530128
5948,6.0,0.372206976666955,0.03567385527506453
5949,6.0,0.3816128926196103,0.033203159037300665
5950,6.0,0.3371606288508915,0.03166505560641572
5951,6.0,0.17279558061711836,0.013973717359756197
5952,6.0,0.17289267614092937,0.015512023946619543
5953,6.0,0.17196139243698813,0.012871897388961813
5954,6.0,0.17284453094722382,0.01665165416732125
5955,6.0,0.17185940986182235,0.016128941091815886
5956,6.0,0.17192826455020432,0.014298081848938748
5957,6.0,0.1727728617565673,0.015885051125972303
5958,6.0,0.17203240885263618,0.01677096301526658
5959,6.0,0.17229674842713963,0.01485451776919334
5960,6.0,0.18211065199369697,0.0193013779272211
5961,6.0,0.3261992390454769,0.03208655075330398
5962,6.0,0.26232614350104005,0.029216347127922176
5963,6.0,0.2343004882016422,0.028076771177216363
5964,6.0,0.3001081627255893,0.029826514086831978
5965,6.0,0.3245053345873343,0.03349079783252813
5966,6.0,0.2629502302656656,0.030454582080822825
5967,6.0,0.25834007623818833,0.028338247156452542
5968,6.0,0.31298092193493227,0.03108307507039516
5969,6.0,0.3957667942013161,0.037974740929736316
5970,6.0,0.270102752425947,0.028318799738375883
5971,6.0,0.3624517332855896,0.03688166552358336
5972,6.0,0.31075767254132297,0.03005264052084381
5973,6.0,0.17500704078681448,0.022069455667211742
5974,6.0,0.1746359872653019,0.017535000206876986
5975,6.0,0.3255138421599756,0.03184978016939588
5976,6.0,0.3863623255001934,0.03578589920634879
5977,6.0,0.2764054356516433,0.02584671870668369
5978,6.0,0.26508305078796296,0.027111960067999732
5979,6.0,0.2988374945421996,0.027135680765744113
5980,6.0,0.2721448144930986,0.027049570346883746
5981,6.0,0.17056346256735114,0.01773523352817242
5982,6.0,0.2809964709113064,0.03203394689081867
5983,6.0,0.1685530337181385,0.019970025954651437
5984,6.0,0.2765741366220416,0.027654174709420436
5985,6.0,0.2816960988899813,0.034864152658773684
5986,6.0,0.21851013242270315,0.02535700952056078
5987,6.0,0.23116458197572476,0.026547321166499615
5988,6.0,0.31088167102812453,0.032685999717082415
5989,6.0,0.179791430760972,0.022398272252240035
5990,6.0,0.3038570578767915,0.030812495592256156
5991,6.0,0.4083414924784116,0.03718310141791858
5992,6.0,0.3425806809774868,0.03352593258431794
5993,6.0,0.3038192857298143,0.02970542690547491
5994,6.0,0.347440880967766,0.03276642906628664
5995,6.0,0.34988122281318823,0.032905405017899285
5996,6.0,0.2735234158955509,0.02671618589184712
5997,6.0,0.3037285787125712,0.031968033002163325
5998,6.0,0.30476311117269905,0.029814555982980294
5999,6.0,0.3332614072041284,0.033262956343843526
6000,6.5,0.4433607169300473,0.05123535876630496
6001,6.5,0.16275841638454416,0.021272906072980696
6002,6.5,0.4159344851083507,0.05213217894542993
6003,6.5,0.4536156692163632,0.05508816651311302
6004,6.5,0.2603025071953905,0.03116156494534178
6005,6.5,0.47245402611180465,0.0529950642168011
6006,6.5,0.16283340159423207,0.023312094986879757
6007,6.5,0.4659736717758155,0.05691686031295995
6008,6.5,0.40614834268524286,0.05209507675514054
6009,6.5,0.3789613154751253,0.045975675232309325
6010,6.5,0.5027837334454939,0.05471662916066614
6011,6.5,0.5033234621388104,0.05510837449361817
6012,6.5,0.43958440681053373,0.05024796612982697
6013,6.5,0.37576856917339324,0.046109677482829826
6014,6.5,0.41762623985192665,0.04806842526235121
6015,6.5,0.4485821456797568,0.051816354238652884
6016,6.5,0.4446724359924151,0.05271736634838303
6017,6.5,0.4865805290492364,0.05493982213673552
6018,6.5,0.31679503223069794,0.04501234442854676
6019,6.5,0.49665993359524235,0.057138999829437084
6020,6.5,0.5034830663762775,0.05915194157737565
6021,6.5,0.39708170089315237,0.050795398661128116
6022,6.5,0.46459817402443637,0.05648583513303037
6023,6.5,0.4861862416705946,0.05513445629283887
6024,6.5,0.47102335597191625,0.056067297956074146
6025,6.5,0.49414843206465303,0.05857723676403675
6026,6.5,0.5129169661257003,0.056101595862352936
6027,6.5,0.4973202393625806,0.057430548804878016
6028,6.5,0.5102894469376028,0.054514000668782314
6029,6.5,0.5479180542689469,0.06065244107838821
6030,6.5,0.2811321008546835,0.04164528813371594
6031,6.5,0.28090603819710414,0.04200297799096132
6032,6.5,0.12875455528110497,0.023228455650794785
6033,6.5,0.3814468741751511,0.045478304085051185
6034,6.5,0.12871128973656826,0.019030802123420967
6035,6.5,0.31709455090492056,0.04222906186029211
6036,6.5,0.196064613685207,0.02406364168141021
6037,6.5,0.12849337306690062,0.020378087307466153
6038,6.5,0.18871397534932924,0.022624504317043354
6039,6.5,0.20041544517663729,0.024718539766918148
6040,6.5,0.45142483166847225,0.05559062685189413
6041,6.5,0.5190581585726078,0.058518159004111024
6042,6.5,0.3217447868808622,0.04557440195137178
6043,6.5,0.5170833378398584,0.06137817671331807
6044,6.5,0.49527033344349997,0.0595535768625746
6045,6.5,0.48484248592207857,0.057405457178955774
6046,6.5,0.5047233467734702,0.0579878429853613
6047,6.5,0.4730393882287905,0.05861425129278605
6048,6.5,0.4573822964252349,0.05444261119627071
6049,6.5,0.4687302019282007,0.057938781202312856
6050,6.5,0.2711031085014284,0.030735878718503206
6051,6.5,0.3037385386452505,0.034287387606148384
6052,6.5,0.29899438829769837,0.03403528533916878
6053,6.5,0.30683277794592945,0.033995668086459756
6054,6.5,0.24299517766603743,0.023362558709961866
6055,6.5,0.3084466672249121,0.035371640606103
6056,6.5,0.31710615506556833,0.03406793787996093
6057,6.5,0.3649772862755079,0.03303823515041489
6058,6.5,0.3000289264130764,0.03467634123277739
6059,6.5,0.30200363067697017,0.03309100491170079
6060,6.5,0.2883556103927157,0.03190760107933814
6061,6.5,0.4740516768322212,0.04664022781539735
6062,6.5,0.43471599674498856,0.042821332861837286
6063,6.5,0.2493334617383846,0.026691875107904363
6064,6.5,0.3629594383407331,0.036832503839134396
6065,6.5,0.3448642889175876,0.03584950650716767
6066,6.5,0.27795079754359936,0.02662025693180816
6067,6.5,0.24948422090635855,0.025967117957765812
6068,6.5,0.43534878478826705,0.04638371965781205
6069,6.5,0.28659087636442004,0.029571568474763367
6070,6.5,0.43680989342748927,0.04086779660472473
6071,6.5,0.39519961021357203,0.04020979726866928
6072,6.5,0.2653000926849618,0.028136275092832785
6073,6.5,0.38989787737382825,0.03753477038813167
6074,6.5,0.38259318122694025,0.03987664013827701
6075,6.5,0.519142242098785,0.04410117233723798
6076,6.5,0.3023293227281855,0.03747789227259153
6077,6.5,0.307054307844514,0.03206698174574643
6078,6.5,0.3105368168955553,0.0331384314119134
6079,6.5,0.30928779417623087,0.03235872590217836
6080,6.5,0.4589376760545553,0.042460726857233316
6081,6.5,0.41032959844692024,0.03800685388160177
6082,6.5,0.4019746671650249,0.04158271328311791
6083,6.5,0.456391721300006,0.04425865676730737
6084,6.5,0.39344170490891794,0.03791723041299038
6085,6.5,0.45444544125869324,0.04339891893073587
6086,6.5,0.39478780073119946,0.041394201985619494
6087,6.5,0.4809837548112024,0.046114474984872145
6088,6.5,0.35891918338682705,0.038689622054676534
6089,6.5,0.433868333068764,0.03846393600573479
6090,6.5,0.32439870520185937,0.03331221726642764
6091,6.5,0.3004675878826169,0.03115921819741075
6092,6.5,0.30226518869989066,0.030075674379459513
6093,6.5,0.33150980287279685,0.030822466304834255
6094,6.5,0.2990803938152791,0.02700859398038366
6095,6.5,0.37466716807416806,0.03437258367355232
6096,6.5,0.3519027991080634,0.03693381664135545
6097,6.5,0.3481060201420068,0.03562151077124213
6098,6.5,0.4461839007825663,0.04248202627311098
6099,6.5,0.3463266799468253,0.03810298803888331
6100,6.5,0.2539166392348426,0.02735690570496782
6101,6.5,0.25508547321030306,0.028576587400212808
6102,6.5,0.3288373096111752,0.03276205556167449
6103,6.5,0.3844449527939471,0.03012406210757618
6104,6.5,0.2551771182547921,0.028414005838029624
6105,6.5,0.2963226251827842,0.029901226072798805
6106,6.5,0.32169932737814677,0.03225761187164344
6107,6.5,0.3400358762779813,0.030945174929193114
6108,6.5,0.3042423753015106,0.02641477644486263
6109,6.5,0.2544758571506448,0.024431988889536554
6110,6.5,0.2920875847312951,0.027378809629126487
6111,6.5,0.3030094172622713,0.02978744240731838
6112,6.5,0.28447799136800145,0.024281951469907834
6113,6.5,0.37638463652213894,0.029834278993813912
6114,6.5,0.26131306767651247,0.026666748287000025
6115,6.5,0.29705632660521103,0.026718001540956125
6116,6.5,0.3325785823988842,0.03009996367130799
6117,6.5,0.28267041563866563,0.02124809524001966
6118,6.5,0.2898991117982633,0.025465632950118954
6119,6.5,0.28973737432027974,0.027480752403943903
6120,6.5,0.38556238395286824,0.0391893391040601
6121,6.5,0.33990002558881155,0.03453626792310992
6122,6.5,0.3496635918647889,0.031216406811512797
6123,6.5,0.34754535083263177,0.037648278203460395
6124,6.5,0.46132772056017923,0.04037107814662936
6125,6.5,0.43416848661238744,0.04202163142741353
6126,6.5,0.33644981146388153,0.032303479397665084
6127,6.5,0.33335819318696275,0.03570448324234923
6128,6.5,0.23350073397308843,0.01997152818500315
6129,6.5,0.2766045888693309,0.027352051470914115
6130,6.5,0.3582556881186198,0.03363900859372502
6131,6.5,0.35316458183112714,0.03305524076844236
6132,6.5,0.3108595402606722,0.02935931868173745
6133,6.5,0.2519733999538791,0.021753987714014832
6134,6.5,0.3408421455342223,0.03253371432502554
6135,6.5,0.346782839704373,0.03579407923681447
6136,6.5,0.3281486985454114,0.036447686446519745
6137,6.5,0.31236898814923847,0.03202044409568728
6138,6.5,0.23786418804680434,0.023496191742401223
6139,6.5,0.3137490742714893,0.028129276161016483
6140,6.5,0.25243293827877916,0.02395505176683197
6141,6.5,0.2516995711271554,0.027080742982994146
6142,6.5,0.250681900253846,0.02505344895607575
6143,6.5,0.25390576363070083,0.02615347213180077
6144,6.5,0.372183504470924,0.039526431261101
6145,6.5,0.2532796844114685,0.026408342332696115
6146,6.5,0.25373245826854113,0.027602714582343865
6147,6.5,0.27454036868994147,0.03165343069823738
6148,6.5,0.2537083124295391,0.023803473121746344
6149,6.5,0.2517634123418323,0.027417662244349328
6150,6.5,0.45772181650759997,0.0482329121884
6151,6.5,0.2645820313089713,0.030966224777958296
6152,6.5,0.4055244608091194,0.04346005321966649
6153,6.5,0.4788717281474568,0.04390362373267914
6154,6.5,0.39853149695399315,0.04492916090221189
6155,6.5,0.43359803036954664,0.04620666031579623
6156,6.5,0.2692351563743054,0.029038007206345806
6157,6.5,0.3357898792342745,0.037661130724502084
6158,6.5,0.4660463846653489,0.046699341000970576
6159,6.5,0.31978743614493305,0.035890724089767054
6160,6.5,0.2501125498484696,0.026806785812084868
6161,6.5,0.30308334754700944,0.03519538294301854
6162,6.5,0.2660948590032723,0.028534463464142217
6163,6.5,0.30071019257070725,0.03229757013619797
6164,6.5,0.26702825118953893,0.029970377964767096
6165,6.5,0.28925414445583436,0.03582724713190882
6166,6.5,0.2498879548086194,0.028965952485387362
6167,6.5,0.29562089444007766,0.030969109582324506
6168,6.5,0.3005087769156661,0.02880841726989845
6169,6.5,0.33240100263767397,0.029176021182386595
6170,6.5,0.27454091323674773,0.03463499034960041
6171,6.5,0.3450503563659852,0.041573302772961666
6172,6.5,0.4183809238650655,0.047065954451450766
6173,6.5,0.43049539536877673,0.0426205622863275
6174,6.5,0.43933848748171067,0.04750283093341845
6175,6.5,0.2736000367591184,0.028798967984107464
6176,6.5,0.44218690554094425,0.04748020686340044
6177,6.5,0.48823128149064304,0.04514621479869278
6178,6.5,0.3778563000063892,0.042146307527757325
6179,6.5,0.4177629580070387,0.045864233137750975
6180,6.5,0.20359513346369945,0.018367544765684175
6181,6.5,0.2038703515606961,0.019758001616654232
6182,6.5,0.20398009464923905,0.019830817569043327
6183,6.5,0.1709095298149274,0.019897100622480065
6184,6.5,0.20366585371479334,0.018440569496828048
6185,6.5,0.20445597874584326,0.015757637214854518
6186,6.5,0.22296361960903713,0.02133069551427547
6187,6.5,0.20393640547808894,0.01809895850328769
6188,6.5,0.20386119212998255,0.01959922608136267
6189,6.5,0.20387325591637512,0.018343876313799905
6190,6.5,0.32646168721892,0.03975139747535849
6191,6.5,0.12831568291749681,0.01738858700530966
6192,6.5,0.4407961202497306,0.043670948260527906
6193,6.5,0.16569214779281605,0.025077271107941747
6194,6.5,0.3758998613974872,0.04046372619914897
6195,6.5,0.21360675254712258,0.03489696785311624
6196,6.5,0.16625155740332848,0.02443388727838694
6197,6.5,0.16674306939131545,0.02223914560921699
6198,6.5,0.1658768314718753,0.02181802289581566
6199,6.5,0.2721625867081824,0.036600616833526785
6200,6.5,0.09598511975394552,0.018495301603657133
6201,6.5,0.09229817479973554,0.01976968615354104
6202,6.5,0.0964986328690647,0.01684745951767167
6203,6.5,0.09629420060453657,0.016455280242323938
6204,6.5,0.0962987247491696,0.018512100350988568
6205,6.5,0.09626465081845036,0.019107408765454536
6206,6.5,0.09635279684771625,0.017581220044665658
6207,6.5,0.09649637839268313,0.017462000587876496
6208,6.5,0.09625560516248666,0.015522316517888844
6209,6.5,0.09645681674262797,0.01591239619490712
6210,6.5,0.3363649078977828,0.04021115897150904
6211,6.5,0.12343444463157888,0.021950693998042285
6212,6.5,0.12043879451845477,0.019934307164058196
6213,6.5,0.11712929639047759,0.019567882621813068
6214,6.5,0.3922934006080535,0.04645324588450851
6215,6.5,0.11964775742992985,0.01842037426109814
6216,6.5,0.2510669755938507,0.03650766364991527
6217,6.5,0.12059155647630869,0.018301316998499666
6218,6.5,0.11810174446292834,0.020636420491299674
6219,6.5,0.12206538216288527,0.02098038202788722
6220,6.5,0.2814420527430304,0.03367771958772145
6221,6.5,0.3789367350193193,0.03959862434566462
6222,6.5,0.20693159208246853,0.025504805405264057
6223,6.5,0.4443252785270604,0.04545567001422623
6224,6.5,0.37575900566760884,0.036817607227900784
6225,6.5,0.23631046574641593,0.030616690108509738
6226,6.5,0.2554544894256974,0.029562529151078546
6227,6.5,0.23193236325926858,0.025954455158270603
6228,6.5,0.3010890503904573,0.03401490976649076
6229,6.5,0.3930572660117323,0.04291377043587859
6230,6.5,0.38236486679431564,0.03931727267585314
6231,6.5,0.30116764415474523,0.03534687565399279
6232,6.5,0.3700532019558982,0.04063233878486082
6233,6.5,0.39407896064372355,0.04156748932119627
6234,6.5,0.3749365574545414,0.03864858055591468
6235,6.5,0.4566086786007431,0.043988650866247626
6236,6.5,0.365037816900761,0.04144720094457972
6237,6.5,0.341647859560214,0.03572875204061974
6238,6.5,0.31156823424072166,0.036529809450795876
6239,6.5,0.3755862217649236,0.043735668684363675
6240,6.5,0.20842427780409462,0.02438670381614592
6241,6.5,0.22750183552058525,0.029209514263354167
6242,6.5,0.2688074184889728,0.028275084705114244
6243,6.5,0.27130495133193205,0.026738288871441918
6244,6.5,0.4641287000944036,0.046229190456156026
6245,6.5,0.3160712492555226,0.03696862814697601
6246,6.5,0.2117321251951526,0.024124213667328576
6247,6.5,0.20848301865018692,0.02379204326588351
6248,6.5,0.20805902552329633,0.027065174238555985
6249,6.5,0.20806695035060185,0.021536292912110802
6250,6.5,0.40120075842224745,0.04195868645727728
6251,6.5,0.3974312899035637,0.040782308481391395
6252,6.5,0.40871882398755005,0.039691268472793854
6253,6.5,0.33364866225314155,0.03586641522238113
6254,6.5,0.4138304257927556,0.040648193662414824
6255,6.5,0.407019358004046,0.03999278114091497
6256,6.5,0.4179204598468248,0.041377054003211705
6257,6.5,0.40584063845604323,0.04034052737266194
6258,6.5,0.39806133529615106,0.042038386804278176
6259,6.5,0.411629481845732,0.04038121306326605
6260,6.5,0.2831267821846569,0.028225386721018517
6261,6.5,0.365807515984115,0.03899492161437636
6262,6.5,0.28337374512121716,0.03131574083615374
6263,6.5,0.29844749809117976,0.030223718391399416
6264,6.5,0.2510148652652671,0.01846051951392771
6265,6.5,0.25128881154273086,0.020417550011451024
6266,6.5,0.25140407241041657,0.021167449118129573
6267,6.5,0.23436799218847562,0.022952473246111375
6268,6.5,0.26736541036072187,0.024647556236051794
6269,6.5,0.32334386294181167,0.03320551488235958
6270,6.5,0.27918837964639986,0.027236537838071874
6271,6.5,0.4596430937416803,0.0438532061049549
6272,6.5,0.29750711074187,0.025839226065465386
6273,6.5,0.25370707669492654,0.019150496554407617
6274,6.5,0.48504376032697494,0.045451147269213565
6275,6.5,0.3638623536659372,0.04173675930798778
6276,6.5,0.36056638623353576,0.03815529270299498
6277,6.5,0.27624153486928316,0.025030654964679253
6278,6.5,0.41713613593290205,0.03988407710850646
6279,6.5,0.280654298330346,0.02403933790169913
6280,6.5,0.3399401642737163,0.04206970676458492
6281,6.5,0.18122524234214824,0.026003658890020532
6282,6.5,0.4228066496689331,0.043679801692411105
6283,6.5,0.31918414138408613,0.03540103224201395
6284,6.5,0.4304363174510398,0.044375823986655176
6285,6.5,0.2820022752327669,0.030785427616058875
6286,6.5,0.49062786657749147,0.04965516391525008
6287,6.5,0.20734918751557607,0.02909962876542503
6288,6.5,0.1813653948174078,0.028174971880824393
6289,6.5,0.30322637549360215,0.03476150222735448
6290,6.5,0.44267540597970756,0.04205499574574327
6291,6.5,0.41474687355370815,0.03651989018611171
6292,6.5,0.30153669518021536,0.02812025763794005
6293,6.5,0.39205510600517035,0.040489072579765084
6294,6.5,0.33667220473940784,0.03781116893650033
6295,6.5,0.3590348823109989,0.0426080410849075
6296,6.5,0.4783273260223847,0.050888141279661285
6297,6.5,0.3503634389596175,0.037039072224847515
6298,6.5,0.47179443121932135,0.04422591352048362
6299,6.5,0.5204985163893026,0.045266106273404175
6300,6.5,0.27455377721399127,0.030753247713574405
6301,6.5,0.4192775412895779,0.048283339906666015
6302,6.5,0.36202267515471737,0.04347575701044997
6303,6.5,0.43045619207442704,0.04578110698684579
6304,6.5,0.42082110488034996,0.047632900753052806
6305,6.5,0.2648493765629869,0.03699712243400519
6306,6.5,0.395456644753027,0.04309002403245908
6307,6.5,0.2333134582860579,0.03227227801579319
6308,6.5,0.40549746656851393,0.041651405661418804
6309,6.5,0.36896944396424863,0.04155059993734753
6310,6.5,0.18970148854347027,0.022370945425627065
6311,6.5,0.4808250664798322,0.05111376313872444
6312,6.5,0.4865065404372551,0.0527993276933222
6313,6.5,0.4996278895772071,0.04935506336987461
6314,6.5,0.49898380908038703,0.05114528957186119
6315,6.5,0.21634962314011186,0.03146241668670207
6316,6.5,0.19053341630403528,0.0216683435505661
6317,6.5,0.39633649077590904,0.04613490002709658
6318,6.5,0.1497394541790733,0.020505528137664725
6319,6.5,0.4815017241345559,0.051187492874622265
6320,6.5,0.41828995231944,0.046679638999021555
6321,6.5,0.37922837087251854,0.04701594539789825
6322,6.5,0.336140015233264,0.04317487650155742
6323,6.5,0.44024325329862735,0.050709220876083816
6324,6.5,0.36119751844673,0.042442825901724476
6325,6.5,0.46148035583941643,0.051681820583068076
6326,6.5,0.22096270254109443,0.03545607273487347
6327,6.5,0.3161130053836027,0.03759367226115349
6328,6.5,0.3002791001447605,0.043497638620765985
6329,6.5,0.17696781454031615,0.028353378477411276
6330,6.5,0.2929686459892747,0.035633142940093454
6331,6.5,0.2023549071727766,0.0227880126199869
6332,6.5,0.3221301265330066,0.04425932427301911
6333,6.5,0.25086595388390315,0.02507255399167133
6334,6.5,0.2506355495321929,0.027040584517523756
6335,6.5,0.36123513642343597,0.03515846685438718
6336,6.5,0.2404019649009267,0.029761679463030204
6337,6.5,0.25074961450663086,0.02828659224269414
6338,6.5,0.33588505188489115,0.03924272130425335
6339,6.5,0.32106136602398966,0.04229362404976348
6340,6.5,0.219800779724811,0.03154186553181791
6341,6.5,0.2707669926246022,0.03895950678589608
6342,6.5,0.28090911135941204,0.04117723182850001
6343,6.5,0.3539493702241109,0.0434077868915414
6344,6.5,0.21621370102571763,0.030049938227604784
6345,6.5,0.24868595287016182,0.037168867520426876
6346,6.5,0.46102185847190336,0.050105051239161195
6347,6.5,0.35055179921861235,0.038726341494989665
6348,6.5,0.2199890180536154,0.030207285095930566
6349,6.5,0.24850076834806997,0.03840543656533302
6350,6.5,0.2828246982483398,0.0247813002638575
6351,6.5,0.2529979381317827,0.02384143204591549
6352,6.5,0.24423513359258164,0.02612769100476467
6353,6.5,0.2851482165622865,0.025529519208587245
6354,6.5,0.3380682179586715,0.032741171987942665
6355,6.5,0.2839840946738907,0.02728152159930786
6356,6.5,0.28192538167899983,0.02262190668025849
6357,6.5,0.28374717032671687,0.02534378185089285
6358,6.5,0.2749582037493786,0.023792191103469945
6359,6.5,0.3218850039417136,0.033708440245560314
6360,6.5,0.3332444071291667,0.032328435279773415
6361,6.5,0.30141014796433113,0.0291119221650641
6362,6.5,0.30667139656037873,0.027669683062012198
6363,6.5,0.30410315250066694,0.0258122839084973
6364,6.5,0.3049157923006042,0.02386305521466246
6365,6.5,0.185473419721023,0.018328299782266144
6366,6.5,0.2973757637786597,0.027667707169387806
6367,6.5,0.33287182574818736,0.026676205672410885
6368,6.5,0.18513917287788736,0.019216117192289883
6369,6.5,0.3012221593755072,0.025585005756590253
6370,6.5,0.30096652127507295,0.024136164345528868
6371,6.5,0.3446727288008118,0.031999975933137054
6372,6.5,0.27623980665497727,0.028164006927297328
6373,6.5,0.3455832219386209,0.032187538435517506
6374,6.5,0.2680279833355581,0.027825424677518824
6375,6.5,0.3518225506496435,0.0323668611949277
6376,6.5,0.3903248523949121,0.03260377702584299
6377,6.5,0.24766967138392015,0.02630059047814925
6378,6.5,0.3324548778545809,0.030636743528943838
6379,6.5,0.3014162385807043,0.02706639705733663
6380,6.5,0.28517013416036724,0.026104778983054782
6381,6.5,0.3325988773671563,0.02655381654869823
6382,6.5,0.3331959676845455,0.026474537390329907
6383,6.5,0.28528314345794475,0.024110132145530285
6384,6.5,0.30434378677731805,0.026624227894208145
6385,6.5,0.293340613807323,0.024280125753821442
6386,6.5,0.39735974525750495,0.0321313929835808
6387,6.5,0.31522186351494574,0.030057134586946775
6388,6.5,0.2646075415720337,0.028659477546879024
6389,6.5,0.268130610320851,0.019280907990630543
6390,6.5,0.24513076771832107,0.021598401527894814
6391,6.5,0.24544234383914468,0.021299291072295858
6392,6.5,0.24559190073309048,0.022615837225057615
6393,6.5,0.24243979103443683,0.02086434362463791
6394,6.5,0.18653621159191974,0.020793089740780837
6395,6.5,0.24639413579313868,0.02467980874105951
6396,6.5,0.23298240898044142,0.023290664840241098
6397,6.5,0.1267912261954397,0.013252354733404241
6398,6.5,0.12689405120633648,0.01427596281058518
6399,6.5,0.12713048991228382,0.014976736065291561
6400,6.5,0.34797349054873994,0.037448041441735115
6401,6.5,0.39103431889048457,0.035680048442648826
6402,6.5,0.5094354420445568,0.03798172078967681
6403,6.5,0.4212770354079271,0.03977117381066471
6404,6.5,0.36992903803620103,0.03663156975229209
6405,6.5,0.5334816873472159,0.04423828607137833
6406,6.5,0.4678372577093379,0.0392411086075072
6407,6.5,0.4290708530396688,0.039735244941331925
6408,6.5,0.4459707584577123,0.037448956890270814
6409,6.5,0.4499917773081863,0.03835350986933774
6410,6.5,0.09696091659289036,0.014973210724538298
6411,6.5,0.14508650433111392,0.022634222101142108
6412,6.5,0.3000833157457377,0.03352277616596994
6413,6.5,0.38305867817402767,0.03506827107124799
6414,6.5,0.4408904122929609,0.03925172913644209
6415,6.5,0.09589479998714322,0.018438996820964
6416,6.5,0.09641355778572304,0.01975619926436972
6417,6.5,0.4337953401243595,0.04031328059185602
6418,6.5,0.35877477415028375,0.03991040554086259
6419,6.5,0.4020258572422382,0.03741440499570291
6420,6.5,0.27032682715776585,0.03258213298414344
6421,6.5,0.1770435564324701,0.019995732085450538
6422,6.5,0.13004520493169344,0.01706568285349448
6423,6.5,0.2909643158544614,0.032789334712159245
6424,6.5,0.17981412831718524,0.02265496152706006
6425,6.5,0.16981227572879867,0.01727277020812904
6426,6.5,0.17905334964755218,0.022537401949787355
6427,6.5,0.18006700467717815,0.023187414553332685
6428,6.5,0.13962377365453624,0.021495946188177028
6429,6.5,0.1922437772453637,0.022811998553647753
6430,6.5,0.27672833620986675,0.029116875971340547
6431,6.5,0.2666777863082091,0.02846331695443929
6432,6.5,0.27675521698037553,0.02890554380426535
6433,6.5,0.2350432574257031,0.023560293393919438
6434,6.5,0.3687163777533493,0.03313302505103703
6435,6.5,0.14796529090408936,0.01877009925881963
6436,6.5,0.23763085013907215,0.024829280375257067
6437,6.5,0.41752171602451565,0.03830219351841278
6438,6.5,0.27654419292011834,0.028475731146638133
6439,6.5,0.23791445328375685,0.027434517365615762
6440,6.5,0.3646424376136811,0.035667500415327104
6441,6.5,0.2341172058340141,0.027599735708574727
6442,6.5,0.3325337210023383,0.03296679082835036
6443,6.5,0.23926091587024684,0.02754996691535156
6444,6.5,0.34598120987881337,0.03164396171774145
6445,6.5,0.3686340057276725,0.03579982811464974
6446,6.5,0.26774487606647795,0.030841584852506366
6447,6.5,0.38394729888084717,0.03593180452164785
6448,6.5,0.3703737809312644,0.03846577638277096
6449,6.5,0.3814344794776753,0.036648515032618664
6450,6.5,0.3343961516988941,0.035021217754128746
6451,6.5,0.17236536182505527,0.016410125810355388
6452,6.5,0.17241107048551887,0.01431871759542034
6453,6.5,0.17138613691390914,0.014296622481613647
6454,6.5,0.1723549779202163,0.013255133652740388
6455,6.5,0.1712425925375485,0.016298691355600196
6456,6.5,0.17131114996600683,0.013488167211196011
6457,6.5,0.1724172977773265,0.015203795928910033
6458,6.5,0.17136531433251923,0.015614096240658725
6459,6.5,0.17171062020290995,0.017831012723882905
6460,6.5,0.18015055814929368,0.02314425912375435
6461,6.5,0.3232187961917858,0.03292628133399403
6462,6.5,0.2593825799726612,0.02994610661089051
6463,6.5,0.2320717659421267,0.02625200188597041
6464,6.5,0.29669056787952075,0.030778591965950546
6465,6.5,0.3577363344798677,0.03486192516114927
6466,6.5,0.2596812514369391,0.033437070224377634
6467,6.5,0.2551813763317029,0.02841126194173962
6468,6.5,0.3120377083584383,0.031867293970903224
6469,6.5,0.39130522293532655,0.03727924521358576
6470,6.5,0.2729500675763709,0.02862499148406269
6471,6.5,0.35758346184110956,0.035948502203064905
6472,6.5,0.32846302394321564,0.034125201865457935
6473,6.5,0.17399453312269128,0.020244245901204216
6474,6.5,0.17360142291320244,0.019001442113330918
6475,6.5,0.322520031553478,0.03288053355892131
6476,6.5,0.38850712922839864,0.03802815990282951
6477,6.5,0.2739822795251241,0.027699264468794293
6478,6.5,0.27042103612407276,0.029803344714501342
6479,6.5,0.2944901604234647,0.02933836184073359
6480,6.5,0.2707105647301397,0.02701205324441232
6481,6.5,0.1694397313808756,0.01974657492001416
6482,6.5,0.2791145999225763,0.03129985753233304
6483,6.5,0.1673927132996671,0.019801267592164322
6484,6.5,0.2754553133094846,0.028171954472321275
6485,6.5,0.29147863418781134,0.033704509948508744
6486,6.5,0.21712582888757276,0.024770794922862237
6487,6.5,0.2298823779853872,0.023417104574421175
6488,6.5,0.3077973664040367,0.030581315008477033
6489,6.5,0.17783760791227932,0.01976534714238299
6490,6.5,0.30289245558389993,0.030279703517045464
6491,6.5,0.4050379576956555,0.037185095526493274
6492,6.5,0.33939358027212463,0.03328885823867172
6493,6.5,0.30222068315563033,0.02929328088167295
6494,6.5,0.3452386295046593,0.031751458670460364
6495,6.5,0.3447407523381491,0.03271600717052533
6496,6.5,0.27177963530490795,0.025909722882133352
6497,6.5,0.30203961776041843,0.02796905217703608
6498,6.5,0.3030606317110848,0.02974814633508378
6499,6.5,0.3355459314531381,0.031597852618679534
6500,7.0,0.44940770191272233,0.04913064502729058
6501,7.0,0.1615404137403737,0.022939097526921023
6502,7.0,0.4187767016269707,0.05171560302734016
6503,7.0,0.4513869200889158,0.05290111133631022
6504,7.0,0.393733266035112,0.046958758728433324
6505,7.0,0.47077541674231027,0.05128850583664907
6506,7.0,0.16169322776208667,0.022873210778922657
6507,7.0,0.4952283643644476,0.05809479671160588
6508,7.0,0.472722176615642,0.0589954219946962
6509,7.0,0.37835206185768394,0.04682122520918281
6510,7.0,0.5016893428001232,0.05929794057824834
6511,7.0,0.5032243065920434,0.055387935820100764
6512,7.0,0.43775864947864085,0.05471261183447303
6513,7.0,0.3716858781137433,0.047853384442744853
6514,7.0,0.41586130684727424,0.051206062946029876
6515,7.0,0.44781438577264376,0.051276625313738604
6516,7.0,0.44049859609780284,0.052839130055642676
6517,7.0,0.49457086788442667,0.053995344233511204
6518,7.0,0.31445934873744746,0.04290372706349919
6519,7.0,0.5135424857213485,0.05848563241349679
6520,7.0,0.5152500849453636,0.06332068121008434
6521,7.0,0.3940412308188008,0.05136318086473359
6522,7.0,0.4582235704651201,0.05235965209660085
6523,7.0,0.47983333143014706,0.05545370666132803
6524,7.0,0.4696223609708424,0.054447294040989816
6525,7.0,0.4862756374930428,0.056552561990086486
6526,7.0,0.5127712225896135,0.0563029644567104
6527,7.0,0.4980767122163232,0.05799599662460315
6528,7.0,0.5127923146617287,0.05681185652367613
6529,7.0,0.5492572084795251,0.05901929256415204
6530,7.0,0.2791417880365872,0.044042916238683644
6531,7.0,0.2785964792805184,0.04071485202118883
6532,7.0,0.1279179136129764,0.0212706845105286
6533,7.0,0.38616956687784915,0.04576702396974932
6534,7.0,0.1280554199356779,0.021801447669422273
6535,7.0,0.31466444900341933,0.041126346008673806
6536,7.0,0.19762793434683787,0.023819292354673578
6537,7.0,0.12795908759695535,0.025100768812566756
6538,7.0,0.24144155008319143,0.03603411996289552
6539,7.0,0.20037081498624013,0.02914365485044035
6540,7.0,0.4507941950823033,0.054610766247834716
6541,7.0,0.514188852642568,0.059285877856896194
6542,7.0,0.4121343955566906,0.05390823851876775
6543,7.0,0.5119221244291514,0.0627122284205193
6544,7.0,0.5239298765288984,0.058597598562769845
6545,7.0,0.48744233312864754,0.06007737290435962
6546,7.0,0.5051842553068614,0.05683880255478239
6547,7.0,0.465805275375487,0.05681167518834224
6548,7.0,0.4522147473995964,0.05600245226721895
6549,7.0,0.461898801845403,0.05458592657631527
6550,7.0,0.3030222271300326,0.030786819964219676
6551,7.0,0.3018286814356191,0.03394623474742186
6552,7.0,0.2978221562519845,0.03239116991489128
6553,7.0,0.3061964098545847,0.03301198131385086
6554,7.0,0.24091895529518786,0.023465307301953682
6555,7.0,0.31392193438944527,0.03368882300272674
6556,7.0,0.31534079223446176,0.03692979104576949
6557,7.0,0.3628455121563183,0.031466646604002245
6558,7.0,0.29712243227458673,0.034851738862710674
6559,7.0,0.3002980532209779,0.03127389732860242
6560,7.0,0.2861682511769024,0.031717270986555066
6561,7.0,0.4717307443962851,0.0450905136308176
6562,7.0,0.4272214439883703,0.04231486962028755
6563,7.0,0.24773770014189997,0.028550731412199756
6564,7.0,0.35997746690355353,0.038059948769165686
6565,7.0,0.341322648962508,0.039033350643405275
6566,7.0,0.27550294669140596,0.030344923891469696
6567,7.0,0.24792185773119887,0.026496140897354237
6568,7.0,0.440597294385745,0.045815637703394585
6569,7.0,0.28448249377966084,0.033560652956866915
6570,7.0,0.43368036041779423,0.03943727348639679
6571,7.0,0.3947340655412966,0.03894629859159883
6572,7.0,0.2637233136894438,0.02710755726694817
6573,7.0,0.3871663270062916,0.037698937933192435
6574,7.0,0.3810556871038891,0.035182675933086
6575,7.0,0.5177982054760063,0.042460132904451796
6576,7.0,0.39706891993642546,0.041697066979784356
6577,7.0,0.3058104262560055,0.032727316361219096
6578,7.0,0.309094595421785,0.03373003809315539
6579,7.0,0.3079898176943855,0.035137470545635416
6580,7.0,0.4564172609021969,0.04157681009522573
6581,7.0,0.4176566236150151,0.04023327533347198
6582,7.0,0.40298282620594245,0.04028542509775617
6583,7.0,0.45645019846531854,0.04288431788892717
6584,7.0,0.3902431410704198,0.04207648863530288
6585,7.0,0.45281190153272277,0.04349463766074865
6586,7.0,0.39709851396597273,0.038725331450810425
6587,7.0,0.4787144636576895,0.0432493491100269
6588,7.0,0.35628159090526357,0.04038232567753286
6589,7.0,0.43840644081162045,0.04261074260969589
6590,7.0,0.3221381634600081,0.03237464266977175
6591,7.0,0.2990671842990348,0.029744497246394684
6592,7.0,0.34833128044563216,0.03725497152604708
6593,7.0,0.33048300006316106,0.034787281280444955
6594,7.0,0.29769068130201376,0.03098523926487912
6595,7.0,0.3719008885791891,0.03305390814302739
6596,7.0,0.350804330495481,0.03749399358465214
6597,7.0,0.3467026521162415,0.03174169992195682
6598,7.0,0.4433592892685844,0.040147068884449626
6599,7.0,0.3457299259567456,0.03478529745586093
6600,7.0,0.252144285380288,0.02443952687626683
6601,7.0,0.2531583852611782,0.027127172121468916
6602,7.0,0.3274393813210457,0.033243288073139185
6603,7.0,0.38323835893726665,0.03568959866035363
6604,7.0,0.2534115258977264,0.025136848603440388
6605,7.0,0.29563219356399384,0.03164642085562492
6606,7.0,0.3217128543897834,0.03021245230722316
6607,7.0,0.3383441113835772,0.035271605993206355
6608,7.0,0.30342867935098805,0.028959986100294485
6609,7.0,0.2526473319349846,0.026039856219685326
6610,7.0,0.29073157267376626,0.02677378291313782
6611,7.0,0.30106264476299327,0.030998772252797187
6612,7.0,0.2831849233707216,0.02108940911825892
6613,7.0,0.37181247355525454,0.029594240862401477
6614,7.0,0.26124780742924747,0.024890919250577268
6615,7.0,0.29536786985837327,0.02586480876327427
6616,7.0,0.3304050793751348,0.03133102975401302
6617,7.0,0.28283641708559154,0.023743088316526842
6618,7.0,0.2885933270614583,0.022840358405210204
6619,7.0,0.28814996918366537,0.027540281067183172
6620,7.0,0.3813965185098046,0.036312077866707794
6621,7.0,0.36568827512109897,0.03709057254359226
6622,7.0,0.34744614606770025,0.03326952364048979
6623,7.0,0.34343609364556676,0.035626098892537414
6624,7.0,0.4570319415069079,0.042263613758230754
6625,7.0,0.43696997096887313,0.04149570999441575
6626,7.0,0.33387299458777303,0.03249455158108381
6627,7.0,0.3299563867663273,0.03333502416768718
6628,7.0,0.2321300670673089,0.0234607718151549
6629,7.0,0.302296039371628,0.028295898745066446
6630,7.0,0.35539692445360344,0.03709203382568184
6631,7.0,0.34992726722437323,0.0342854831567234
6632,7.0,0.309236987236621,0.03351092774039096
6633,7.0,0.2625974656486947,0.026288935697816568
6634,7.0,0.3378630655543231,0.03184294408029422
6635,7.0,0.3440161875313398,0.0329703289925763
6636,7.0,0.3247529307995964,0.03401368273104551
6637,7.0,0.31051529479406037,0.02938483158897405
6638,7.0,0.23651255979494118,0.022679947996514765
6639,7.0,0.3119362990424463,0.029666982459916405
6640,7.0,0.25097781136756886,0.027153783385135757
6641,7.0,0.2508715636070165,0.025929447965919592
6642,7.0,0.24952114780734413,0.026553947398715107
6643,7.0,0.2525327174293626,0.026543106417424182
6644,7.0,0.3697789807848809,0.03718381780115801
6645,7.0,0.2519917825775323,0.02770918040807375
6646,7.0,0.2520984030583807,0.02313160365366295
6647,7.0,0.28156714518697873,0.030172113639206462
6648,7.0,0.25280740811183117,0.02914874475272332
6649,7.0,0.2507569351074846,0.02684635843711111
6650,7.0,0.4790779843686823,0.05043148723795973
6651,7.0,0.2624207887620352,0.03439919049194488
6652,7.0,0.422833457043712,0.04994350236489365
6653,7.0,0.4762123319339808,0.04623826486980288
6654,7.0,0.3940247591188315,0.045420013225355035
6655,7.0,0.4273622211745762,0.04703954382222588
6656,7.0,0.2949177236090988,0.03392776913738444
6657,7.0,0.3342947478974788,0.042393568935931845
6658,7.0,0.4684086757318579,0.046554890596148826
6659,7.0,0.3168936717675827,0.03541932385317463
6660,7.0,0.24884611677551569,0.02369184543466826
6661,7.0,0.30081409469124465,0.03411485809384222
6662,7.0,0.2643420999000777,0.02893967928556592
6663,7.0,0.29856383451528123,0.0330982340879896
6664,7.0,0.2652316973625994,0.028612071484372066
6665,7.0,0.2873917123341033,0.0377931935109293
6666,7.0,0.24844785406537392,0.025518052503582418
6667,7.0,0.2935059350854019,0.03018493894657614
6668,7.0,0.29826905189775754,0.03150633694147932
6669,7.0,0.33049509779330866,0.030605225166913056
6670,7.0,0.2722353977641163,0.03562521153251077
6671,7.0,0.39081599746218576,0.04822222788348442
6672,7.0,0.4139519934625787,0.04586894439024671
6673,7.0,0.4337555238231859,0.04389590764975701
6674,7.0,0.4295252992584397,0.04667193340253403
6675,7.0,0.2718307472588025,0.029503290452351186
6676,7.0,0.46657000240811813,0.04899065223103953
6677,7.0,0.49478775197979036,0.046019357427174515
6678,7.0,0.3881261530633883,0.04225107257529713
6679,7.0,0.4127111333181074,0.045072537260630555
6680,7.0,0.20273748331459268,0.016123464294078294
6681,7.0,0.20315472871206952,0.01782491849510898
6682,7.0,0.20308410146311903,0.016016173074200928
6683,7.0,0.16951888759841588,0.018877945601547607
6684,7.0,0.20288085107301268,0.017791631526776368
6685,7.0,0.20337647992839583,0.014401273059372194
6686,7.0,0.2221339453112198,0.02012140238396742
6687,7.0,0.20322321676831262,0.019972525881737035
6688,7.0,0.20279209538197457,0.01654044119914266
6689,7.0,0.20295734704813487,0.01674106867685093
6690,7.0,0.3221103480583062,0.03951275237046575
6691,7.0,0.12714164169607714,0.0193441737703011
6692,7.0,0.43419057505314734,0.04434022086879838
6693,7.0,0.16436425013918227,0.024351535954851098
6694,7.0,0.38406119538029854,0.04381608975461163
6695,7.0,0.21179505757533124,0.030722584340872026
6696,7.0,0.1649062864567456,0.022911938682600188
6697,7.0,0.16558845643666417,0.02384013789165519
6698,7.0,0.16458990103392904,0.023803391249326542
6699,7.0,0.26932791159735014,0.03538498034138422
6700,7.0,0.09512711808056647,0.015780656236568227
6701,7.0,0.09116895220950266,0.018606407220244297
6702,7.0,0.09566570468616871,0.018206338311042642
6703,7.0,0.09524318251352452,0.016878241203267016
6704,7.0,0.09514710806054315,0.01774550865742818
6705,7.0,0.09521896714398395,0.014825305134561798
6706,7.0,0.09541059631596467,0.015050451579339166
6707,7.0,0.0954509033728238,0.015293007824630995
6708,7.0,0.09510849174926489,0.015257699220115318
6709,7.0,0.0957179524347705,0.01730436317791693
6710,7.0,0.4055639456603469,0.046817516214707935
6711,7.0,0.12217396504230393,0.01945862271904474
6712,7.0,0.1192078572544317,0.02182201479485729
6713,7.0,0.1160611373715234,0.019020434333618566
6714,7.0,0.39456250150715405,0.045366726241303196
6715,7.0,0.11844233908887447,0.01754366895157981
6716,7.0,0.2867004558434694,0.03724155874933636
6717,7.0,0.11941114113424312,0.0201117556637188
6718,7.0,0.11653605796127153,0.015470336987793484
6719,7.0,0.12123466498879792,0.019934640147867288
6720,7.0,0.2790258913189757,0.03232938777763714
6721,7.0,0.378935379618272,0.037565922250300386
6722,7.0,0.20552494103574676,0.024564142296563205
6723,7.0,0.44106431254547857,0.04565660542271796
6724,7.0,0.3727680673142467,0.03922710736272908
6725,7.0,0.25572455879360845,0.03380519405883105
6726,7.0,0.25484741661558113,0.0271768588285718
6727,7.0,0.23050632567204296,0.029141962676543277
6728,7.0,0.3013088398480257,0.030802667631655074
6729,7.0,0.38771868170766954,0.04599449371206407
6730,7.0,0.37994392769594687,0.04060063567536431
6731,7.0,0.2989664305532165,0.033702916723442784
6732,7.0,0.3716717951424573,0.04079274297959937
6733,7.0,0.3955038623083244,0.040411558016613995
6734,7.0,0.3699778288964094,0.03890637718886335
6735,7.0,0.460930052029102,0.04624384663005068
6736,7.0,0.38851984857546307,0.04118092955942329
6737,7.0,0.3384108530090732,0.03723408125204527
6738,7.0,0.3092019704576603,0.035957442438242795
6739,7.0,0.3737659956353472,0.04281303791353041
6740,7.0,0.20778646417724692,0.02552650688199313
6741,7.0,0.22700780371018248,0.026501763233711072
6742,7.0,0.26688067111751546,0.02667689502344334
6743,7.0,0.2698514981879958,0.027122722639089502
6744,7.0,0.45865465571692937,0.04658565487324448
6745,7.0,0.3143714585782624,0.03469980431741085
6746,7.0,0.21148870606232395,0.025950063038586116
6747,7.0,0.2070304154574751,0.02140877056181198
6748,7.0,0.2073749569019574,0.02477996414968141
6749,7.0,0.20705846667560854,0.02532493088513945
6750,7.0,0.39984291968427105,0.03706190774984222
6751,7.0,0.3959995476537189,0.03679232916188927
6752,7.0,0.40715945568777795,0.04064844695514827
6753,7.0,0.3308345593811557,0.03814281249841067
6754,7.0,0.41203598500530414,0.04080159988821212
6755,7.0,0.4053649542840037,0.04041511508962171
6756,7.0,0.4532636331390884,0.04732883891630348
6757,7.0,0.40389671795303556,0.0382741437312624
6758,7.0,0.39660965807379245,0.03788308305090439
6759,7.0,0.4103651761963726,0.042069318126673874
6760,7.0,0.28070882288217014,0.02877285951045261
6761,7.0,0.36250591171798296,0.04013627189502336
6762,7.0,0.28232157065495905,0.029667631655179747
6763,7.0,0.2977497850543973,0.03056384152769772
6764,7.0,0.2497433847198734,0.02277659721507158
6765,7.0,0.25021415590715984,0.021250493276192762
6766,7.0,0.25003686785384566,0.022091807765244765
6767,7.0,0.23253781098716722,0.024085644850709183
6768,7.0,0.26620988816814634,0.027145206550906086
6769,7.0,0.3203854185950446,0.032842736212000616
6770,7.0,0.2797014596814944,0.022693127366802568
6771,7.0,0.45998232180574466,0.04357944485645892
6772,7.0,0.308616102879486,0.03201640371771355
6773,7.0,0.2592444529930404,0.022025618987531737
6774,7.0,0.4821485937668076,0.04310134228824229
6775,7.0,0.3707008349010899,0.039120605982822625
6776,7.0,0.3570358012069581,0.038824069883753747
6777,7.0,0.27470270446933226,0.025442441691982502
6778,7.0,0.4245752031638949,0.03840178573336577
6779,7.0,0.27995190327875163,0.023531984892782246
6780,7.0,0.3929723950989942,0.0440678717813146
6781,7.0,0.1795420975887266,0.027025248194716668
6782,7.0,0.4177141961143987,0.04257751929914972
6783,7.0,0.3183402093558284,0.0344456882237282
6784,7.0,0.4287230011675914,0.04500414062659624
6785,7.0,0.2792734349745762,0.03411820533967037
6786,7.0,0.496130807324523,0.05293915804661182
6787,7.0,0.20546805036176252,0.027843837942390686
6788,7.0,0.17957419310078324,0.026895875785582852
6789,7.0,0.3004147084551447,0.032762004463215366
6790,7.0,0.4389261549368477,0.04085264992170717
6791,7.0,0.4133999680017656,0.03816717021733015
6792,7.0,0.3001655954442659,0.030270389075391254
6793,7.0,0.38729855073493547,0.040181943452104435
6794,7.0,0.33453849117125556,0.03557451755983668
6795,7.0,0.40634794556888953,0.04302813302827288
6796,7.0,0.4721916125031946,0.046908117981102705
6797,7.0,0.34687349381139465,0.03634111692491475
6798,7.0,0.46655676505036453,0.041953909224713176
6799,7.0,0.5155191243987292,0.04663793433123901
6800,7.0,0.2732008792721259,0.031679396268038715
6801,7.0,0.42100539152147154,0.04514045914174092
6802,7.0,0.36153297099870324,0.04345461588646795
6803,7.0,0.4264173964057395,0.048229678098480944
6804,7.0,0.4246056411870932,0.04874056062324155
6805,7.0,0.26317419182786433,0.03665088676117843
6806,7.0,0.3906924072329782,0.044669479441391303
6807,7.0,0.23184897210861494,0.03012551675063477
6808,7.0,0.4007399783371993,0.04157224418500681
6809,7.0,0.3664341163094651,0.045472283594193065
6810,7.0,0.188438621934889,0.026616746314457238
6811,7.0,0.48722347681061823,0.05202350615413339
6812,7.0,0.48316478301996585,0.05241831074428633
6813,7.0,0.49028707537969995,0.051831996707922004
6814,7.0,0.49416091093895376,0.053011920293418856
6815,7.0,0.21512339209072426,0.030947449110910377
6816,7.0,0.1895010219327666,0.022364352709742033
6817,7.0,0.39342370827945644,0.04598617044882489
6818,7.0,0.1488773783363135,0.019783859990868582
6819,7.0,0.4869301427102489,0.05080479458195424
6820,7.0,0.4123844269013743,0.05086089025486837
6821,7.0,0.37564245363375004,0.049813873860194535
6822,7.0,0.33820892725376717,0.0398280231256891
6823,7.0,0.43651696627334624,0.05033713681795595
6824,7.0,0.3565959310997504,0.04524955319334568
6825,7.0,0.4647299257875838,0.0524656539958611
6826,7.0,0.21890062762823975,0.03312686073575961
6827,7.0,0.31400575552661975,0.0380489831956083
6828,7.0,0.29729518310777,0.042459360409666
6829,7.0,0.1765699222652571,0.027997540952923176
6830,7.0,0.2906942149473481,0.03971461355316512
6831,7.0,0.20142449596590442,0.025574926762514563
6832,7.0,0.325172248700699,0.043186917540478834
6833,7.0,0.2499911581475876,0.026836418933241072
6834,7.0,0.2494789144939519,0.027413183106544302
6835,7.0,0.3580272268867557,0.03826799784160715
6836,7.0,0.23924035305401617,0.031200098962213058
6837,7.0,0.24980459656109405,0.02626496573022115
6838,7.0,0.3324492751832171,0.036878573151182065
6839,7.0,0.33513372578675915,0.04555017686199126
6840,7.0,0.21820861608777528,0.030642734804190164
6841,7.0,0.26843487563546614,0.03885103780511421
6842,7.0,0.2778191872831135,0.04073560505516023
6843,7.0,0.3506941143059237,0.04342320780873487
6844,7.0,0.2146356676856351,0.028839936337064723
6845,7.0,0.2464243319564555,0.03730829274737749
6846,7.0,0.46088470273490556,0.05394883719618694
6847,7.0,0.3454539024958361,0.041380717504241965
6848,7.0,0.21836867619239278,0.031423084237663906
6849,7.0,0.24620264420187493,0.03613436751040031
6850,7.0,0.2752570426619844,0.024020863362232484
6851,7.0,0.2514513357831394,0.02304100962795351
6852,7.0,0.24311528652924644,0.02543293045213008
6853,7.0,0.28384494709247077,0.025184030932588364
6854,7.0,0.33906410071623705,0.03119621479600773
6855,7.0,0.2825815044398946,0.025190551927038677
6856,7.0,0.2807506793680013,0.025596462555409875
6857,7.0,0.2822702314442914,0.02557353220532243
6858,7.0,0.27363539656975067,0.02437259628194324
6859,7.0,0.32217084803365337,0.03478045854129401
6860,7.0,0.33201078826416425,0.0317475355771785
6861,7.0,0.3275397856332199,0.028612844828634066
6862,7.0,0.30576776680424533,0.027606291574766254
6863,7.0,0.3038816377288546,0.02841737503893205
6864,7.0,0.30369520498988034,0.023877778055773395
6865,7.0,0.1847167651335478,0.017227086240091907
6866,7.0,0.2960686776871706,0.029839814798964633
6867,7.0,0.3310059633508913,0.029136247924264374
6868,7.0,0.18442505947482887,0.017211664352253932
6869,7.0,0.30020652349825944,0.028409269327146873
6870,7.0,0.29956585637215266,0.027412660469346484
6871,7.0,0.3429738892747235,0.02985180516496105
6872,7.0,0.27398713542865555,0.027414003617731518
6873,7.0,0.3434771058406499,0.031301418163406515
6874,7.0,0.2658043562235885,0.029211259727511596
6875,7.0,0.34978993207118597,0.03095805495595821
6876,7.0,0.3889498627101859,0.034035986964338606
6877,7.0,0.24563890777660524,0.02424107202185772
6878,7.0,0.3302164661928987,0.030768647167205204
6879,7.0,0.2998332446938528,0.023624262898082813
6880,7.0,0.2834266538602837,0.024995144750858893
6881,7.0,0.3322948761028668,0.027106160357291575
6882,7.0,0.3319417049168265,0.02442906263369333
6883,7.0,0.2834367813253286,0.02461005083889728
6884,7.0,0.3030686324381642,0.026272053781569448
6885,7.0,0.2922144928877133,0.027377111620169148
6886,7.0,0.39293386416423565,0.032473073790754314
6887,7.0,0.3183864336960592,0.02976875096020266
6888,7.0,0.2632461171381967,0.02728566381986999
6889,7.0,0.2668048590651968,0.02099666936985443
6890,7.0,0.24519002229262252,0.022312403803811276
6891,7.0,0.24517837770985662,0.021282972729582943
6892,7.0,0.24487672082672607,0.020094531478791353
6893,7.0,0.24294553269462466,0.021543608564812224
6894,7.0,0.19629987063325427,0.02199602900509789
6895,7.0,0.24563312633957232,0.021821025554636705
6896,7.0,0.23303603208200552,0.02200737126311883
6897,7.0,0.12592103242663205,0.014721648700846558
6898,7.0,0.19111862997118806,0.022362588842832157
6899,7.0,0.12654127754813677,0.016746729689492017
6900,7.0,0.34440540413128756,0.035412526606855434
6901,7.0,0.3864422516705276,0.036014306116514044
6902,7.0,0.5065048315286308,0.04278704198725205
6903,7.0,0.4156277006127754,0.03804946341852229
6904,7.0,0.3649203169078971,0.037978171090264565
6905,7.0,0.5297315252899114,0.04089008081057144
6906,7.0,0.4661069243677234,0.03678188692446639
6907,7.0,0.42553180208263114,0.04168761191050154
6908,7.0,0.4387748337836275,0.03815371590516216
6909,7.0,0.4468955305528687,0.03861708973956894
6910,7.0,0.09544738933983071,0.0176077125716686
6911,7.0,0.14346586443275317,0.024294055703023308
6912,7.0,0.29619291997119235,0.03275468228477881
6913,7.0,0.3783069223347877,0.03382157103154579
6914,7.0,0.46065933588137475,0.04128894376680761
6915,7.0,0.09449632140074513,0.01961731632321312
6916,7.0,0.09539585271573665,0.020876674832898578
6917,7.0,0.4442700089024182,0.03977524171527104
6918,7.0,0.37399898634598533,0.03864493897819922
6919,7.0,0.43786050350123534,0.03990649431295248
6920,7.0,0.2673210959926843,0.03311464170699764
6921,7.0,0.17611626501420213,0.01923630136371947
6922,7.0,0.12935577369133366,0.012559073665945941
6923,7.0,0.2887885634383723,0.033610382092430155
6924,7.0,0.17895006249706752,0.020842125638401737
6925,7.0,0.1688691167947522,0.021175333953570047
6926,7.0,0.17816538233818008,0.018587560383828663
6927,7.0,0.17894570458777065,0.02239857280394714
6928,7.0,0.24410037217357672,0.030622763906817112
6929,7.0,0.1902785224261306,0.023096544717519596
6930,7.0,0.2742395806584624,0.029521475325438386
6931,7.0,0.2645555451528595,0.023760593285310386
6932,7.0,0.27413317891305394,0.028022333275708296
6933,7.0,0.23352072856015876,0.026014572672781292
6934,7.0,0.3644980522523058,0.03785077219208095
6935,7.0,0.14649719456882865,0.023726082938714328
6936,7.0,0.23577048148189902,0.02339570843664406
6937,7.0,0.41166673418277194,0.039786482428652015
6938,7.0,0.2738211684726897,0.03102658496578724
6939,7.0,0.23577151354393608,0.025322419776229878
6940,7.0,0.3671927333920143,0.03476981507173974
6941,7.0,0.2312764248740833,0.028847135941175814
6942,7.0,0.33034112618953776,0.033999349673870666
6943,7.0,0.23975571400611712,0.02533074928018676
6944,7.0,0.3463147076478283,0.03408819996627893
6945,7.0,0.3633040043492991,0.032582523272668286
6946,7.0,0.2655570445455545,0.03166345671397437
6947,7.0,0.3830360524602602,0.036258776578265595
6948,7.0,0.36701007222791604,0.03638995349241995
6949,7.0,0.3765015735419126,0.035450658901657175
6950,7.0,0.33398392731554644,0.03250420487670988
6951,7.0,0.17160248069601516,0.015335280639626844
6952,7.0,0.17165343278671227,0.010840841232601994
6953,7.0,0.17088498989396425,0.014750253557930453
6954,7.0,0.1714901489235278,0.014584701388483974
6955,7.0,0.17048611964460578,0.0153226935625107
6956,7.0,0.17048096276766184,0.01400911218126924
6957,7.0,0.1716549392950092,0.014894338120640291
6958,7.0,0.1706732724184443,0.01725315344505703
6959,7.0,0.17079979339159432,0.014391914849537245
6960,7.0,0.17829267392717038,0.02284564236254286
6961,7.0,0.3195519897582239,0.03276121125379137
6962,7.0,0.2556253610497977,0.028516329298711077
6963,7.0,0.22994842840624927,0.028042540167877203
6964,7.0,0.292763174051051,0.03178695174160034
6965,7.0,0.36838801546583794,0.03558140957637614
6966,7.0,0.2569547752767768,0.030052733456551857
6967,7.0,0.25176581242193957,0.029827688426145995
6968,7.0,0.3100626544527496,0.03336879176466166
6969,7.0,0.3874039469882788,0.037711481102461954
6970,7.0,0.2738816836320956,0.028601423752467697
6971,7.0,0.3536464789903137,0.03499626821658222
6972,7.0,0.35717943369961336,0.039577270716301724
6973,7.0,0.17270831588411092,0.019292873553786467
6974,7.0,0.17256276628903902,0.01932374299385825
6975,7.0,0.31962935617376353,0.03401879387057024
6976,7.0,0.386850606889859,0.037321865011456325
6977,7.0,0.27106291058989024,0.025677464940902475
6978,7.0,0.27254532514485125,0.02644772315360188
6979,7.0,0.293606455367296,0.029509449210387204
6980,7.0,0.2693157287257307,0.029449626954799427
6981,7.0,0.16800909507595246,0.02045902545204874
6982,7.0,0.27649007619760013,0.03011303200767043
6983,7.0,0.16603190320254652,0.020278984280767
6984,7.0,0.2723150771505892,0.030029073465379134
6985,7.0,0.2894850379855274,0.031689752581506
6986,7.0,0.21510076860884328,0.024285161169283212
6987,7.0,0.22896116490280805,0.024380376351824416
6988,7.0,0.3054010051592775,0.028807520274114522
6989,7.0,0.17557318432611468,0.019885303304200967
6990,7.0,0.2999076052259769,0.029672244557032882
6991,7.0,0.40370209247818806,0.035141752660134515
6992,7.0,0.3368697623913491,0.03217148897030604
6993,7.0,0.29952824322102534,0.03338234927911013
6994,7.0,0.34269532513957723,0.03559408497740393
6995,7.0,0.34042773333205906,0.0299468178537647
6996,7.0,0.2699356710543563,0.02759440112340615
6997,7.0,0.2993252175755311,0.028780547963383803
6998,7.0,0.30014409983985907,0.032603373783874075
6999,7.0,0.3358374682029007,0.03242767322460651
7000,7.5,0.446211329948172,0.05100230031536401
7001,7.5,0.16022429498261093,0.023916766622681634
7002,7.5,0.4179550529018651,0.04932447334605406
7003,7.5,0.47782290487090573,0.05604794345099623
7004,7.5,0.43188081479061285,0.05089989081673353
7005,7.5,0.4708924474674109,0.05367705478847135
7006,7.5,0.16045882247777993,0.02210504736539255
7007,7.5,0.5105667272526834,0.05767950971358779
7008,7.5,0.5078630988276419,0.06191032664477848
7009,7.5,0.3982116063100997,0.048016860952151484
7010,7.5,0.49891827668987315,0.057663284630458236
7011,7.5,0.4950140201425189,0.054458698371384284
7012,7.5,0.43217028004518404,0.05192802941134933
7013,7.5,0.3703395720925572,0.049275502578154544
7014,7.5,0.4273112072985462,0.049016548218605314
7015,7.5,0.4428311761287411,0.052471364555755615
7016,7.5,0.43634435060724447,0.05113377022812841
7017,7.5,0.5016681804094087,0.05722616896603936
7018,7.5,0.3117322135591583,0.041788469631259886
7019,7.5,0.5249775938880806,0.05712419470726798
7020,7.5,0.5099972788634126,0.05897584014252574
7021,7.5,0.4137556200010444,0.054643946292753966
7022,7.5,0.4569870298044717,0.05509084821514571
7023,7.5,0.4784559205421423,0.05639864647437504
7024,7.5,0.4715178222804733,0.06028481623572388
7025,7.5,0.4767778069523965,0.05395146034526215
7026,7.5,0.521272136463419,0.058901992705474325
7027,7.5,0.5138926268916411,0.06180295855195474
7028,7.5,0.5091505882203694,0.05791362204541001
7029,7.5,0.5497644162017935,0.060600093421712325
7030,7.5,0.27787684966578313,0.03888768546231187
7031,7.5,0.27708473771878966,0.039156434232215306
7032,7.5,0.12707886997160042,0.02082244899473151
7033,7.5,0.38417678290567503,0.047230624001698536
7034,7.5,0.12702616896168617,0.022010389798005937
7035,7.5,0.3117374046066654,0.042388276224663866
7036,7.5,0.19774523606844385,0.02627537839689364
7037,7.5,0.12672196792846138,0.02131265074100559
7038,7.5,0.30391830450450186,0.04331364643506726
7039,7.5,0.1988520826539017,0.026197440335772634
7040,7.5,0.4501963678987398,0.05498585516585202
7041,7.5,0.5083298554820725,0.06112667010346777
7042,7.5,0.4483335532144927,0.05635888981543538
7043,7.5,0.5098958096085577,0.06272883094670591
7044,7.5,0.5301478114648815,0.061339984973220865
7045,7.5,0.4963720900992361,0.05765929363259307
7046,7.5,0.49967097878778277,0.05853668132415674
7047,7.5,0.4593723679039562,0.05703461487310167
7048,7.5,0.447356697528935,0.053793471816851623
7049,7.5,0.45575310154983223,0.05416901029762802
7050,7.5,0.3071485387989794,0.03208047408703837
7051,7.5,0.30019968648933026,0.03524008701483477
7052,7.5,0.2966838230134959,0.03312245204616681
7053,7.5,0.30464265067645957,0.033130252925182194
7054,7.5,0.2385607459049119,0.027175207527697042
7055,7.5,0.31536405560328573,0.03506608340054305
7056,7.5,0.3137314185468797,0.03682254979800759
7057,7.5,0.36081134191043995,0.03559352294168086
7058,7.5,0.2944660439981061,0.03457254172980487
7059,7.5,0.2983966274277815,0.03193778014029279
7060,7.5,0.28406792400567427,0.032600345037056805
7061,7.5,0.46991103759054675,0.04525573637302196
7062,7.5,0.41996707687608753,0.042040986916673496
7063,7.5,0.24615183157312276,0.024843784618421978
7064,7.5,0.3570129882201152,0.03351063802687821
7065,7.5,0.3380753981187649,0.037377246744412874
7066,7.5,0.27323021185092056,0.027120637967158877
7067,7.5,0.24633712589451442,0.027827070868530833
7068,7.5,0.4399858921874093,0.04658708941897245
7069,7.5,0.2825623647657327,0.028209964895027983
7070,7.5,0.43054463003848104,0.04078217184202485
7071,7.5,0.3911131366007872,0.03814117145646102
7072,7.5,0.3400837699616218,0.04175607141244393
7073,7.5,0.38491667748649455,0.039770486128871
7074,7.5,0.3781758720592426,0.039228817599366
7075,7.5,0.5160608445870698,0.04003345022808294
7076,7.5,0.4338074499939974,0.04182224724941149
7077,7.5,0.30461473895920427,0.03423463467513813
7078,7.5,0.3079608800864709,0.03347460748787676
7079,7.5,0.30657940361421476,0.03115153833162501
7080,7.5,0.4562545067636468,0.04334973762780011
7081,7.5,0.4259839296149459,0.03929231369343448
7082,7.5,0.4009536529273665,0.03790770503761244
7083,7.5,0.4564591554206011,0.04077518730155589
7084,7.5,0.388142281496491,0.04218280595142174
7085,7.5,0.45005869191521364,0.0423646516045127
7086,7.5,0.39702215928346574,0.04022435558736298
7087,7.5,0.47618070188213585,0.044847742024903964
7088,7.5,0.35411067758982323,0.040894335475521015
7089,7.5,0.44674482744170085,0.043257089496861044
7090,7.5,0.32006276901580516,0.030095389106036194
7091,7.5,0.30169169930360695,0.031149010926250734
7092,7.5,0.34627746139970716,0.033359684673392405
7093,7.5,0.32887520819542065,0.03466660071988986
7094,7.5,0.2956508089015393,0.02778579012472212
7095,7.5,0.3692719099637486,0.033816369315702005
7096,7.5,0.34927223286601755,0.03785625551522704
7097,7.5,0.3452072493637797,0.035315005041840875
7098,7.5,0.44587495975514313,0.04376902605852237
7099,7.5,0.3440960575946953,0.032547813169503885
7100,7.5,0.2502657391071704,0.027880781970426798
7101,7.5,0.2513727691644763,0.027708879230739055
7102,7.5,0.3259376636534714,0.030111823232348327
7103,7.5,0.3880707258254888,0.03481160466605126
7104,7.5,0.2514523821331521,0.026689780486955608
7105,7.5,0.2947247765942262,0.03093521833596708
7106,7.5,0.32025626517800737,0.032425766167102965
7107,7.5,0.3386667403767445,0.03376193059285183
7108,7.5,0.3025666825844028,0.028327716652547314
7109,7.5,0.25085600475630315,0.02790030141185441
7110,7.5,0.289036847959988,0.0280676925786153
7111,7.5,0.29937815246427024,0.028150725074946682
7112,7.5,0.28227751314071586,0.023915298560474675
7113,7.5,0.3670194822559819,0.03221338374924363
7114,7.5,0.2595434299952109,0.026587397127219137
7115,7.5,0.2938520184444546,0.024317280574519495
7116,7.5,0.3290241730620679,0.031227393237143523
7117,7.5,0.2816622700603548,0.023810740795370797
7118,7.5,0.28741653775611736,0.024892510155943865
7119,7.5,0.2870634196348736,0.02863252551731278
7120,7.5,0.3771243484573924,0.03814668280579818
7121,7.5,0.37674801863956825,0.0385909601460834
7122,7.5,0.34508863693831376,0.033100679735477895
7123,7.5,0.33956995628931147,0.034998289615602335
7124,7.5,0.45136777363095226,0.04088407334393181
7125,7.5,0.4337055455344777,0.04072679959748989
7126,7.5,0.3310526496432076,0.03316949302371448
7127,7.5,0.3278086052814335,0.03549123151060231
7128,7.5,0.23067306251818778,0.022126420793614186
7129,7.5,0.30598901771705195,0.03231101695503172
7130,7.5,0.35324736019102015,0.035112490046283244
7131,7.5,0.34698217617288657,0.03196513784108657
7132,7.5,0.30760789960065443,0.027778213901756502
7133,7.5,0.2720395985335409,0.027917111919169596
7134,7.5,0.33539938631637717,0.03489387297892935
7135,7.5,0.34172132122063076,0.03322783658590318
7136,7.5,0.3212679440434074,0.03791659178222793
7137,7.5,0.30895715458747663,0.03142505134544613
7138,7.5,0.2350539200686878,0.024845463968255245
7139,7.5,0.3101262104479985,0.03182543841000451
7140,7.5,0.24970377769302435,0.02591615871946419
7141,7.5,0.2493081389095805,0.027547875397747897
7142,7.5,0.24819842522095945,0.024290562434554432
7143,7.5,0.25163712011897665,0.027118285368355546
7144,7.5,0.3669144502606189,0.03677728082844519
7145,7.5,0.25042049314917636,0.02776236693820814
7146,7.5,0.2506711084191896,0.026106386514157618
7147,7.5,0.2863238246285236,0.031080111826742005
7148,7.5,0.2515364564314887,0.027423191186400273
7149,7.5,0.2493976259418179,0.028110970894136035
7150,7.5,0.48097562230787316,0.05025414490422006
7151,7.5,0.26017644949642643,0.035304863054150835
7152,7.5,0.4308189212204053,0.04780414042464379
7153,7.5,0.47924723174867806,0.04630108423355827
7154,7.5,0.3928389508987834,0.04145807541366098
7155,7.5,0.4574673387148466,0.04725539607414606
7156,7.5,0.30222159463448184,0.033662334636957114
7157,7.5,0.3318519796686921,0.04224087633509911
7158,7.5,0.4756585528208859,0.05152462961336387
7159,7.5,0.32527804622065193,0.03919352473265962
7160,7.5,0.24741952956345167,0.025278704968282172
7161,7.5,0.29860483504457946,0.03547551811634699
7162,7.5,0.2628664576361655,0.028896999096225215
7163,7.5,0.296507499330175,0.032138620469966545
7164,7.5,0.2634916273371576,0.027511099821421088
7165,7.5,0.2857139641641394,0.03622729252105914
7166,7.5,0.24709909794063306,0.02622050119399755
7167,7.5,0.2917164218140736,0.031215898722799208
7168,7.5,0.2962662999482873,0.030807966755509023
7169,7.5,0.328293718030555,0.03231377716987299
7170,7.5,0.27005650754732113,0.0345114296177823
7171,7.5,0.39601864347069227,0.04763193937300215
7172,7.5,0.41292268994332115,0.043950905077157265
7173,7.5,0.4337888895509939,0.04334265740772939
7174,7.5,0.42451659297067423,0.043435467153228734
7175,7.5,0.26981776268745467,0.02756102676687578
7176,7.5,0.47370269622579064,0.050144401930810115
7177,7.5,0.49609580502510325,0.047349239449075535
7178,7.5,0.388708661477411,0.0397460768944148
7179,7.5,0.410879731915783,0.045982492797664094
7180,7.5,0.20193768196791764,0.018356172566118757
7181,7.5,0.20233748582798008,0.0183924264419658
7182,7.5,0.2022231278243071,0.01691724872608275
7183,7.5,0.16834184729479734,0.020408688832182758
7184,7.5,0.20204778047050373,0.016237368784440716
7185,7.5,0.202538735344841,0.017397212584383145
7186,7.5,0.2212979207795322,0.020374678615645785
7187,7.5,0.2022542328815962,0.020278636619337702
7188,7.5,0.20187160292407955,0.017330276756858866
7189,7.5,0.20164490594435186,0.016813609485995182
7190,7.5,0.31799539875003024,0.0386850297198505
7191,7.5,0.12619406720889234,0.018370651995040562
7192,7.5,0.4271693733480481,0.045599996116571916
7193,7.5,0.16311562763212983,0.02315649820089857
7194,7.5,0.37875543596091443,0.0437077140305085
7195,7.5,0.21006471107019148,0.03465401932917848
7196,7.5,0.16369874638014922,0.023285429210433025
7197,7.5,0.16438315027903955,0.021565316598919495
7198,7.5,0.16326943732248325,0.023701443155439053
7199,7.5,0.2846434105659302,0.038351190505601436
7200,7.5,0.09413808415847481,0.017358534243806605
7201,7.5,0.09042276932797319,0.016381100030367135
7202,7.5,0.09450425802260504,0.017299250921688363
7203,7.5,0.09411681137444484,0.018723337814717286
7204,7.5,0.09452384172680632,0.018353985881646658
7205,7.5,0.09426165600934239,0.017102832254567227
7206,7.5,0.0942560775200072,0.017447610676699737
7207,7.5,0.09477042421305731,0.016308000463339817
7208,7.5,0.09401332253213265,0.019009217948062696
7209,7.5,0.0946892271466039,0.018053135908084446
7210,7.5,0.4111240166711589,0.05000399010835102
7211,7.5,0.1205083562178654,0.021972742815705115
7212,7.5,0.11790071752995969,0.017521458886304436
7213,7.5,0.1149591693254495,0.021260101753489278
7214,7.5,0.3964785113238461,0.04704117706344232
7215,7.5,0.11705902041067795,0.01554415507443136
7216,7.5,0.2946200844934218,0.03793909566060712
7217,7.5,0.11822877899082478,0.019424235384461624
7218,7.5,0.11552000470919692,0.021150959298823782
7219,7.5,0.11951448320457654,0.024149311920019137
7220,7.5,0.27968066146050696,0.03476465595789577
7221,7.5,0.38117484396346774,0.04111334493270785
7222,7.5,0.20491737804545082,0.02314349902391685
7223,7.5,0.43905454411448597,0.04275534435411438
7224,7.5,0.37018776312943913,0.03873801687308482
7225,7.5,0.27156626218522084,0.034251688920852896
7226,7.5,0.25363047022698815,0.03017776146197426
7227,7.5,0.2288976198668499,0.029021172593659286
7228,7.5,0.30057984745774785,0.03485507365055771
7229,7.5,0.3820751621707324,0.044664260555198954
7230,7.5,0.3779327789811312,0.04062614966964836
7231,7.5,0.2967476176934969,0.03521074414151923
7232,7.5,0.3719476254971037,0.04035985468686806
7233,7.5,0.39487743528750946,0.04426095943047883
7234,7.5,0.36933130021388594,0.0406134076753866
7235,7.5,0.4583832358127777,0.044465441959952536
7236,7.5,0.39308500511862704,0.04242385517294229
7237,7.5,0.3373909722494548,0.035313933435828185
7238,7.5,0.3063663522159539,0.03772606301287894
7239,7.5,0.37143614487212034,0.04198910288102575
7240,7.5,0.20638439456615845,0.02461184176078977
7241,7.5,0.22548254935470888,0.030185956942513588
7242,7.5,0.26584003279991253,0.029373372332865116
7243,7.5,0.2726894573840509,0.029331072539047823
7244,7.5,0.4580625113414498,0.047030762206216124
7245,7.5,0.33191233052930375,0.03507435521450038
7246,7.5,0.2102157980000675,0.026453598203197894
7247,7.5,0.2067274182839496,0.023272070706144808
7248,7.5,0.20596055075183417,0.02119766617573169
7249,7.5,0.2059782589307112,0.025251704153835156
7250,7.5,0.3981664597529716,0.04105557633799586
7251,7.5,0.3943261368521802,0.039199332495682936
7252,7.5,0.40907931872254105,0.04261588036589416
7253,7.5,0.32803805725519514,0.03605557586669693
7254,7.5,0.4102436433821101,0.04130012217768035
7255,7.5,0.4041510812041344,0.039767797308929646
7256,7.5,0.47696808984638417,0.048433900731785696
7257,7.5,0.4025368538250024,0.0391877994820415
7258,7.5,0.39505167578736233,0.03822789675898858
7259,7.5,0.40892458001482235,0.04342225765794238
7260,7.5,0.27830561757255823,0.02992471063233578
7261,7.5,0.3591407835235356,0.04007762934575536
7262,7.5,0.2804304518327104,0.027147197361514976
7263,7.5,0.2965739169929924,0.027546868123704608
7264,7.5,0.24856846153852294,0.021284269448581944
7265,7.5,0.2489731811888713,0.021236719293947104
7266,7.5,0.24888472857510494,0.020881497474030147
7267,7.5,0.23061981085689096,0.02093976436126926
7268,7.5,0.2646166349086019,0.024717026835203472
7269,7.5,0.31690753740442845,0.03052703565923122
7270,7.5,0.27945161617871606,0.025341977896731854
7271,7.5,0.4592104275239027,0.04523627459570872
7272,7.5,0.3611348328961678,0.04015592313500552
7273,7.5,0.2578330348129522,0.021952625524120386
7274,7.5,0.48057609104644433,0.042753041314754284
7275,7.5,0.3707208738672889,0.041263172482083846
7276,7.5,0.35360483777950635,0.038741135658201496
7277,7.5,0.2732756545165364,0.02243893240268424
7278,7.5,0.4269281606230205,0.04033216815772978
7279,7.5,0.2789687424857026,0.025333857220779167
7280,7.5,0.4630265946604066,0.04988295751458523
7281,7.5,0.1776178439413516,0.02513182845128404
7282,7.5,0.4131773061519485,0.04455400770757606
7283,7.5,0.34573638560041203,0.04200310526957885
7284,7.5,0.42716801497627277,0.043178392058820264
7285,7.5,0.27662162784559813,0.03335667092873398
7286,7.5,0.4894728906031536,0.0476635655407214
7287,7.5,0.20355547041365118,0.03059680919708996
7288,7.5,0.17777886698269085,0.02611198723750312
7289,7.5,0.2977116520491557,0.03167468179348162
7290,7.5,0.43567163388377655,0.040750943093194394
7291,7.5,0.41275403582179515,0.03875989082201297
7292,7.5,0.2989838172089732,0.02996937948504053
7293,7.5,0.38329386624296424,0.039235606586665556
7294,7.5,0.33201967753468475,0.03900375543191842
7295,7.5,0.4450605944301363,0.04834906286090803
7296,7.5,0.4676273569749356,0.048165233223641205
7297,7.5,0.34340561337614744,0.04045874804017248
7298,7.5,0.46312564264830286,0.04346108669042794
7299,7.5,0.5093136387155759,0.046742812129677604
7300,7.5,0.27206357860360125,0.03256979039357503
7301,7.5,0.4198180162160457,0.04633148111189608
7302,7.5,0.3591756389405758,0.04548634471854248
7303,7.5,0.4227180768784451,0.04900761721339259
7304,7.5,0.4218942546685017,0.0497121271867729
7305,7.5,0.2618538072430277,0.03717299950799255
7306,7.5,0.3861259286169225,0.04406452111996155
7307,7.5,0.2306542435808366,0.03237049832716993
7308,7.5,0.39656212213537406,0.043165022428866336
7309,7.5,0.36386324150202415,0.04337724553466447
7310,7.5,0.18733149483543926,0.024305697689473712
7311,7.5,0.4817223660331776,0.053307283177493406
7312,7.5,0.47946354414760123,0.051861643388228726
7313,7.5,0.482776960372699,0.04787842005931442
7314,7.5,0.49048367020316574,0.05180397087046561
7315,7.5,0.2138327613219782,0.030885656505441263
7316,7.5,0.18845375223837207,0.02667953830655751
7317,7.5,0.391123519248032,0.043238105408539965
7318,7.5,0.14783725184877053,0.02100656188412193
7319,7.5,0.4870809309803402,0.05210952035804309
7320,7.5,0.4062417096069363,0.04696679707892939
7321,7.5,0.3736448658523205,0.049851983164750306
7322,7.5,0.3383193000146829,0.03849988004085564
7323,7.5,0.4335053126399112,0.049378203196498716
7324,7.5,0.35341408229363314,0.043441218969433225
7325,7.5,0.46918717827231016,0.05391424652132426
7326,7.5,0.21708733036011343,0.03476884255687827
7327,7.5,0.3120294320743814,0.036903226258423134
7328,7.5,0.29792403249119287,0.0433291246056665
7329,7.5,0.17561192832750794,0.027447734776705104
7330,7.5,0.28874662714568333,0.03577322046669779
7331,7.5,0.20073053992155965,0.026163792201625836
7332,7.5,0.32103664930166675,0.03772112295781818
7333,7.5,0.24900668191970576,0.025493264383192674
7334,7.5,0.2483167877916548,0.02694096197972109
7335,7.5,0.3549038150504642,0.03635639864876014
7336,7.5,0.23807953872496154,0.02831578686379432
7337,7.5,0.24876026883504956,0.027262646636187562
7338,7.5,0.3293685650349013,0.03796352400678865
7339,7.5,0.3343932142650727,0.042323533556504284
7340,7.5,0.21664447359344624,0.029248836925512122
7341,7.5,0.2661652381100741,0.03933205444880351
7342,7.5,0.2750032403449758,0.039806780322989704
7343,7.5,0.34732135962471705,0.04428399887419758
7344,7.5,0.2132554229088465,0.032655787434972425
7345,7.5,0.24432951881242002,0.03453889556956835
7346,7.5,0.458769113506622,0.050854027823770964
7347,7.5,0.3405850441947141,0.0388835115845624
7348,7.5,0.21699547260827504,0.030883129210253598
7349,7.5,0.2437822057476741,0.03842734550348339
7350,7.5,0.27398558900228703,0.023790817656269937
7351,7.5,0.25032498230740224,0.02563308064340615
7352,7.5,0.31130253116066564,0.03158776374839006
7353,7.5,0.28351484249340236,0.02471549123909725
7354,7.5,0.3390105924394717,0.03383103801590404
7355,7.5,0.28148337212360786,0.026354756952588317
7356,7.5,0.28084799009603295,0.023669249845628244
7357,7.5,0.2827606237742169,0.025886757654614675
7358,7.5,0.27237303485383396,0.026642264245140844
7359,7.5,0.32228160538079126,0.034737202352393054
7360,7.5,0.3307354874245282,0.0321137067799797
7361,7.5,0.3335449102858509,0.034136293455513056
7362,7.5,0.3042031933659107,0.027586622253507435
7363,7.5,0.3023894750252388,0.026376303514928857
7364,7.5,0.3028118922992398,0.02087148035246249
7365,7.5,0.18396224767343625,0.018276308174737438
7366,7.5,0.2947579650502029,0.02914957790134163
7367,7.5,0.32953845899317663,0.028001390739069026
7368,7.5,0.18375127714867745,0.01644848179933258
7369,7.5,0.29911102364025327,0.03105182020392816
7370,7.5,0.2981812645941453,0.027635780811377728
7371,7.5,0.34099529673008916,0.029644006402248787
7372,7.5,0.2719697604250818,0.02706889919825351
7373,7.5,0.34167938717849183,0.03240011899199585
7374,7.5,0.263852487036086,0.02940493737310506
7375,7.5,0.34836780299115655,0.02903385827100813
7376,7.5,0.386454537949535,0.03595733680712928
7377,7.5,0.243833472928194,0.026811733733815374
7378,7.5,0.32993713607400005,0.030842170307093113
7379,7.5,0.298419440623372,0.02548200798089298
7380,7.5,0.2816013442332333,0.024659632060576163
7381,7.5,0.3314008614689089,0.02731807651518901
7382,7.5,0.3304994948532674,0.026867347220241092
7383,7.5,0.2816693137658467,0.02677915233402752
7384,7.5,0.3433410924067027,0.030573263961861562
7385,7.5,0.2908790680321098,0.02882444573382449
7386,7.5,0.3893218394131494,0.03190187009897975
7387,7.5,0.3178918917635197,0.027321367970482454
7388,7.5,0.2618367203114072,0.02722915298957565
7389,7.5,0.27272683086841754,0.02378162106311415
7390,7.5,0.24460694820661166,0.02072269111007949
7391,7.5,0.2445799754526408,0.022114742699443454
7392,7.5,0.24445351324519393,0.02234102104393691
7393,7.5,0.2423455256299057,0.022900043978003375
7394,7.5,0.2003741274385616,0.022487095091085253
7395,7.5,0.24522703648601132,0.022795201673093155
7396,7.5,0.23281434933239734,0.0212782010794398
7397,7.5,0.12520034142930012,0.01417685815848803
7398,7.5,0.20991653529145984,0.021297658223360535
7399,7.5,0.12569507736517996,0.015668847425344582
7400,7.5,0.34129948463084603,0.03531137558291921
7401,7.5,0.3822070030993947,0.035135564199042235
7402,7.5,0.4993589279119121,0.04088713321300926
7403,7.5,0.4098788272460696,0.03875788923239565
7404,7.5,0.3602434360324602,0.034363487080849145
7405,7.5,0.5248321030995832,0.04502856525109159
7406,7.5,0.4632881819360127,0.03785514963358185
7407,7.5,0.4198358889122367,0.04077493263120075
7408,7.5,0.43233586906226534,0.03660996267304972
7409,7.5,0.44277714780618865,0.038375030955261166
7410,7.5,0.09405652499235811,0.01789681294923676
7411,7.5,0.14133137248534966,0.02484447634861138
7412,7.5,0.2931800077220347,0.03360257234278825
7413,7.5,0.3743580729225509,0.034861835057692976
7414,7.5,0.47535146542537315,0.044098560616575425
7415,7.5,0.09335959376141081,0.019863284606363392
7416,7.5,0.09393122942617566,0.020749049240662436
7417,7.5,0.44144604032163587,0.04095428728952042
7418,7.5,0.4032741224565458,0.03979771889632066
7419,7.5,0.44239465141888024,0.040777686321411113
7420,7.5,0.26483110283710204,0.03363900981001032
7421,7.5,0.17506199430945674,0.019710880097105875
7422,7.5,0.12869708224839513,0.016717789958981617
7423,7.5,0.2869210576679886,0.0341921818927952
7424,7.5,0.17794166071078832,0.024536900991992416
7425,7.5,0.16804178002013903,0.023085230041792432
7426,7.5,0.1773729593304939,0.021730575367107877
7427,7.5,0.17787127610869946,0.0204500938514544
7428,7.5,0.2536934665034809,0.030434968813367175
7429,7.5,0.1884949932101608,0.021566264436142162
7430,7.5,0.2717076491511248,0.028419430743496087
7431,7.5,0.2621392108552569,0.027776159530922002
7432,7.5,0.271663958197915,0.029114865621913268
7433,7.5,0.23153455211408885,0.026077041132891835
7434,7.5,0.3897309254660224,0.0365650089714728
7435,7.5,0.1448264799497448,0.021942362525734095
7436,7.5,0.2598274500777326,0.024764050209886618
7437,7.5,0.4057905380433448,0.03975889812160817
7438,7.5,0.2716376395821679,0.030251524596257993
7439,7.5,0.233689893871111,0.026400010335366673
7440,7.5,0.3649038450189013,0.03731917360182979
7441,7.5,0.22895869724387774,0.028282122131328392
7442,7.5,0.3273244331803572,0.033840709543188005
7443,7.5,0.23727804402352048,0.026649006901410508
7444,7.5,0.34701815319337165,0.034828462107604694
7445,7.5,0.3585751334527883,0.03344369536431496
7446,7.5,0.2627744536521198,0.03331070816873716
7447,7.5,0.3786014662721924,0.035361067659941216
7448,7.5,0.3634119989379397,0.0363284022473009
7449,7.5,0.37034625537170296,0.03556486454118594
7450,7.5,0.33485295258042863,0.0371654424252652
7451,7.5,0.17083880178717978,0.015427222979928275
7452,7.5,0.1709226198743,0.01530071162977141
7453,7.5,0.1700752598621455,0.013470381010102945
7454,7.5,0.1707514632376601,0.014819585639115616
7455,7.5,0.16976293494413802,0.01680069263333501
7456,7.5,0.16986000557629613,0.011234943242846377
7457,7.5,0.17088774332363443,0.018261822023395564
7458,7.5,0.16986182624571358,0.014801608945503475
7459,7.5,0.17014125038339797,0.017130648327298468
7460,7.5,0.1758693430449236,0.021830090118955345
7461,7.5,0.3161538118909138,0.03348402853354022
7462,7.5,0.2522113584844434,0.02872888958329014
7463,7.5,0.22790330430079536,0.026041385609019273
7464,7.5,0.2950112170656511,0.030868930169976275
7465,7.5,0.36779245649064174,0.03737312129827579
7466,7.5,0.2543172744334366,0.031025684118259164
7467,7.5,0.24802150322941818,0.026631109751328548
7468,7.5,0.3068416346345752,0.030048069588335384
7469,7.5,0.38373474011764525,0.03897051360894089
7470,7.5,0.27350439464511245,0.028657455802868385
7471,7.5,0.34899361195276585,0.035290553784294264
7472,7.5,0.37475085931620916,0.03706782417883768
7473,7.5,0.17135849732386513,0.02235880040722742
7474,7.5,0.24718700193062812,0.027130519946679678
7475,7.5,0.31698896023935114,0.03285037487032788
7476,7.5,0.38321989998738554,0.03645253588672459
7477,7.5,0.2688314777045751,0.028349168490732084
7478,7.5,0.273001968079344,0.0288889170428749
7479,7.5,0.29160210793949937,0.03144455106779698
7480,7.5,0.2669019982580625,0.025406847256776187
7481,7.5,0.16670665360484743,0.019065069003894472
7482,7.5,0.2743624068179486,0.03017010849359537
7483,7.5,0.16438604738566132,0.019776365354645605
7484,7.5,0.27013347811297683,0.03045152416330111
7485,7.5,0.2872858929084606,0.03331294690663389
7486,7.5,0.21323715763265355,0.021862655457877356
7487,7.5,0.2268717961393212,0.02791093122560753
7488,7.5,0.3022262879544857,0.03137584784005054
7489,7.5,0.17348951433772006,0.024072001507195188
7490,7.5,0.29719932252386105,0.03328607316763308
7491,7.5,0.4034510453513744,0.03431431764769737
7492,7.5,0.3335361122405859,0.03339567396812361
7493,7.5,0.2964840199484892,0.030500180287320516
7494,7.5,0.3400111062788412,0.030199948705155202
7495,7.5,0.33629707735992764,0.03363898681750818
7496,7.5,0.26799198341011377,0.02876117754457884
7497,7.5,0.2962481824215996,0.029553661285311554
7498,7.5,0.2970857889390731,0.02964325843998148
7499,7.5,0.3359619200543612,0.03592698542023605
7500,8.0,0.44043522804787316,0.04933783573733815
7501,8.0,0.15863263285216242,0.02288368063071523
7502,8.0,0.416709776459403,0.049998612150524605
7503,8.0,0.49135932087710393,0.05500052855650435
7504,8.0,0.43238726965124513,0.04976292018522018
7505,8.0,0.4650005369212755,0.05147775356929245
7506,8.0,0.15889398823608816,0.02172861833102914
7507,8.0,0.5040523884427375,0.057149260240589826
7508,8.0,0.5099758096890361,0.061621293914072124
7509,8.0,0.39708266043668433,0.04774723824975872
7510,8.0,0.4960532596530901,0.05924353667445524
7511,8.0,0.4964699166932883,0.055776361176948966
7512,8.0,0.4275394828762333,0.04999471383432204
7513,8.0,0.37389627896837196,0.04813068530098225
7514,8.0,0.479103642509077,0.05426752053642191
7515,8.0,0.43960055375466095,0.055192618139102874
7516,8.0,0.43189096777615343,0.05343320599368468
7517,8.0,0.49384775390842434,0.05649930679167754
7518,8.0,0.31128603597669363,0.04460082923191384
7519,8.0,0.5221391273080501,0.05869456758180507
7520,8.0,0.5089223537859002,0.06171605834608002
7521,8.0,0.40913017393397133,0.054904810147470895
7522,8.0,0.45688774950738187,0.05325007890373219
7523,8.0,0.4826756892451612,0.05808732371395653
7524,8.0,0.46835188294976277,0.05486168749731401
7525,8.0,0.46702242115526355,0.055001501435825634
7526,8.0,0.5182102234557903,0.05766919068040843
7527,8.0,0.5279699509570238,0.06105272281095435
7528,8.0,0.5069642818591333,0.05666345839445503
7529,8.0,0.5509444237935962,0.059528694996981955
7530,8.0,0.27596647356956117,0.042335668317004305
7531,8.0,0.2750061813035867,0.04071284245945174
7532,8.0,0.12584396302969053,0.022943261408446092
7533,8.0,0.38275048347700275,0.04397881252346339
7534,8.0,0.12618558245057254,0.022960831536012572
7535,8.0,0.30920865151751326,0.042147567934301716
7536,8.0,0.19703544991991148,0.025415350202148232
7537,8.0,0.12591697930000392,0.020247037166825237
7538,8.0,0.3037393889973544,0.042954181195399246
7539,8.0,0.19768158450416196,0.02529877064316687
7540,8.0,0.4462133788368901,0.05460334992479846
7541,8.0,0.5027845087109929,0.06041860515121542
7542,8.0,0.45388303204667674,0.05609447503725408
7543,8.0,0.5102674645997297,0.0625167911783489
7544,8.0,0.5317849566653362,0.0613111742182365
7545,8.0,0.49313895289214216,0.06002650084912105
7546,8.0,0.5047771668628164,0.056119794802455755
7547,8.0,0.4536684744669686,0.055350297038766955
7548,8.0,0.44515803536756415,0.05605303351982603
7549,8.0,0.4495463391069318,0.05587997677506005
7550,8.0,0.3075488106984212,0.032995325782866514
7551,8.0,0.2985231813674074,0.034847535627019664
7552,8.0,0.2956237541771262,0.03307353116124663
7553,8.0,0.3039424876266769,0.033740464735700984
7554,8.0,0.2362388141317917,0.025606916299422813
7555,8.0,0.313443434818542,0.03737306297866323
7556,8.0,0.31123080678388826,0.037718866218544755
7557,8.0,0.3589308841480026,0.033751680064595876
7558,8.0,0.2918799976897699,0.03776639657073647
7559,8.0,0.29632725895619255,0.03469724937099251
7560,8.0,0.28195725459027043,0.030354920913331383
7561,8.0,0.47438286639032995,0.04861970314974638
7562,8.0,0.4129808976881459,0.04478858520681729
7563,8.0,0.24456530708582525,0.02624065541422958
7564,8.0,0.3545057540172349,0.03452222666117045
7565,8.0,0.3352124923532151,0.03653772188338448
7566,8.0,0.2710689974826106,0.030412776023631658
7567,8.0,0.2448271541909681,0.02872421537934459
7568,8.0,0.47250587716161674,0.04870746645146502
7569,8.0,0.28074008339213335,0.030278912136609763
7570,8.0,0.4283179331600572,0.0401614320408471
7571,8.0,0.390180637649311,0.037784297453231044
7572,8.0,0.36509796455996385,0.038755271398901885
7573,8.0,0.38281297460702235,0.03566066340071663
7574,8.0,0.37694613529744153,0.03800951086836091
7575,8.0,0.5113249426257639,0.04510039616237292
7576,8.0,0.4503272605762839,0.04471914149509839
7577,8.0,0.3033173505217512,0.03261158169152407
7578,8.0,0.30657655032942327,0.03261590947458821
7579,8.0,0.30557849129604814,0.03468965020103135
7580,8.0,0.45656870926027915,0.04006648033542213
7581,8.0,0.4277086508539387,0.041636809748830717
7582,8.0,0.40072816810423734,0.040552353057436034
7583,8.0,0.45491665836459505,0.04256181381008742
7584,8.0,0.3859513680382011,0.042636121375599176
7585,8.0,0.44768871349455885,0.04254434829105533
7586,8.0,0.3958063429207771,0.04108513186744999
7587,8.0,0.4773731767751946,0.0455546798960403
7588,8.0,0.37893043641968754,0.040629111106941423
7589,8.0,0.4486954539286933,0.04433788497149601
7590,8.0,0.31800440007943453,0.03340076321383488
7591,8.0,0.30000953351311727,0.03224353696585414
7592,8.0,0.34699716792434504,0.03636478048383478
7593,8.0,0.33115595991802194,0.03339317059816938
7594,8.0,0.29405281981458453,0.028747088909795146
7595,8.0,0.36701050683627356,0.03570213921399699
7596,8.0,0.3475525982621318,0.03432616520595631
7597,8.0,0.3451423893957886,0.034201625516292085
7598,8.0,0.4461925148289712,0.044416864296023255
7599,8.0,0.34330725888282787,0.03601031076459594
7600,8.0,0.2484248653301586,0.026122280502969226
7601,8.0,0.24953958702641973,0.0298613115167703
7602,8.0,0.3244806081973233,0.030627395149426407
7603,8.0,0.40168894561219076,0.03637433657896477
7604,8.0,0.24946916250244502,0.026062124901407604
7605,8.0,0.2940970320843938,0.030462720622049286
7606,8.0,0.3189079880629877,0.03166701580119593
7607,8.0,0.33735566602013245,0.03160945598382849
7608,8.0,0.30160271434480235,0.02790657107412835
7609,8.0,0.248923331636404,0.028992730310940757
7610,8.0,0.28743941675061485,0.0256038153692841
7611,8.0,0.2975958791816557,0.027846987131634533
7612,8.0,0.28122215888204094,0.024283085520070618
7613,8.0,0.3627871064196768,0.033315329201322456
7614,8.0,0.25814853923815734,0.026964842974231382
7615,8.0,0.32454887645806224,0.031107715318549115
7616,8.0,0.32742678115401497,0.03334599710876736
7617,8.0,0.28060518870048257,0.023458169406475618
7618,8.0,0.2862267684259067,0.023087725025614167
7619,8.0,0.2857984559862358,0.029209514926538716
7620,8.0,0.3737886087277106,0.03725481431815821
7621,8.0,0.3789474660569167,0.03646983934713511
7622,8.0,0.34338351087037344,0.03408295502442157
7623,8.0,0.33891759701418284,0.03718765972785018
7624,8.0,0.44563492290244205,0.04092437906660082
7625,8.0,0.4391488663764486,0.039818396848935726
7626,8.0,0.3282128861480276,0.034214850323020955
7627,8.0,0.3246784436016714,0.03331680678592804
7628,8.0,0.22922002916025533,0.023073855993268035
7629,8.0,0.30392287210939745,0.028848919135815877
7630,8.0,0.3506290165187182,0.03682354665930436
7631,8.0,0.34434231459250464,0.034670503661397054
7632,8.0,0.3059667726441255,0.03232651018833474
7633,8.0,0.27112362423121344,0.02992897625041066
7634,8.0,0.3330258647948921,0.030988056689254615
7635,8.0,0.3396550456172435,0.03348251379954269
7636,8.0,0.32084474442919314,0.034198681147076825
7637,8.0,0.30731568987086405,0.028756315518851792
7638,8.0,0.23357608410971567,0.024305273216006562
7639,8.0,0.3085287050154819,0.030102143789255426
7640,8.0,0.24827514031839026,0.02674305973202715
7641,8.0,0.24776528797632671,0.028060596755595583
7642,8.0,0.2467720958040669,0.027822297944954007
7643,8.0,0.250069923605386,0.026557970958164895
7644,8.0,0.36400057151567583,0.03889675468017329
7645,8.0,0.2494943533035378,0.028140490133562734
7646,8.0,0.2494687655538547,0.025215665579715787
7647,8.0,0.2892107246137768,0.032303904978900434
7648,8.0,0.24994127894579257,0.02674838194410298
7649,8.0,0.24794672154678415,0.027612869678488382
7650,8.0,0.4778030457201944,0.04876827331318806
7651,8.0,0.25805484007711926,0.0315310349339146
7652,8.0,0.42881101955216205,0.04855731539013788
7653,8.0,0.48041191407690736,0.0453045806398306
7654,8.0,0.3907971128307307,0.0448011794623271
7655,8.0,0.46110051670809205,0.04892406195354321
7656,8.0,0.31462845319790855,0.03801396055604143
7657,8.0,0.3941843374553352,0.04598319528155495
7658,8.0,0.4745659702006576,0.052840179978010486
7659,8.0,0.4027075175728792,0.045676108849134325
7660,8.0,0.24598920420689213,0.026336804974577875
7661,8.0,0.2966908027804641,0.03189055183370393
7662,8.0,0.2611815391951674,0.0268445845662796
7663,8.0,0.29455698631331906,0.033788352712263985
7664,8.0,0.26189773125254295,0.027270416709673374
7665,8.0,0.28412661900068437,0.03523631230557202
7666,8.0,0.24578786675260592,0.029126327797171208
7667,8.0,0.2899469740681535,0.035773956702900775
7668,8.0,0.29409817129771904,0.031773788469214886
7669,8.0,0.3265386505059522,0.03143428053748062
7670,8.0,0.26781349266033505,0.0356981136791171
7671,8.0,0.4211857761034064,0.052114292070371604
7672,8.0,0.41031237333161463,0.048405719834774784
7673,8.0,0.43255190137184923,0.04618414077448565
7674,8.0,0.4163281210957499,0.04610062503375949
7675,8.0,0.268088366405467,0.030487816392062134
7676,8.0,0.47329317550083055,0.04889723004211484
7677,8.0,0.48970025425179836,0.04661653654878458
7678,8.0,0.38597332809613727,0.04266740799390398
7679,8.0,0.4059480368411584,0.04574127018293771
7680,8.0,0.2009073232326362,0.017805185748093436
7681,8.0,0.20114986070181617,0.020383643661155356
7682,8.0,0.20124430597455042,0.01698694625688021
7683,8.0,0.16681156262233265,0.018861763392013668
7684,8.0,0.20094453658068123,0.02161883659295016
7685,8.0,0.2015118258859472,0.021031185711749275
7686,8.0,0.22014632805625392,0.018279214952304428
7687,8.0,0.20112770330061663,0.017727901300468668
7688,8.0,0.20100696589926087,0.018943171387570613
7689,8.0,0.20082612221947566,0.01855998696019091
7690,8.0,0.3143171800668042,0.037455451675624245
7691,8.0,0.12492413648345688,0.019678291592846724
7692,8.0,0.432221624232203,0.046581624889050245
7693,8.0,0.16166068670673073,0.02226732283232039
7694,8.0,0.37391742706151476,0.04409867351133201
7695,8.0,0.20845470282958414,0.03412415610701524
7696,8.0,0.16233844304063788,0.024212825200339204
7697,8.0,0.16281106557734207,0.023697121623355695
7698,8.0,0.16176392347230004,0.022805822387624144
7699,8.0,0.3528024313083065,0.043745526317405845
7700,8.0,0.09287345782462905,0.01856440733337093
7701,8.0,0.08914012153736117,0.01734573359379219
7702,8.0,0.09358828864310209,0.015769312822238327
7703,8.0,0.09333638411682169,0.01623586627353694
7704,8.0,0.09356919718322126,0.01667770595373291
7705,8.0,0.09337086545680134,0.019091551985725184
7706,8.0,0.09351940328409963,0.01808541481213045
7707,8.0,0.09352405366670041,0.01798293198861692
7708,8.0,0.0927835347948299,0.017598445645224125
7709,8.0,0.09373501991146625,0.01799328092003831
7710,8.0,0.42977251680584216,0.0483433635894305
7711,8.0,0.1195305572697005,0.019094271048260815
7712,8.0,0.11644167068189852,0.021221967523578435
7713,8.0,0.11406226302000624,0.017974338320151842
7714,8.0,0.40116495261213136,0.045962700573253176
7715,8.0,0.11547251118145062,0.020246570594553398
7716,8.0,0.2964947208071009,0.038737046329383885
7717,8.0,0.11726710474251892,0.0194436495595154
7718,8.0,0.11447151887863208,0.0208840010451219
7719,8.0,0.11876925676347966,0.025313019456178722
7720,8.0,0.2775363737371184,0.03355974209175855
7721,8.0,0.3793838910282686,0.041738820063732425
7722,8.0,0.20328756805601092,0.02441044120037992
7723,8.0,0.4306505814412422,0.042359245635114715
7724,8.0,0.36745896154372987,0.03762805954738021
7725,8.0,0.2946659207209279,0.034658453660779825
7726,8.0,0.2520972649476953,0.02934659723389878
7727,8.0,0.22733726742540522,0.028054984656602912
7728,8.0,0.29920867759570313,0.034496885374770005
7729,8.0,0.3764606981569801,0.04419419471192051
7730,8.0,0.37523614806958255,0.04001539290455213
7731,8.0,0.29450628584017735,0.036012074464519955
7732,8.0,0.3695007536584796,0.04298103076791341
7733,8.0,0.39245353668247285,0.04156553218602238
7734,8.0,0.368116047133748,0.04153185326633426
7735,8.0,0.4557924636939772,0.04489060224372063
7736,8.0,0.3892504664014728,0.04260994209131993
7737,8.0,0.33773809353261747,0.035072255173906164
7738,8.0,0.3040522802038228,0.03886724092435348
7739,8.0,0.3684836944004047,0.04126051528438868
7740,8.0,0.2055881744266576,0.026689766630363692
7741,8.0,0.2254866171633855,0.028266938394642744
7742,8.0,0.2641058475433812,0.030988436360967386
7743,8.0,0.2774319147784368,0.02891729753229673
7744,8.0,0.45493312598762925,0.048063398702827886
7745,8.0,0.3355450056217306,0.0386716023050128
7746,8.0,0.2100135955691572,0.027062669655528893
7747,8.0,0.20522142626146644,0.024413546631224976
7748,8.0,0.20473581230915172,0.02282465748604516
7749,8.0,0.20461534958449693,0.025373377147326195
7750,8.0,0.3964206694298406,0.04047923042657061
7751,8.0,0.3924889319878901,0.03642167099257471
7752,8.0,0.40772728731116076,0.04338559165752351
7753,8.0,0.32555092806201824,0.03599725338568486
7754,8.0,0.40911136107289825,0.041187643125625735
7755,8.0,0.40233437190760957,0.04368032328531531
7756,8.0,0.4856192348469599,0.049326387551663346
7757,8.0,0.4005995721190821,0.039494775598046004
7758,8.0,0.39397830492347874,0.039111483793991875
7759,8.0,0.4123589043427863,0.04185720673434362
7760,8.0,0.27582516008298136,0.026975656593462218
7761,8.0,0.35638098827241854,0.037572128946788685
7762,8.0,0.2802922400503151,0.029395994172292526
7763,8.0,0.2949717554610908,0.02895536827919769
7764,8.0,0.2471767022827931,0.022595026447486805
7765,8.0,0.24762065102897485,0.02042142900219774
7766,8.0,0.24736401716995518,0.02081571578494215
7767,8.0,0.228866173848607,0.019831843117488316
7768,8.0,0.26287674696729,0.026774449991811566
7769,8.0,0.31324819568476464,0.029768470828550542
7770,8.0,0.27852705346258977,0.02464574692013021
7771,8.0,0.45784055325499223,0.044842333488912714
7772,8.0,0.3660827495114897,0.040133842101504114
7773,8.0,0.256515077182383,0.021614806138138865
7774,8.0,0.47396767607749635,0.0424939426442193
7775,8.0,0.3897013398226189,0.043715484724381054
7776,8.0,0.3895778752978599,0.039315146829034975
7777,8.0,0.27174410052142833,0.023778725032742223
7778,8.0,0.4274227598994429,0.04117732044669243
7779,8.0,0.27767106900457106,0.024076389159896322
7780,8.0,0.4741966119260275,0.050626883167319066
7781,8.0,0.17575640642158333,0.026994914560787557
7782,8.0,0.40913227334849067,0.045001576967597476
7783,8.0,0.3439328639767268,0.040546131607721574
7784,8.0,0.42496571900523095,0.043007269501145105
7785,8.0,0.2739280003549775,0.035919269940089704
7786,8.0,0.4833656467867503,0.0524145489964881
7787,8.0,0.2013796423987827,0.027565412381645293
7788,8.0,0.17580033535184728,0.02512869193406204
7789,8.0,0.2953889765247197,0.03530014825565982
7790,8.0,0.43275987063113547,0.04287544108019041
7791,8.0,0.41987178791826013,0.040212658088768935
7792,8.0,0.2979227358589187,0.028511466118032274
7793,8.0,0.3793758141996312,0.042028675042266955
7794,8.0,0.32952927347619915,0.03979197152033588
7795,8.0,0.44769920842624217,0.047502658651485064
7796,8.0,0.46213615616240644,0.046174722841117476
7797,8.0,0.3406870754556761,0.03866716907327297
7798,8.0,0.45922150379491844,0.04354389191356642
7799,8.0,0.5055827074956099,0.045825736123902255
7800,8.0,0.27103374304719585,0.03121728324847605
7801,8.0,0.4174499491122219,0.045902356017939815
7802,8.0,0.35938716753199307,0.04582408104527602
7803,8.0,0.4192912805171964,0.045879799204012174
7804,8.0,0.41815267171110737,0.04833785455719973
7805,8.0,0.260312892058083,0.03878764949513857
7806,8.0,0.38250322652844393,0.04357541291075075
7807,8.0,0.22945382154521957,0.03210990025140377
7808,8.0,0.39238612952166746,0.041636543725595686
7809,8.0,0.36162154796364837,0.042363589809764936
7810,8.0,0.1861603319112204,0.025482986957153814
7811,8.0,0.4917652147100388,0.05414746974157618
7812,8.0,0.4747172265738945,0.04967018234593425
7813,8.0,0.47534846598123726,0.05072210109452945
7814,8.0,0.48374457514265295,0.05485365806452846
7815,8.0,0.22948001064071213,0.031702968353207336
7816,8.0,0.1875369951018303,0.024837899647497205
7817,8.0,0.3885429111330645,0.04460359484136707
7818,8.0,0.14668125083420697,0.023009050422235
7819,8.0,0.4929821791345469,0.05409206626379519
7820,8.0,0.40128362016449654,0.04643301150901924
7821,8.0,0.3689536257747886,0.04753329714019975
7822,8.0,0.3375964332595003,0.04223316970933783
7823,8.0,0.4295991709230632,0.049427778274153414
7824,8.0,0.3671211247777724,0.04789604119743266
7825,8.0,0.46510208154333044,0.05274659888467774
7826,8.0,0.21520704774601213,0.031232078615108898
7827,8.0,0.31021463935474786,0.03581538490849279
7828,8.0,0.30191644465062234,0.042225304858606635
7829,8.0,0.17460795093013834,0.029488253525575176
7830,8.0,0.2869926169546315,0.03701866736906581
7831,8.0,0.19719881976903547,0.029106076702631576
7832,8.0,0.3150819948189957,0.040985832873045594
7833,8.0,0.24810628063192539,0.026099516074746535
7834,8.0,0.24715376617942336,0.02522306135710649
7835,8.0,0.35167553356470266,0.03786327492276474
7836,8.0,0.23720480142300626,0.026670168323061808
7837,8.0,0.2476627969349726,0.027550102121437724
7838,8.0,0.32644265808981365,0.039604167253891834
7839,8.0,0.3331078631856656,0.044795483788244383
7840,8.0,0.2153524311578937,0.03167337391056165
7841,8.0,0.2642168506886928,0.036826518763237
7842,8.0,0.27249116145570523,0.03850497102827398
7843,8.0,0.34456904705887786,0.04231524499957683
7844,8.0,0.21202480897849843,0.029593877806864288
7845,8.0,0.24240718547681703,0.036482745628167265
7846,8.0,0.4641443477100986,0.05087762702274555
7847,8.0,0.33621577288198623,0.039614872812269795
7848,8.0,0.21573160219960813,0.029346646871213175
7849,8.0,0.24183149854475217,0.03447345431838537
7850,8.0,0.27271727975640464,0.02748796033247785
7851,8.0,0.24963394663916205,0.024818775764649588
7852,8.0,0.34385678998832436,0.03345763521958264
7853,8.0,0.2819440927836882,0.024169543522659594
7854,8.0,0.3384513788319762,0.03234437358682642
7855,8.0,0.27447938802441624,0.02840919726565456
7856,8.0,0.27956581751624016,0.02370881128368958
7857,8.0,0.28160034019342506,0.022972669929550806
7858,8.0,0.2756006446350345,0.027809495085994066
7859,8.0,0.32027413244631864,0.035120099827612036
7860,8.0,0.3291372209848324,0.029622558269401304
7861,8.0,0.33504510611867727,0.032917717471113106
7862,8.0,0.30343115531130355,0.029429600096070558
7863,8.0,0.3018078848900014,0.026173844389241238
7864,8.0,0.30180987105609786,0.02382499451490238
7865,8.0,0.18321521029632695,0.01511200479555791
7866,8.0,0.2934716038035951,0.02715698212665668
7867,8.0,0.32822002450130244,0.02625268983487059
7868,8.0,0.1830366578629998,0.018305383508122483
7869,8.0,0.29836224953043544,0.028009446506333656
7870,8.0,0.2966611390188157,0.02649554011124385
7871,8.0,0.33930865565016005,0.030091258484913605
7872,8.0,0.27007027292233715,0.02881634355558529
7873,8.0,0.34000917916900214,0.03141845450042042
7874,8.0,0.26224488145186314,0.02762557472403227
7875,8.0,0.34671507407025765,0.031061289045861314
7876,8.0,0.3848004209937163,0.03467093682382828
7877,8.0,0.24223169849624893,0.027709765650436306
7878,8.0,0.3283284060263251,0.03137944814392833
7879,8.0,0.29696794615907135,0.027622764610089973
7880,8.0,0.28004468135729005,0.026082970342425925
7881,8.0,0.329991815227298,0.023835147115956145
7882,8.0,0.32885100039439935,0.025686817235883962
7883,8.0,0.28008935558862497,0.02657285238169886
7884,8.0,0.35677868589234857,0.03161632442499935
7885,8.0,0.28949028039689423,0.02564561293859027
7886,8.0,0.3861854112814226,0.030779953600805526
7887,8.0,0.31708770852825335,0.028862458456285836
7888,8.0,0.260111042044576,0.02812618286779631
7889,8.0,0.27247609776658016,0.023539055490203638
7890,8.0,0.24382268954130698,0.024914519092687385
7891,8.0,0.24336911423084948,0.023435849164049397
7892,8.0,0.24347588817829868,0.02287368250190031
7893,8.0,0.24137158368744527,0.02119372261591006
7894,8.0,0.20306310146971215,0.023236865771954242
7895,8.0,0.24440981990374502,0.0230855818459464
7896,8.0,0.23288044820595283,0.023075826929079214
7897,8.0,0.12454510311875548,0.01671124439414236
7898,8.0,0.21434427251667734,0.0225875962955271
7899,8.0,0.12503530255861212,0.014115270979654348
7900,8.0,0.3382676229834963,0.03733788004865483
7901,8.0,0.38746130346938873,0.038502605128532666
7902,8.0,0.49188229508993203,0.04043888313352066
7903,8.0,0.4053082495943291,0.03485701028151785
7904,8.0,0.35634391334874627,0.035733173094061856
7905,8.0,0.5190326450014449,0.04153671098300377
7906,8.0,0.4602436648035202,0.04002974359664167
7907,8.0,0.4147556149661727,0.0392643736327807
7908,8.0,0.4267087557723393,0.0369829792957449
7909,8.0,0.44598888034439643,0.038415372781106016
7910,8.0,0.09231252033953642,0.0196007079771647
7911,8.0,0.139109824214658,0.021955910891134914
7912,8.0,0.2897091683825613,0.0359249541619065
7913,8.0,0.37064665853685624,0.03637524459350937
7914,8.0,0.500295424275554,0.04361700022987799
7915,8.0,0.09225712361562652,0.01889903486579695
7916,8.0,0.09225583473310581,0.01770877107417659
7917,8.0,0.43448503234711144,0.03917484390432949
7918,8.0,0.40104116279861385,0.03769647851948209
7919,8.0,0.47220650133362535,0.041737603882332434
7920,8.0,0.2623821742379327,0.03468642815732172
7921,8.0,0.17407874233749485,0.021465008981176807
7922,8.0,0.12789569560940378,0.014904316530584055
7923,8.0,0.28476335263057445,0.0335878503473603
7924,8.0,0.17688579542222285,0.01995150367397604
7925,8.0,0.16717122423416894,0.01732945409446407
7926,8.0,0.1765891568674576,0.020656972060461957
7927,8.0,0.17702142608301757,0.017647332905917273
7928,8.0,0.256067854661782,0.02745760287739097
7929,8.0,0.18620310570694001,0.023092422259069066
7930,8.0,0.2689271447726004,0.03064195928524705
7931,8.0,0.25972168523622946,0.023092441690460284
7932,8.0,0.26915753860045344,0.029416036750152218
7933,8.0,0.22955914653585927,0.0257909175832279
7934,8.0,0.4033078343851516,0.038761757175734095
7935,8.0,0.1431625345265233,0.021975100564006908
7936,8.0,0.2612016159527242,0.028326047462560823
7937,8.0,0.39954049943244335,0.037965599195164144
7938,8.0,0.26900857583690946,0.029045894658942813
7939,8.0,0.23150413280695162,0.02933515265968686
7940,8.0,0.3601294731057225,0.03558234208679747
7941,8.0,0.2260857677969327,0.028967750084107395
7942,8.0,0.32317735631776945,0.03307504188181205
7943,8.0,0.2342538363227643,0.026561532658993827
7944,8.0,0.34522001239739625,0.03603978701822917
7945,8.0,0.35279497320113945,0.03587053279230179
7946,8.0,0.2592807335637881,0.03324978158429163
7947,8.0,0.37634507534799455,0.03625313726101311
7948,8.0,0.3599231017089962,0.03695705820981528
7949,8.0,0.36345371040215774,0.03604628152330804
7950,8.0,0.33147141467193875,0.0350769314659198
7951,8.0,0.17001605501580522,0.01506248761398895
7952,8.0,0.17015647142719506,0.016190736988002545
7953,8.0,0.1690577578049024,0.013878173169519505
7954,8.0,0.16998476451947198,0.015815539634856587
7955,8.0,0.16896758150063865,0.01333607617442966
7956,8.0,0.16896064344901096,0.015578572050491124
7957,8.0,0.17012292073904717,0.01674860005059033
7958,8.0,0.16901025971741238,0.016528380028871987
7959,8.0,0.16936349444492266,0.01379790155469323
7960,8.0,0.17323073251646862,0.023591519103387845
7961,8.0,0.3127847935870568,0.03394738877940813
7962,8.0,0.24882698233956502,0.032014923214017076
7963,8.0,0.22600495342758867,0.025936617451500218
7964,8.0,0.2964836651965473,0.03475034578533479
7965,8.0,0.36429886463522876,0.03521766051148988
7966,8.0,0.25204976211363633,0.03115926626364541
7967,8.0,0.24453569177148132,0.031316867988631154
7968,8.0,0.30335656447683934,0.031420068692024745
7969,8.0,0.3805942144765489,0.03910434421736943
7970,8.0,0.27230996329625407,0.030004659368829078
7971,8.0,0.3472640367487188,0.036464489995188955
7972,8.0,0.3806026800279317,0.03948449568518648
7973,8.0,0.1701506748914354,0.02403302913204332
7974,8.0,0.2561457832981096,0.03120739809039026
7975,8.0,0.3573997320705699,0.0337908646345478
7976,8.0,0.37894371343935906,0.03769656061725782
7977,8.0,0.266386012315953,0.026066414675253027
7978,8.0,0.27217859161825625,0.028387458241632673
7979,8.0,0.33208831061654626,0.03590872304871209
7980,8.0,0.2651241480573345,0.026879714240353358
7981,8.0,0.165206628107919,0.018189413874418938
7982,8.0,0.27198647561808476,0.032276000382644165
7983,8.0,0.16278845014461166,0.022084328699693796
7984,8.0,0.26752709927460144,0.029866849432998
7985,8.0,0.2844419813627527,0.03337302181164562
7986,8.0,0.21069646307059503,0.024592093708100195
7987,8.0,0.2251924536687951,0.024137990265470685
7988,8.0,0.3000591345130058,0.03174006269823085
7989,8.0,0.17147554540139784,0.02340869174506073
7990,8.0,0.29530835212136264,0.0287733013780749
7991,8.0,0.4010927251207452,0.03728410203653536
7992,8.0,0.3312527075602215,0.03207887516895614
7993,8.0,0.29455843466713505,0.030354990855752335
7994,8.0,0.33802085810636334,0.03536814006674778
7995,8.0,0.3321428506471753,0.03146820374936846
7996,8.0,0.2660281821966005,0.027100820612408347
7997,8.0,0.2944173202175425,0.030032424318434756
7998,8.0,0.2951033214362803,0.03372646746178256
7999,8.0,0.33460117301220554,0.03335426632966182
8000,8.5,0.43168322723465746,0.05106778227140349
8001,8.5,0.156982859733711,0.024540812849643122
8002,8.5,0.4173446533806359,0.050312110066566405
8003,8.5,0.5101853576291131,0.05691459093813933
8004,8.5,0.4233817427219478,0.049189151945906756
8005,8.5,0.458580471255335,0.05282498059780028
8006,8.5,0.15700464908342648,0.023467609494331597
8007,8.5,0.49791664989033907,0.05886219660947744
8008,8.5,0.5183646299501236,0.05875947592112129
8009,8.5,0.3987624565614276,0.04978135287731695
8010,8.5,0.49221778874088373,0.05800462866791426
8011,8.5,0.48995403946436955,0.056666322351504636
8012,8.5,0.42233767977148895,0.05111022997468845
8013,8.5,0.3700794162017805,0.04649563564463871
8014,8.5,0.47707937917134396,0.053226375852917
8015,8.5,0.444066865320925,0.05636159862549668
8016,8.5,0.42823412020758855,0.05296832452895362
8017,8.5,0.4886551569811565,0.05520441224474901
8018,8.5,0.30879139785883214,0.044123074372629446
8019,8.5,0.5145040687677144,0.056334390716477535
8020,8.5,0.5291886115751804,0.061953722866884296
8021,8.5,0.40676697234397297,0.05517169605882476
8022,8.5,0.4589436132534124,0.05658390845480767
8023,8.5,0.4837662026521483,0.05738537158317025
8024,8.5,0.46280351257991653,0.05751487084692715
8025,8.5,0.4574113250692032,0.05233659255907837
8026,8.5,0.513652457640868,0.05923860969959076
8027,8.5,0.5249921544446594,0.05902559916380022
8028,8.5,0.5117958179303774,0.05920463861479902
8029,8.5,0.547008924983975,0.061994994804801334
8030,8.5,0.273425597358739,0.04211724268303277
8031,8.5,0.27275822319517584,0.04159689017973691
8032,8.5,0.1248091082489687,0.020295973579957972
8033,8.5,0.3793745033155921,0.04734317829925317
8034,8.5,0.12488013176595339,0.023169364216556076
8035,8.5,0.3056089580981167,0.04203911827734724
8036,8.5,0.19663417970611885,0.027217081833034718
8037,8.5,0.12449600853798017,0.022160649178102447
8038,8.5,0.30433690837156785,0.0429133484914748
8039,8.5,0.19633011624505747,0.025085325039938197
8040,8.5,0.4438125871101178,0.05444904470248754
8041,8.5,0.49499023507682743,0.05874222756270393
8042,8.5,0.46246602027435335,0.058996995035374665
8043,8.5,0.50583508537188,0.06190702661911779
8044,8.5,0.5303952158581936,0.06168009069487323
8045,8.5,0.5041375431136719,0.06011569872570641
8046,8.5,0.5261504845631477,0.06009927839015467
8047,8.5,0.44805318292527585,0.05777693536512271
8048,8.5,0.4419196278410847,0.0570840420477868
8049,8.5,0.44411522909024315,0.05388803401440244
8050,8.5,0.3067178373211086,0.033367222831993434
8051,8.5,0.297075152532659,0.0334731338955732
8052,8.5,0.294022065635352,0.03448282380736337
8053,8.5,0.3022582309824751,0.0327552878803936
8054,8.5,0.2337398280536374,0.026233599184222897
8055,8.5,0.3121868943489203,0.033852994030329056
8056,8.5,0.30890820643681344,0.03567445348759539
8057,8.5,0.3572933381110004,0.036177054334261896
8058,8.5,0.2895707445888769,0.03511102830050376
8059,8.5,0.2937190686941321,0.03456999384422421
8060,8.5,0.2797772244758016,0.031024377390192856
8061,8.5,0.473530286854484,0.049414034766169505
8062,8.5,0.4071628751876713,0.039551742743041796
8063,8.5,0.24291607646636545,0.030263245535322125
8064,8.5,0.3517061727217836,0.03715574037799353
8065,8.5,0.33233246104352393,0.03661062592099557
8066,8.5,0.2686753385529426,0.028437473901630966
8067,8.5,0.24310780110398789,0.02893474093750291
8068,8.5,0.4619420640258799,0.04771307381149881
8069,8.5,0.27876101722531155,0.028676029618766728
8070,8.5,0.4260873312249314,0.040234874908778286
8071,8.5,0.38739379792510004,0.03568955805226559
8072,8.5,0.37534132593311326,0.039132600545568975
8073,8.5,0.38067330751877476,0.04036156324982053
8074,8.5,0.37461782681578415,0.038879056938358574
8075,8.5,0.5068541915947608,0.04305788747238584
8076,8.5,0.451295971661461,0.042674327019652625
8077,8.5,0.3021287921610528,0.03351082242234244
8078,8.5,0.3052163501939425,0.03149572464282742
8079,8.5,0.30432535395505395,0.03415094933827309
8080,8.5,0.45285078910052,0.041202536303101285
8081,8.5,0.4249431368351372,0.040763700496443546
8082,8.5,0.398537013927226,0.04286723447836083
8083,8.5,0.4537073162434413,0.040990035007052665
8084,8.5,0.428732470570756,0.04125959709293596
8085,8.5,0.4446754929783376,0.04455136464238521
8086,8.5,0.3938267171922406,0.04121623701899154
8087,8.5,0.4761923739099108,0.04402165362236212
8088,8.5,0.3772521145808165,0.040260049435909766
8089,8.5,0.4450487848876141,0.04343402122816683
8090,8.5,0.31742222404344833,0.03225002741945127
8091,8.5,0.29938646122067786,0.03157555055110521
8092,8.5,0.3456614590783598,0.03657459854666741
8093,8.5,0.3296921919955104,0.036456453881257754
8094,8.5,0.2916861874168071,0.03001478686826109
8095,8.5,0.36481186705310265,0.03493649029094593
8096,8.5,0.3456300257213606,0.03847308862192069
8097,8.5,0.35809419898275346,0.037564799971511915
8098,8.5,0.446539560064671,0.04636258663407619
8099,8.5,0.34203243602554345,0.03744720671311187
8100,8.5,0.24670260852864564,0.026286827215432636
8101,8.5,0.24765081552927778,0.027448316625594826
8102,8.5,0.3232388780440771,0.030883587081257907
8103,8.5,0.41807399298830844,0.036835957034071415
8104,8.5,0.2476632110052182,0.028729383576650405
8105,8.5,0.2934397221055521,0.03100341028788511
8106,8.5,0.3180271081329014,0.03139991804380906
8107,8.5,0.33621931697561247,0.03355219471810531
8108,8.5,0.30086074162551907,0.028915128238772157
8109,8.5,0.2471859974556608,0.028964444416636873
8110,8.5,0.2863944737154477,0.029261074882971028
8111,8.5,0.2957701774415263,0.030488994144900156
8112,8.5,0.2803352093039624,0.02203480380532824
8113,8.5,0.3581767980547493,0.03236463867103618
8114,8.5,0.25666010875644957,0.025590147754436274
8115,8.5,0.32301693192248654,0.029487864882151958
8116,8.5,0.3259569522870489,0.03084952487967885
8117,8.5,0.2792755582902411,0.02510659104403029
8118,8.5,0.2847232023101154,0.025360119710532487
8119,8.5,0.28434645261086994,0.026832034483003874
8120,8.5,0.37229321371632773,0.037670130204847455
8121,8.5,0.3770789239391877,0.036593355254298646
8122,8.5,0.3410505398106714,0.032585250788363766
8123,8.5,0.36839661475305024,0.038755129378419496
8124,8.5,0.44060342358699,0.04281650442711519
8125,8.5,0.44159156315320375,0.04410298662836602
8126,8.5,0.32541716892787187,0.03256830778202632
8127,8.5,0.3223341399296664,0.03539518408454446
8128,8.5,0.2272419875957596,0.022603374885956675
8129,8.5,0.30180180562557585,0.02912204193455912
8130,8.5,0.34765494448995743,0.03721875983351496
8131,8.5,0.34161434581408695,0.033308377102489455
8132,8.5,0.3042195230126776,0.031305418683640444
8133,8.5,0.26949752131703647,0.027716465159990912
8134,8.5,0.33056355806912385,0.03585517777285753
8135,8.5,0.337208700208495,0.03536162195326068
8136,8.5,0.3226472023291012,0.03557318922883538
8137,8.5,0.3057565224785685,0.030949787919869264
8138,8.5,0.23159815487241,0.022144210031911683
8139,8.5,0.3068659578036842,0.030701287878516118
8140,8.5,0.2468148680953564,0.02761985739069015
8141,8.5,0.24616455648353514,0.02982519994720404
8142,8.5,0.24535425308144931,0.025865941745862195
8143,8.5,0.248470066655049,0.027085081236405874
8144,8.5,0.361159364028931,0.039492827809101
8145,8.5,0.24786160765351797,0.027223247807783443
8146,8.5,0.24784304388639558,0.025790179404249942
8147,8.5,0.2873836662115827,0.03419783359757138
8148,8.5,0.24828353129036534,0.02605514459499186
8149,8.5,0.2463930026578442,0.02539271732769856
8150,8.5,0.4733396195940784,0.04651038440781449
8151,8.5,0.2556269668740793,0.03278488938907161
8152,8.5,0.4395660722319898,0.049288641545513934
8153,8.5,0.47729287860982955,0.04581843985239305
8154,8.5,0.3890816612069859,0.045950689908138616
8155,8.5,0.45688487458511023,0.04693313715545422
8156,8.5,0.31807369211067144,0.03973958820469098
8157,8.5,0.40708235426038525,0.04648761855034024
8158,8.5,0.4724725015509978,0.05108577013280916
8159,8.5,0.4194541857754705,0.046493203729096134
8160,8.5,0.24459454537566908,0.028724296786814856
8161,8.5,0.29479941840337653,0.03335965964962202
8162,8.5,0.25941793906325955,0.03078891648258763
8163,8.5,0.29264962221641455,0.03412059466194896
8164,8.5,0.26014146633498764,0.02574265505410138
8165,8.5,0.2826781078615397,0.03379066314954024
8166,8.5,0.24422148429816068,0.02705459278848646
8167,8.5,0.2878815861927752,0.031927816379605053
8168,8.5,0.2919477344373865,0.02898736268272103
8169,8.5,0.32479754909132613,0.03161428720888124
8170,8.5,0.2658140076535808,0.03672295043336039
8171,8.5,0.42836098260163064,0.049532319093525456
8172,8.5,0.4076604309716474,0.048205614136923675
8173,8.5,0.43057764586826713,0.04425113417678094
8174,8.5,0.41590784394543817,0.04740369805837647
8175,8.5,0.26634406529643034,0.03233922939708144
8176,8.5,0.4851745830018869,0.05137902162509512
8177,8.5,0.48669768056558327,0.04586638423042787
8178,8.5,0.38174176386845193,0.0413135263248188
8179,8.5,0.40366806509025427,0.046380300450156974
8180,8.5,0.19958184724708225,0.017705739100014533
8181,8.5,0.19971081954269373,0.018252216683984628
8182,8.5,0.1999527166761041,0.018716739577890003
8183,8.5,0.16518865133204388,0.021291097989796223
8184,8.5,0.19964589827271545,0.017079105982560176
8185,8.5,0.20014616687520867,0.019740777499920186
8186,8.5,0.2189108025738398,0.020727594264849495
8187,8.5,0.2179223933585484,0.02027784098432344
8188,8.5,0.19977403805617253,0.020571708909739406
8189,8.5,0.1997206762245217,0.01789736175568378
8190,8.5,0.31090292171043477,0.03589189841626133
8191,8.5,0.12343565338365439,0.02179515205680365
8192,8.5,0.42893214745554237,0.043204936692102
8193,8.5,0.16010831596337452,0.022330995367338305
8194,8.5,0.3693472247160457,0.044103165304539754
8195,8.5,0.20666233480004065,0.03263123061900169
8196,8.5,0.16086263787931676,0.02486528129741959
8197,8.5,0.16151140929694818,0.023579317938312784
8198,8.5,0.16032704112457832,0.022040831925303032
8199,8.5,0.3545968243937667,0.04455940933875457
8200,8.5,0.09163938932524844,0.01706010004156483
8201,8.5,0.08800856305001735,0.015253455342801306
8202,8.5,0.09245185694051965,0.017243266757558367
8203,8.5,0.09226196226357851,0.016948879335686635
8204,8.5,0.09216050689261936,0.016757131295164693
8205,8.5,0.09200559564136843,0.016067304003560216
8206,8.5,0.0925254568312273,0.015981293774125802
8207,8.5,0.09231347550141761,0.014894778340178511
8208,8.5,0.09180399883665373,0.016299105111067847
8209,8.5,0.09252705341627239,0.01668683306812368
8210,8.5,0.43686658970964,0.04970739432992277
8211,8.5,0.11822572614091359,0.020681284811220422
8212,8.5,0.11530675548560348,0.01689581845212184
8213,8.5,0.11253701661112012,0.020106525797053423
8214,8.5,0.39715348355615865,0.04578176826006779
8215,8.5,0.11413993441386523,0.020063333469953586
8216,8.5,0.2973670927904022,0.03711630454372792
8217,8.5,0.11575041951420302,0.020121212548179033
8218,8.5,0.11300484595561014,0.019161591173190638
8219,8.5,0.11729937084813555,0.020944141373948972
8220,8.5,0.2753873760828491,0.03374229564730985
8221,8.5,0.37696425201895845,0.04186715466367026
8222,8.5,0.22142666167885805,0.028079333721043983
8223,8.5,0.43188351628612476,0.046104699674225
8224,8.5,0.3647795804127966,0.03882279707752707
8225,8.5,0.2965537016218774,0.036956105683863066
8226,8.5,0.25017281912014794,0.031006057558634424
8227,8.5,0.2257866823946512,0.028935620410731052
8228,8.5,0.297199957607196,0.028931839141383607
8229,8.5,0.3716167000915026,0.04175831922306492
8230,8.5,0.3720787644158159,0.040991613654039596
8231,8.5,0.2923367727930889,0.033167784322826806
8232,8.5,0.3683775101949978,0.04447894003534026
8233,8.5,0.3899231317279083,0.04364363119456097
8234,8.5,0.36375912164123086,0.04279704881436883
8235,8.5,0.4615038777819085,0.04782110444568021
8236,8.5,0.38730301423566915,0.04426652092991419
8237,8.5,0.35400394251588296,0.03919229628758243
8238,8.5,0.3015084969305562,0.03572225935346641
8239,8.5,0.3653383052497777,0.04052711108003019
8240,8.5,0.26453064783813446,0.025449866328696964
8241,8.5,0.22380054732260574,0.03039066593859785
8242,8.5,0.26257498052220957,0.02851869291751113
8243,8.5,0.2754372377215238,0.03284942491522004
8244,8.5,0.45474036300853793,0.0461860237925317
8245,8.5,0.3370184236705218,0.0402753020830705
8246,8.5,0.20837878183468236,0.026827196069434543
8247,8.5,0.20415288635507328,0.02198078499544064
8248,8.5,0.2034894032112339,0.023972820375761594
8249,8.5,0.20307599897615008,0.025530620146782698
8250,8.5,0.3951814482462309,0.03989665001032458
8251,8.5,0.39106181646958377,0.03957572363663783
8252,8.5,0.40523655048105084,0.04184237897613304
8253,8.5,0.32318107451078526,0.036824541775143445
8254,8.5,0.40654500390113935,0.04239799151780203
8255,8.5,0.40108609577382826,0.04252555618014481
8256,8.5,0.49374008965137645,0.05010527374944945
8257,8.5,0.40340481159271846,0.04079396479357591
8258,8.5,0.39212588051519265,0.038273794122905214
8259,8.5,0.4437449062226032,0.04776832213124474
8260,8.5,0.2733321561776407,0.02772727967504147
8261,8.5,0.35398176090477523,0.04007150126898442
8262,8.5,0.2784730060877045,0.028449844924372854
8263,8.5,0.2928690921174854,0.030981356022792072
8264,8.5,0.2452772052508533,0.022351205324096332
8265,8.5,0.24562589601346538,0.01829980329370528
8266,8.5,0.26248477399265596,0.025994546265836447
8267,8.5,0.22689704034711689,0.02355147665853855
8268,8.5,0.26064338316121816,0.027417713458971246
8269,8.5,0.3093889484948279,0.03239064456275619
8270,8.5,0.27731109240658997,0.0280073247669468
8271,8.5,0.4556068911259141,0.04417895078821669
8272,8.5,0.4007275791519526,0.04196026255873449
8273,8.5,0.27742271976409216,0.027345197414059205
8274,8.5,0.4702742156545719,0.045750982943561495
8275,8.5,0.3849766069204145,0.042518374673793644
8276,8.5,0.3954260882732024,0.04050860612151109
8277,8.5,0.27012313540683175,0.026643613538712516
8278,8.5,0.4267137233921966,0.04201830908150033
8279,8.5,0.346015390600219,0.038525330874116574
8280,8.5,0.48029312359754317,0.053466187973383435
8281,8.5,0.1736810540101592,0.02644078564597419
8282,8.5,0.40521593605286105,0.04501910042504983
8283,8.5,0.34044892241476404,0.041893442983712934
8284,8.5,0.4553614153697478,0.04993845588952358
8285,8.5,0.2713895355146276,0.03217794627182645
8286,8.5,0.47745519574328826,0.049801349654994435
8287,8.5,0.19937486286215658,0.03013868110490948
8288,8.5,0.17372181526166028,0.030262911807799574
8289,8.5,0.29285711801582787,0.03498635482648338
8290,8.5,0.43011236229206984,0.04248428278246953
8291,8.5,0.4227128302790917,0.042007317436974945
8292,8.5,0.29661593212416776,0.02858849632211992
8293,8.5,0.37549317368352053,0.040044592308448
8294,8.5,0.3272229240151068,0.03730788774706214
8295,8.5,0.4521055004479388,0.047616601802096176
8296,8.5,0.45642410242203635,0.04741367516311068
8297,8.5,0.33764236022457134,0.03938394023860478
8298,8.5,0.4562360032208929,0.041022419864906214
8299,8.5,0.5008601047761462,0.0475592919317142
8300,8.5,0.2699328670204228,0.03155264276260227
8301,8.5,0.4148436356118903,0.04386818765532332
8302,8.5,0.3566735849315336,0.0461595359997257
8303,8.5,0.41610404563150594,0.04799798302101968
8304,8.5,0.4145136456269397,0.047969621033561685
8305,8.5,0.25885993310683103,0.03595315045053588
8306,8.5,0.37880285682411013,0.042363824182705186
8307,8.5,0.2278968885414555,0.0314149664431379
8308,8.5,0.38871717097883896,0.040210127287560626
8309,8.5,0.35949931023563364,0.04484963841992951
8310,8.5,0.18461284065324818,0.025914272742207638
8311,8.5,0.4994324287414573,0.05462738269320921
8312,8.5,0.4734330268374648,0.0525339792299568
8313,8.5,0.4715525708596747,0.049789013029527145
8314,8.5,0.48315666310330957,0.05311493550442947
8315,8.5,0.34083014824342417,0.03951922782435055
8316,8.5,0.18626217884703264,0.02143185756283951
8317,8.5,0.386317681345564,0.04232292129575941
8318,8.5,0.14532505271573384,0.020370428105920876
8319,8.5,0.4984230786899593,0.05336146363496801
8320,8.5,0.39644891617436273,0.04804974784928278
8321,8.5,0.4014834600186803,0.052720055941775354
8322,8.5,0.3356265742505303,0.039201126517150034
8323,8.5,0.42648501901976715,0.052583232407237925
8324,8.5,0.369216902822488,0.04739405216780108
8325,8.5,0.46914421854172245,0.051995213407931624
8326,8.5,0.21324254183885064,0.032195543198971194
8327,8.5,0.30836363167369646,0.03834844670593411
8328,8.5,0.36283734225181846,0.049708552227585724
8329,8.5,0.17330754872798138,0.029107040584467
8330,8.5,0.28500951631364885,0.037639284082045796
8331,8.5,0.22061801069287734,0.030796055748011926
8332,8.5,0.30925601754268806,0.041527293777692306
8333,8.5,0.24692163102449613,0.024314171136417657
8334,8.5,0.24587827259856776,0.030466606759911335
8335,8.5,0.3484450758159682,0.0367455022678774
8336,8.5,0.3094554293209807,0.03454822778247866
8337,8.5,0.24660386135386797,0.029717281639217576
8338,8.5,0.3235342024605152,0.03923935923807543
8339,8.5,0.331056251985097,0.04438980865674808
8340,8.5,0.21380431089827137,0.03016889377476707
8341,8.5,0.2622853090826351,0.037819604803275314
8342,8.5,0.2698486662745165,0.037190640942996
8343,8.5,0.3421170494746036,0.04385460749768203
8344,8.5,0.210609655057095,0.03200221992107041
8345,8.5,0.24045545303919083,0.0376209303672616
8346,8.5,0.4837498147317369,0.04989196922134585
8347,8.5,0.3317061619488932,0.04224522236505122
8348,8.5,0.21420445733951834,0.03085572781505293
8349,8.5,0.23982475327703628,0.03774447137120878
8350,8.5,0.2711805618427707,0.027679930756473018
8351,8.5,0.24867049826761425,0.02037969016001013
8352,8.5,0.3794925602430053,0.03489387448974084
8353,8.5,0.2806928673500085,0.024567504317559184
8354,8.5,0.33731223726292153,0.03356847738909751
8355,8.5,0.27334782810948455,0.025994654246931398
8356,8.5,0.27825626315263746,0.025450219738575086
8357,8.5,0.2800854580809814,0.027384683992873093
8358,8.5,0.2741743492923851,0.0263334903981898
8359,8.5,0.31812595622669326,0.036305709070809496
8360,8.5,0.32713816090986114,0.03320242142194096
8361,8.5,0.33503874463382743,0.03451525757066293
8362,8.5,0.30155973567317873,0.02735630538745531
8363,8.5,0.30080118827823366,0.028120155712128635
8364,8.5,0.30072659974326515,0.024985734418490682
8365,8.5,0.18215737607051438,0.015907863648101067
8366,8.5,0.2920288060291402,0.030255942318990123
8367,8.5,0.32695702893271633,0.028447036361817134
8368,8.5,0.1820294957698079,0.01851571286066514
8369,8.5,0.2966266568176169,0.02853102563354383
8370,8.5,0.2949872667183821,0.027866840126726446
8371,8.5,0.3373126078057199,0.02661054344491321
8372,8.5,0.26810373801147724,0.030900703718255488
8373,8.5,0.3382307021509259,0.030463494608169092
8374,8.5,0.26038678737049603,0.028956397786304613
8375,8.5,0.34550744988485615,0.031928227783936634
8376,8.5,0.3822156504733811,0.033583662152680105
8377,8.5,0.24046887892325583,0.02527591935831997
8378,8.5,0.3266883268561908,0.030305349988440314
8379,8.5,0.29525873956161447,0.025636439214466053
8380,8.5,0.2783951206715119,0.025574853164215056
8381,8.5,0.32828170964081627,0.02614181057360885
8382,8.5,0.3270374409086686,0.024741490484020426
8383,8.5,0.2783395979983178,0.024870113336538928
8384,8.5,0.36217581576593394,0.03316633011204906
8385,8.5,0.2879525663000725,0.026478298975168343
8386,8.5,0.3832192879510812,0.03337835941615302
8387,8.5,0.31470290426746567,0.028224005414917753
8388,8.5,0.2584352977092784,0.029395332463206195
8389,8.5,0.27064837326874225,0.022061242212495634
8390,8.5,0.24281998199649216,0.023335691688106116
8391,8.5,0.24241623149449676,0.022363672273865393
8392,8.5,0.24258041255987836,0.02225940518836452
8393,8.5,0.24019713709716298,0.02143405627131495
8394,8.5,0.2044230314762901,0.02271516533259662
8395,8.5,0.24342292734637913,0.023731041784910187
8396,8.5,0.2320967368503883,0.023609380518769794
8397,8.5,0.12336956358931418,0.016210893868150746
8398,8.5,0.21609527672730805,0.022218610187593805
8399,8.5,0.18181937194561193,0.021494779574101
8400,8.5,0.33578918493621096,0.036838867478283015
8401,8.5,0.39080959451842306,0.03416397603085943
8402,8.5,0.48418540469434684,0.040728302660911396
8403,8.5,0.40133173113724696,0.03653718000967571
8404,8.5,0.3525258669939416,0.039138488004821274
8405,8.5,0.5129243951693557,0.04258622932172338
8406,8.5,0.4569850718863599,0.036384239462189126
8407,8.5,0.410011908733247,0.04379596776511005
8408,8.5,0.4218418345625692,0.035535580058757975
8409,8.5,0.4478886669914717,0.04041653950806423
8410,8.5,0.09062966664264353,0.019616510641941448
8411,8.5,0.1364516997901936,0.022968755312003795
8412,8.5,0.28617254521414986,0.03602700347732025
8413,8.5,0.3669260917040742,0.03888179105893221
8414,8.5,0.5024286511698411,0.0444335598857441
8415,8.5,0.09091252609007305,0.01857676526769585
8416,8.5,0.09016268090496488,0.017609213858289632
8417,8.5,0.4263697028570681,0.03988127504120207
8418,8.5,0.3987932532620991,0.03732432867513454
8419,8.5,0.48393393581686794,0.04532606928206912
8420,8.5,0.2601223418656261,0.034547494871323976
8421,8.5,0.17294911716615008,0.02284129650723301
8422,8.5,0.1269325185219684,0.01488655121104755
8423,8.5,0.28204918047198474,0.031979571020403615
8424,8.5,0.1758061876486299,0.02213198922661715
8425,8.5,0.16613078533668277,0.01988572402209281
8426,8.5,0.17566599018542178,0.020359125483861484
8427,8.5,0.17597016603909657,0.022731549488176857
8428,8.5,0.256677217124778,0.027677536202935425
8429,8.5,0.18363971937432294,0.024205163167437958
8430,8.5,0.2663927418115588,0.027824736434689742
8431,8.5,0.25744777726989587,0.02709216370816775
8432,8.5,0.2667182256539787,0.030120821843480087
8433,8.5,0.22753896590061617,0.027100685816074707
8434,8.5,0.40375400321758104,0.03505068582065897
8435,8.5,0.1409907827371681,0.020614873983037175
8436,8.5,0.25875513477442813,0.027790895219303013
8437,8.5,0.39332622418094343,0.04028210023385841
8438,8.5,0.26644022772936293,0.02881491733265711
8439,8.5,0.2292152403713523,0.029100516994974287
8440,8.5,0.35445963429336336,0.037779294056869986
8441,8.5,0.22316333641592231,0.02936936196807954
8442,8.5,0.31924231917312884,0.03583494053947964
8443,8.5,0.2309677040793211,0.028280020385965058
8444,8.5,0.34183953028180003,0.03217042245960124
8445,8.5,0.34737950969026415,0.036731788735297644
8446,8.5,0.2558544920807245,0.03133430905666368
8447,8.5,0.36848884839924734,0.035531034353699
8448,8.5,0.35643253450191187,0.03719940163496946
8449,8.5,0.36371171640041233,0.0381292362506022
8450,8.5,0.32765539113677034,0.034414894628628574
8451,8.5,0.16894129837749047,0.01547055099377412
8452,8.5,0.16895841256451277,0.015299186570178152
8453,8.5,0.1680849502629082,0.015497551381740304
8454,8.5,0.1688270834681104,0.013889101571331563
8455,8.5,0.16793310026318012,0.01739931837782478
8456,8.5,0.16778635620309335,0.016412382173402868
8457,8.5,0.1691092111624279,0.015765106121428677
8458,8.5,0.16809711131483612,0.016518999800296374
8459,8.5,0.168157573380817,0.013493426812276898
8460,8.5,0.17044562593073362,0.021097084010610386
8461,8.5,0.30929545741275055,0.036338050250009815
8462,8.5,0.24490752685849454,0.028884519224510324
8463,8.5,0.22404982055062186,0.02571266911572169
8464,8.5,0.295166027362965,0.031147694666393163
8465,8.5,0.3600175859269422,0.03866608421367145
8466,8.5,0.24950184401580164,0.03159969321716242
8467,8.5,0.24076393723955752,0.031211008536842003
8468,8.5,0.2993519358215828,0.03283557963530631
8469,8.5,0.3823134648796451,0.038117706516456164
8470,8.5,0.26988122743927817,0.028876729192827227
8471,8.5,0.3472589445132384,0.03598228657745376
8472,8.5,0.38434345039314055,0.03916744981888433
8473,8.5,0.16851207394121437,0.020062463881006083
8474,8.5,0.2598163645260132,0.030845594615801317
8475,8.5,0.36904065822498056,0.03644294094648409
8476,8.5,0.41553605094810575,0.038320284638155726
8477,8.5,0.2637068750497637,0.028707815254827
8478,8.5,0.2704310567104207,0.02716474423895059
8479,8.5,0.33976106388612903,0.03343028579153521
8480,8.5,0.2624504995173239,0.026730088479233537
8481,8.5,0.1630872049769684,0.017096550460565987
8482,8.5,0.2690935178135397,0.029756084657317536
8483,8.5,0.16063661916288322,0.020104788946250656
8484,8.5,0.2647442989464662,0.028625836715820193
8485,8.5,0.2827832589205061,0.03428508156256262
8486,8.5,0.2084925979544136,0.02426027871552499
8487,8.5,0.22235382456925118,0.028988258998204283
8488,8.5,0.2972708599171577,0.0325782958514027
8489,8.5,0.16869650439976952,0.019881033373559197
8490,8.5,0.2919318778308615,0.032739832241536704
8491,8.5,0.3981660007619375,0.032842612729393775
8492,8.5,0.3277183727885644,0.03519530906864512
8493,8.5,0.29152481049013573,0.03186534691267712
8494,8.5,0.335032774369798,0.03388802575083972
8495,8.5,0.3282737951680854,0.03283510200160055
8496,8.5,0.2636185839808813,0.0285007086095645
8497,8.5,0.29092187901377237,0.030319913660675213
8498,8.5,0.291984986519568,0.030851143649347924
8499,8.5,0.33357258969133974,0.03525830475738387
8500,9.0,0.42595775912310047,0.04685367599018299
8501,9.0,0.1550342084603003,0.021724485246990773
8502,9.0,0.42685077924375425,0.05147682717885334
8503,9.0,0.5112780465278377,0.058319942050974606
8504,9.0,0.43638165040775106,0.047932156834379624
8505,9.0,0.4522708097107352,0.052843437736256674
8506,9.0,0.1553312859309762,0.01972338513619167
8507,9.0,0.5003813938681426,0.057710353510321624
8508,9.0,0.5092322783623522,0.06012553706856427
8509,9.0,0.4002001356228274,0.05053302881189569
8510,9.0,0.4871847182330755,0.05688607747538548
8511,9.0,0.48668601686201746,0.05364225583501959
8512,9.0,0.419572529591634,0.05124897102403826
8513,9.0,0.3656288320202124,0.0472290965111618
8514,9.0,0.4708880104849421,0.055160093615043586
8515,9.0,0.4400345381412684,0.055550132996114686
8516,9.0,0.42750312990328815,0.05375376457561185
8517,9.0,0.48121733431544167,0.05453641704999321
8518,9.0,0.3330697469777157,0.04623032672080707
8519,9.0,0.5072633741732236,0.05882892099996399
8520,9.0,0.5236487685107034,0.06247770230182539
8521,9.0,0.4023404906427201,0.051949303042087704
8522,9.0,0.45409906945405465,0.05500158647760264
8523,9.0,0.4756967098314221,0.058020707594811205
8524,9.0,0.4577696236783457,0.05619735896994762
8525,9.0,0.48319043039412635,0.05488279443773858
8526,9.0,0.514909034470578,0.05968812580281834
8527,9.0,0.5193038424650086,0.05882844029101923
8528,9.0,0.5119618473436163,0.05793125696026604
8529,9.0,0.5415064778846107,0.06420900698516502
8530,9.0,0.2714205684202924,0.042209454198936694
8531,9.0,0.27003887113741637,0.03991924436254012
8532,9.0,0.12367046069408201,0.022197406493523787
8533,9.0,0.37580719824667047,0.045555382908359865
8534,9.0,0.1235211699344722,0.01990461640358665
8535,9.0,0.30238481373538856,0.041784318128170204
8536,9.0,0.19584238972772341,0.02872954590979316
8537,9.0,0.12326700698063715,0.019387182754546435
8538,9.0,0.3025865867034164,0.045806341794547706
8539,9.0,0.19427925832081597,0.028066374850106667
8540,9.0,0.4421640302674114,0.05442101829502335
8541,9.0,0.49346966128218817,0.06050952848624007
8542,9.0,0.4710982311429077,0.05731485318884066
8543,9.0,0.5001601008135886,0.06202850179952312
8544,9.0,0.5264771192006228,0.06119831689522306
8545,9.0,0.504607343632333,0.05900889384807634
8546,9.0,0.5329411357355437,0.058873437012172236
8547,9.0,0.4427847566071394,0.05710230927328907
8548,9.0,0.4390383976756651,0.054328837493463754
8549,9.0,0.4392707944324699,0.055491804391131286
8550,9.0,0.30536180903575966,0.034295125519623236
8551,9.0,0.2952424744624219,0.032924734239555886
8552,9.0,0.29174888285525613,0.032967902672338144
8553,9.0,0.30023484573860676,0.032820679736249844
8554,9.0,0.23100686313628116,0.025994923047084388
8555,9.0,0.3117932435062037,0.03474832671363883
8556,9.0,0.30704961385955926,0.03350344077955493
8557,9.0,0.3552549711379039,0.03615064217188919
8558,9.0,0.2873201368449073,0.03434552697946282
8559,9.0,0.29129430396151235,0.0335316831326122
8560,9.0,0.27757373966826704,0.031715300370910485
8561,9.0,0.4729628254865179,0.050269595389870775
8562,9.0,0.40108315382842047,0.04170106813656348
8563,9.0,0.2411686444823685,0.027449061226184162
8564,9.0,0.34945301608657003,0.03789237143937464
8565,9.0,0.3295674740646732,0.03563193050352361
8566,9.0,0.2665452505628109,0.026129019169270084
8567,9.0,0.24131369977338502,0.025932876019331808
8568,9.0,0.4519161350238061,0.04510427038532828
8569,9.0,0.27688340466017475,0.029866430022717137
8570,9.0,0.42448993994177275,0.04044525727713526
8571,9.0,0.3856097587356776,0.03967979454932328
8572,9.0,0.3756368664900561,0.038204979300625365
8573,9.0,0.37877954830202126,0.03845482225722339
8574,9.0,0.3734381089339257,0.03598890760824628
8575,9.0,0.5014480862709314,0.04294562279750916
8576,9.0,0.4484610812064368,0.042949083652610597
8577,9.0,0.3009566252746425,0.0314069168885374
8578,9.0,0.3035645150809121,0.033007764083564935
8579,9.0,0.30302423278790286,0.03546362828585261
8580,9.0,0.45088624958987183,0.04387711845231785
8581,9.0,0.42232565771872127,0.04232335736783112
8582,9.0,0.39628145350699234,0.04228868331338833
8583,9.0,0.4511629331987751,0.04354670499292334
8584,9.0,0.4292476792334859,0.04676670800227951
8585,9.0,0.4417415153518191,0.04403003494604006
8586,9.0,0.39188127395027395,0.042356466636073245
8587,9.0,0.47630612508193,0.04342016344319198
8588,9.0,0.3765584159973877,0.04179108521392677
8589,9.0,0.44293164233226184,0.044562108320564446
8590,9.0,0.3153286167519406,0.030200516973229893
8591,9.0,0.29862684913161236,0.03236615388396158
8592,9.0,0.3440811408877169,0.03694459550196919
8593,9.0,0.3713056634825436,0.03935325633509476
8594,9.0,0.28856420345292355,0.03052239791634789
8595,9.0,0.3627473463843421,0.03586757619584979
8596,9.0,0.34424566842628995,0.036509626962219315
8597,9.0,0.35928072566585,0.036251938532137394
8598,9.0,0.4444706969064977,0.04250971258696552
8599,9.0,0.33992984416586186,0.036638018113877215
8600,9.0,0.24469927077640174,0.025796135351537488
8601,9.0,0.2457601478969924,0.026277175627689997
8602,9.0,0.3218394722718724,0.03014980038185607
8603,9.0,0.42444556034304165,0.03668937958441881
8604,9.0,0.2455764235913733,0.028416711928446862
8605,9.0,0.29272729598004066,0.031093483117549562
8606,9.0,0.31690932358924,0.03184328379777165
8607,9.0,0.3350738334898276,0.03278383294142041
8608,9.0,0.29999289594921735,0.02838463126518285
8609,9.0,0.24518946418043525,0.027927454378868753
8610,9.0,0.28614844938338424,0.028083858521068455
8611,9.0,0.29420468118460813,0.03243872763487697
8612,9.0,0.2788785659088798,0.02524421724622207
8613,9.0,0.3535324033664157,0.031640501058548785
8614,9.0,0.2549018130583084,0.026709837747892925
8615,9.0,0.3217517823615847,0.03082472934010255
8616,9.0,0.32436113937825306,0.03446753517318114
8617,9.0,0.2786835458061728,0.023364010441357483
8618,9.0,0.28331805410241845,0.024804165405382328
8619,9.0,0.2843866067290559,0.028366184239011234
8620,9.0,0.37365075356028543,0.03959015543711471
8621,9.0,0.3761328941254382,0.03814700250099764
8622,9.0,0.33899183390623655,0.03277640721685224
8623,9.0,0.37378890812931076,0.03571514115547508
8624,9.0,0.4348164606330019,0.04338411615579575
8625,9.0,0.4399555778946144,0.041914801654622205
8626,9.0,0.3228736450249532,0.031839444404595095
8627,9.0,0.3192788629470796,0.03266582834763107
8628,9.0,0.22516352281081323,0.02155204834751099
8629,9.0,0.29846572274342253,0.030429381515086833
8630,9.0,0.34508795302731415,0.0362696804069714
8631,9.0,0.33904486033369596,0.03336613179135064
8632,9.0,0.30246398323363066,0.027232306659852483
8633,9.0,0.2677622023787321,0.027870793005640264
8634,9.0,0.32811266918083926,0.0314485503810906
8635,9.0,0.3347348722169782,0.03410747915263617
8636,9.0,0.3216465055897292,0.03748119564152699
8637,9.0,0.3039276005998346,0.029924408204109517
8638,9.0,0.22985531013331645,0.026920960755943246
8639,9.0,0.30490519418125994,0.0288843020144444
8640,9.0,0.24515285127253372,0.02647973811521382
8641,9.0,0.24460692705910142,0.027027838860326208
8642,9.0,0.24371662079216938,0.028857918583553698
8643,9.0,0.24668396484243643,0.027180291447900636
8644,9.0,0.3582605498504004,0.03822133925963629
8645,9.0,0.2461725511959909,0.024146139340771592
8646,9.0,0.2460531378934111,0.02907443719192294
8647,9.0,0.2852785250431853,0.03318238834005131
8648,9.0,0.24653049227638293,0.025519167334374905
8649,9.0,0.24484831340688118,0.028196767057062488
8650,9.0,0.4684251738273799,0.049025076225693895
8651,9.0,0.25297576033358593,0.03322411096767902
8652,9.0,0.4403215119634765,0.04988120627470333
8653,9.0,0.46934433546675003,0.04595698052340859
8654,9.0,0.38793974486266813,0.044703816245808964
8655,9.0,0.4505861558745445,0.04812016517786809
8656,9.0,0.3155441437853437,0.0383091886802228
8657,9.0,0.4028202747557649,0.04781053927478295
8658,9.0,0.47060619711211277,0.04949075072706151
8659,9.0,0.42158308186892784,0.0461204038912259
8660,9.0,0.24284910323469563,0.028699209349691068
8661,9.0,0.2927680720307829,0.03193348431901345
8662,9.0,0.2576054319947622,0.03162003804178532
8663,9.0,0.2907445048265357,0.03078667459892058
8664,9.0,0.25806258280694583,0.027149991421790615
8665,9.0,0.28127121054846277,0.033735401251891374
8666,9.0,0.24255475077827113,0.02802444642471849
8667,9.0,0.28601226503604826,0.031792137204434585
8668,9.0,0.2898841741902999,0.029880010447100622
8669,9.0,0.3227255129969909,0.03182305273297105
8670,9.0,0.26383057955947803,0.034069508050463555
8671,9.0,0.422835273032744,0.04983266951805937
8672,9.0,0.40435459628131104,0.04650639844219368
8673,9.0,0.4284389450923523,0.0447621388122773
8674,9.0,0.40837564896354017,0.04676562912254174
8675,9.0,0.26434970648280054,0.029853833840724178
8676,9.0,0.48489717739602056,0.05258722357723667
8677,9.0,0.4783734123432019,0.043117409972215755
8678,9.0,0.37707909210114615,0.04024341934782308
8679,9.0,0.39898767189739254,0.04657065172568409
8680,9.0,0.1980226964724775,0.01566017291127776
8681,9.0,0.19865622528550902,0.0167270535117948
8682,9.0,0.1984512709844203,0.017285635659995337
8683,9.0,0.16337736666375682,0.01974692908119023
8684,9.0,0.19838209822500547,0.019024132950652535
8685,9.0,0.19894278623130968,0.017575497993207238
8686,9.0,0.21760811995463405,0.020437900250060505
8687,9.0,0.21650767720850084,0.02060733896279635
8688,9.0,0.1983260296845989,0.019654455367008432
8689,9.0,0.1984290029633452,0.019324810243712156
8690,9.0,0.30754148152242855,0.03693108062449998
8691,9.0,0.1220430465722817,0.015646590320335385
8692,9.0,0.4219094112789304,0.045428287277986756
8693,9.0,0.15848625278020792,0.023536699648309123
8694,9.0,0.3655281418237096,0.042411967162255156
8695,9.0,0.20500923938215782,0.03303347691206775
8696,9.0,0.15927954047541712,0.023964498418701567
8697,9.0,0.1598187719547377,0.022437723314632216
8698,9.0,0.15857771154812317,0.021836956385363752
8699,9.0,0.35976097634638626,0.04135174491572549
8700,9.0,0.09036557527579912,0.016559914285044275
8701,9.0,0.08656710123374911,0.018228729168076788
8702,9.0,0.09094858319856458,0.01814576527306558
8703,9.0,0.09089774929006185,0.017011117329051213
8704,9.0,0.09112604644045656,0.016892653222996865
8705,9.0,0.09054693955296152,0.017824956983908215
8706,9.0,0.09100285801363377,0.01829817222791188
8707,9.0,0.09088594828780926,0.020411080914620214
8708,9.0,0.09027639779220425,0.016435687946667863
8709,9.0,0.09111463677464263,0.01717943436684957
8710,9.0,0.4351538478910938,0.0495417868246934
8711,9.0,0.11644432952305425,0.022523682365935622
8712,9.0,0.11338732267137393,0.017425942836876412
8713,9.0,0.1108351655399777,0.018730465017026347
8714,9.0,0.3926822317819491,0.04557676373542795
8715,9.0,0.11217983620428895,0.01777176439666527
8716,9.0,0.29629356903371795,0.03866231805960304
8717,9.0,0.11389485727123642,0.01852321536119795
8718,9.0,0.1108108217396553,0.019918356671604912
8719,9.0,0.11570388456671934,0.01908985997281628
8720,9.0,0.27750105485450194,0.03234542432417145
8721,9.0,0.37458040060458025,0.04061788235528293
8722,9.0,0.28483335756602174,0.03051650383968385
8723,9.0,0.4391035705188053,0.04255456843655124
8724,9.0,0.36221129058499324,0.03751781183880822
8725,9.0,0.29568328584788806,0.03491365289442236
8726,9.0,0.24813671468060494,0.0304675580888851
8727,9.0,0.22401657702303246,0.030243080431141833
8728,9.0,0.29495807005553215,0.03266794270207589
8729,9.0,0.366460047061581,0.039670726164626205
8730,9.0,0.3703410888101626,0.04041859364001104
8731,9.0,0.2897228740285168,0.03670936916814827
8732,9.0,0.3685128587629726,0.039864620349382034
8733,9.0,0.3867500282200205,0.04303565471548809
8734,9.0,0.35879421453353916,0.04261500888521793
8735,9.0,0.45910794553789835,0.045163943927972565
8736,9.0,0.3867882788463477,0.04366956920698149
8737,9.0,0.35302457294211426,0.0401124520580814
8738,9.0,0.299031046669506,0.0382361770104805
8739,9.0,0.36188578105360986,0.040662633900787414
8740,9.0,0.26244400795478695,0.030982689216295305
8741,9.0,0.2222309800540142,0.02617337973960501
8742,9.0,0.26069607678916495,0.026890442882429935
8743,9.0,0.27410349069535145,0.03035198070574832
8744,9.0,0.4523825503749788,0.04828856767443966
8745,9.0,0.3337706805481324,0.03641283584438818
8746,9.0,0.20728982242252292,0.026915475574956063
8747,9.0,0.20234885456581836,0.022488448327088347
8748,9.0,0.20172272627285484,0.02328202236389307
8749,9.0,0.20610839986664917,0.028749192778226587
8750,9.0,0.3933861968064569,0.038761691983892795
8751,9.0,0.38904374487008947,0.04167496624588233
8752,9.0,0.4038928544528412,0.04111154218707634
8753,9.0,0.3206178331515741,0.035370329916398165
8754,9.0,0.4048215803975865,0.04010636945614407
8755,9.0,0.4012641178825601,0.042573162427867274
8756,9.0,0.4937776498618056,0.04939867132434688
8757,9.0,0.40273696081434374,0.041458310624822775
8758,9.0,0.3904507035578374,0.03901788171390274
8759,9.0,0.44794170473647604,0.04718844225046065
8760,9.0,0.27061724054879605,0.028333363912654855
8761,9.0,0.35144638928447275,0.040513986190797026
8762,9.0,0.275751660268751,0.03062591431828537
8763,9.0,0.29067368975803676,0.030990582138052135
8764,9.0,0.24348060464166169,0.020754071616618894
8765,9.0,0.24380877184899546,0.021456750241311672
8766,9.0,0.3438826336565348,0.03467705270899094
8767,9.0,0.2247331284887026,0.0247313094792597
8768,9.0,0.2580121862273026,0.025591913811012452
8769,9.0,0.30544515768619135,0.03246592400837699
8770,9.0,0.27581146674673224,0.025494753069907932
8771,9.0,0.4614691102425557,0.04580414585317476
8772,9.0,0.4031720676832636,0.042114986768965405
8773,9.0,0.276036762411923,0.024742409255910768
8774,9.0,0.4617434402315422,0.041342343399091486
8775,9.0,0.3806181896301003,0.040984970337038566
8776,9.0,0.39136477797910735,0.04274505599799497
8777,9.0,0.268397096473576,0.026249652100193595
8778,9.0,0.42510414341286634,0.04329901542723393
8779,9.0,0.4289333215419827,0.04130308948848212
8780,9.0,0.49474495716540773,0.05302328815329523
8781,9.0,0.17127307016236198,0.024061042131836397
8782,9.0,0.4018691807079526,0.04406922240643928
8783,9.0,0.3376945237199219,0.042182849862872844
8784,9.0,0.45573321702186825,0.04655764677575386
8785,9.0,0.26869830991685845,0.033046648709053564
8786,9.0,0.48245635374203694,0.05400813278932469
8787,9.0,0.19706815714478396,0.029606020486354894
8788,9.0,0.17130811662883344,0.02719154051170063
8789,9.0,0.2901443874815695,0.03348173688665999
8790,9.0,0.4275174029838668,0.040487473671130016
8791,9.0,0.4220562020548531,0.041574217433116394
8792,9.0,0.31523575621789673,0.03376458975719642
8793,9.0,0.3719267020056866,0.04278319656735937
8794,9.0,0.3246140913929144,0.039353300702451494
8795,9.0,0.4516203940808849,0.0474611848086808
8796,9.0,0.45132251851677024,0.04674410882552184
8797,9.0,0.33486900216566756,0.04084418876352959
8798,9.0,0.4524094848420789,0.03871880175257016
8799,9.0,0.4967757496978451,0.0456074062013747
8800,9.0,0.2687935400606094,0.03564689296620542
8801,9.0,0.4118337169717706,0.04548999374122991
8802,9.0,0.36260885650097563,0.04370421775524212
8803,9.0,0.41303613056721883,0.04615308878354587
8804,9.0,0.4114336223676587,0.04531875802447023
8805,9.0,0.2574428883775058,0.03852161306730507
8806,9.0,0.3753721759750142,0.04210789619679124
8807,9.0,0.22671762477941507,0.03437374796224256
8808,9.0,0.3850715966716822,0.04144439295669143
8809,9.0,0.35765456194454864,0.04286447295274061
8810,9.0,0.1829950264591925,0.02630521724905102
8811,9.0,0.4931634833978231,0.05526280596864107
8812,9.0,0.47037311617266503,0.05017281796760024
8813,9.0,0.47383858428753933,0.05029897675876671
8814,9.0,0.48218201522263704,0.047931450472148286
8815,9.0,0.34688544806087385,0.03915694854921236
8816,9.0,0.18464428993196452,0.02416740781022515
8817,9.0,0.3844527177839882,0.04554499447449085
8818,9.0,0.14390322452295704,0.02348706632749506
8819,9.0,0.49335630361329164,0.05368330515144117
8820,9.0,0.39149644470833256,0.04763066676823695
8821,9.0,0.40816270828548695,0.05051222269692868
8822,9.0,0.33469509627831334,0.042307647796789936
8823,9.0,0.43261971569762436,0.04964980832143604
8824,9.0,0.3788483047536842,0.04329529953398315
8825,9.0,0.46485907988419495,0.05426379919370223
8826,9.0,0.21129301137509454,0.03427024808750419
8827,9.0,0.30660891219754094,0.0373219411570962
8828,9.0,0.3728234545610064,0.047194312479598946
8829,9.0,0.17159927523512178,0.030288576877155613
8830,9.0,0.28323143886292157,0.036579351664241824
8831,9.0,0.2194490073307966,0.029186281030861686
8832,9.0,0.3035382176837879,0.03882762446713567
8833,9.0,0.24573217523070248,0.026839258188343273
8834,9.0,0.2445822428463257,0.027052953200041977
8835,9.0,0.34527448165646524,0.039038318505817515
8836,9.0,0.3198225126832051,0.035809679480131966
8837,9.0,0.24526383655135098,0.028892618060576313
8838,9.0,0.320758202490472,0.03613628911624711
8839,9.0,0.3289703639786152,0.04228681051029569
8840,9.0,0.21216503277518373,0.03371442083526708
8841,9.0,0.26037933178785483,0.04013904386620135
8842,9.0,0.267403670908124,0.038793935492790865
8843,9.0,0.3395492365432956,0.04213582296367971
8844,9.0,0.2092514454845351,0.031485435936794814
8845,9.0,0.23851156848235358,0.03693206172498674
8846,9.0,0.4885801141629687,0.05209020278057641
8847,9.0,0.32756444709987353,0.039469518043050496
8848,9.0,0.2127831361711331,0.02932192021409792
8849,9.0,0.23759804659092645,0.035966933153099824
8850,9.0,0.2714012420751047,0.02911908231410174
8851,9.0,0.24700088519598218,0.02660954868551535
8852,9.0,0.3907440621425408,0.03639355351166621
8853,9.0,0.27950670727041066,0.027315559970718637
8854,9.0,0.3358427063492102,0.03274066592879022
8855,9.0,0.27207309958400483,0.028807956018480716
8856,9.0,0.2768716072291683,0.026007623891268438
8857,9.0,0.2799340780844745,0.02507985924463206
8858,9.0,0.2748935409223352,0.027421018608224854
8859,9.0,0.3190955994533662,0.03843613600690871
8860,9.0,0.3251900572396819,0.03153195964403408
8861,9.0,0.3340156979350149,0.03515634913609898
8862,9.0,0.30012035674300064,0.02712623173816985
8863,9.0,0.2994465788300843,0.027411718394027056
8864,9.0,0.2999057359150575,0.026047044291302945
8865,9.0,0.18115970342443677,0.01756199749046734
8866,9.0,0.2901958449676958,0.028549961182846917
8867,9.0,0.32591993916767137,0.030419121971388505
8868,9.0,0.18110350295524363,0.02142679653238652
8869,9.0,0.2953899641641473,0.02768515732834784
8870,9.0,0.29321639072268485,0.026874670493713084
8871,9.0,0.33480384235291244,0.032807740558743144
8872,9.0,0.2661875510256129,0.027895031971555632
8873,9.0,0.3367325414324431,0.0307915047582776
8874,9.0,0.25878497936166955,0.027754721102849496
8875,9.0,0.34380812640084163,0.032573498164973416
8876,9.0,0.3803574221090554,0.03464791986619528
8877,9.0,0.23869070470285783,0.027205725901320442
8878,9.0,0.32478188781429723,0.030528975483638383
8879,9.0,0.29357669743222736,0.026043960839838905
8880,9.0,0.27667546447540164,0.02493173888572347
8881,9.0,0.3263814213348285,0.02362920667142842
8882,9.0,0.3251871424836533,0.026384866707582538
8883,9.0,0.2766736637522467,0.026857313531924044
8884,9.0,0.3639633337331501,0.03174102951092363
8885,9.0,0.28630891176167206,0.026838885703663586
8886,9.0,0.3805868487105911,0.03304941814068615
8887,9.0,0.31199334650097293,0.031123211044655093
8888,9.0,0.2565674850215324,0.028810341866847843
8889,9.0,0.26905777273102927,0.023105992171003287
8890,9.0,0.2416113403776273,0.023165811899739302
8891,9.0,0.2409906817544435,0.025190368138007437
8892,9.0,0.2411977430551118,0.021392145083325396
8893,9.0,0.23998423466076163,0.024394672654987067
8894,9.0,0.20416145833683327,0.02653786548585193
8895,9.0,0.24252290364635096,0.022091182851475284
8896,9.0,0.23154839885625544,0.024416223466113267
8897,9.0,0.12234670157083448,0.014827573940814158
8898,9.0,0.21754745333482628,0.020751002034565598
8899,9.0,0.20377555530921881,0.02042077001279613
8900,9.0,0.3332244864736727,0.03631746049300969
8901,9.0,0.39377849908981893,0.038069482320564035
8902,9.0,0.47645041945014,0.04124290809887624
8903,9.0,0.3973976526731952,0.039825954898689515
8904,9.0,0.3488325478409054,0.03607651762417777
8905,9.0,0.5067779243761602,0.04460575823801065
8906,9.0,0.4641784088125442,0.03955926298028066
8907,9.0,0.40444943408219103,0.041703867533967286
8908,9.0,0.4174680925124819,0.03354308169644309
8909,9.0,0.456586246205142,0.044900568226256085
8910,9.0,0.08863473485859011,0.01857737334579052
8911,9.0,0.13354240057987915,0.02373735270652347
8912,9.0,0.2824726080952184,0.03377825789809561
8913,9.0,0.3635182682550667,0.036067479426286325
8914,9.0,0.49885969609971054,0.04452471805944521
8915,9.0,0.0889672041516951,0.0174938859913879
8916,9.0,0.08817338478476915,0.0179935322704557
8917,9.0,0.41769677567817465,0.040625931475383396
8918,9.0,0.39555309416827705,0.041281249007290584
8919,9.0,0.4789326074174536,0.045686369152112445
8920,9.0,0.258006669928968,0.032360293430272885
8921,9.0,0.17162209702263462,0.023593439676150702
8922,9.0,0.1255457769096453,0.012650815848150554
8923,9.0,0.27959442852588495,0.03197278183585371
8924,9.0,0.17450461266137485,0.021616764329159145
8925,9.0,0.16503278186631484,0.017079984578679444
8926,9.0,0.17471681823303456,0.021422519270110914
8927,9.0,0.1747186710214309,0.020067441724277556
8928,9.0,0.2552346165844278,0.02772567009932444
8929,9.0,0.18106443687844545,0.022414212091719267
8930,9.0,0.26347401371037305,0.0302026628740406
8931,9.0,0.2550836385130568,0.029879535510354514
8932,9.0,0.26375260714544596,0.029722099789569658
8933,9.0,0.22506706187276448,0.02700370472169237
8934,9.0,0.4016482227107784,0.039262729996289575
8935,9.0,0.13853211290583253,0.019851522132205392
8936,9.0,0.25623662994409113,0.027620118281608964
8937,9.0,0.3868346056996692,0.038379466962719884
8938,9.0,0.263722026910872,0.03009612610556568
8939,9.0,0.22666432716845522,0.028097129336048653
8940,9.0,0.35036734044928314,0.035254841547687474
8941,9.0,0.22026546178731576,0.030423072716141482
8942,9.0,0.31413602711374383,0.03521866937063239
8943,9.0,0.2274864568177842,0.027838994945829948
8944,9.0,0.33943083513457273,0.03270177426075469
8945,9.0,0.34144197928283976,0.03664949731064104
8946,9.0,0.25193675838918045,0.03318530103975841
8947,9.0,0.36173772819244815,0.03586857453224801
8948,9.0,0.3518580274536523,0.03772372740119811
8949,9.0,0.3608355145706766,0.03625132894284454
8950,9.0,0.3237647944138879,0.03428733830001757
8951,9.0,0.16769226648145413,0.01872475815397736
8952,9.0,0.16772439540706974,0.014435735958119185
8953,9.0,0.16684145228048927,0.01538610677835126
8954,9.0,0.167630826651927,0.014901689010622601
8955,9.0,0.16681635384048668,0.015816221399958665
8956,9.0,0.1667175677027793,0.015732108463719082
8957,9.0,0.16786404406919464,0.015520210294743063
8958,9.0,0.16694261918060938,0.013928172896607683
8959,9.0,0.16712035163547992,0.015113694554712849
8960,9.0,0.1673339792630171,0.026147496045674637
8961,9.0,0.33292324098935183,0.035378282953953046
8962,9.0,0.24099932703239438,0.030385811153003112
8963,9.0,0.22251286373665619,0.028088040846901523
8964,9.0,0.2928396282769258,0.030537751485180942
8965,9.0,0.3553440246495111,0.036382191135222314
8966,9.0,0.2468158390944856,0.032494555363477104
8967,9.0,0.23708338768283596,0.02764272606949298
8968,9.0,0.2950604621469302,0.03236632007121457
8969,9.0,0.37965936198856304,0.0374711686519052
8970,9.0,0.26773222732581997,0.030842237735116615
8971,9.0,0.34738538302501604,0.03825810527857547
8972,9.0,0.3845492805165704,0.04115262564562676
8973,9.0,0.1705848189791358,0.023013373404401363
8974,9.0,0.2603350863857616,0.027176328732165616
8975,9.0,0.3752874714884654,0.03783063490037554
8976,9.0,0.4198185917910039,0.04079567435524403
8977,9.0,0.2611485498110124,0.027130145791777437
8978,9.0,0.2676429504864159,0.027124022989130553
8979,9.0,0.3437816016910306,0.036796870887300555
8980,9.0,0.2594550495928185,0.028861655158818573
8981,9.0,0.16090048219211195,0.017092181783251774
8982,9.0,0.2661049224672015,0.03404616924824322
8983,9.0,0.15853751795211724,0.02068771148744065
8984,9.0,0.261475255905327,0.0279906061135733
8985,9.0,0.27917013707360444,0.03556974881569655
8986,9.0,0.2052897550335226,0.025082030876917526
8987,9.0,0.21964806428886896,0.024626842346339092
8988,9.0,0.2945023018740973,0.03352850101774149
8989,9.0,0.16661998131583008,0.022530653883983603
8990,9.0,0.2892925169051406,0.029837610034176735
8991,9.0,0.39306553512809805,0.03560100386864697
8992,9.0,0.324429812319643,0.03270436167783536
8993,9.0,0.2885136542131613,0.031997188344901784
8994,9.0,0.3313158846350478,0.032206226847785145
8995,9.0,0.3243676223496624,0.03337565608113687
8996,9.0,0.26099599289039116,0.028577548291824798
8997,9.0,0.2880513418495685,0.029870846195988156
8998,9.0,0.288674892897997,0.03126361136269529
8999,9.0,0.3314908903829863,0.03300169097033086
9000,9.5,0.4201544847902883,0.04642680070645669
9001,9.5,0.15272203784721142,0.02119393548399412
9002,9.5,0.46330627616426706,0.057053230361526194
9003,9.5,0.506089015206672,0.05658131825090814
9004,9.5,0.443262316119337,0.052445420993932006
9005,9.5,0.44574936390829595,0.053588465873077584
9006,9.5,0.15318553248277356,0.02377182983364436
9007,9.5,0.49898145482597434,0.0577253892225096
9008,9.5,0.49549997495421216,0.05682465981413079
9009,9.5,0.3979245702099412,0.051111681017291855
9010,9.5,0.4876230049654376,0.05982269916554942
9011,9.5,0.4840621652764746,0.055680892213748674
9012,9.5,0.41454214734443867,0.05300035630566844
9013,9.5,0.36106471172094085,0.04864186100233181
9014,9.5,0.4652412733383551,0.05417990942295248
9015,9.5,0.43499237718215555,0.05452787627541119
9016,9.5,0.42308348254136635,0.051950156905331384
9017,9.5,0.4725157016703038,0.05602609177231938
9018,9.5,0.3744161928439583,0.0511712370096118
9019,9.5,0.4998562010902885,0.05780757970311557
9020,9.5,0.5195621157612534,0.060956565720573036
9021,9.5,0.40165611819382246,0.05513232478663971
9022,9.5,0.45414514171758336,0.05705470623912222
9023,9.5,0.4697658983369072,0.05690188307807627
9024,9.5,0.461048343806989,0.05626194359426826
9025,9.5,0.48590389751371044,0.054717853102771885
9026,9.5,0.5111620415930016,0.05773101827856569
9027,9.5,0.5122859445486851,0.058352695242281274
9028,9.5,0.5106684623079643,0.05842057491140638
9029,9.5,0.5385161990628619,0.062061457126111635
9030,9.5,0.2685280332276209,0.03823850464590318
9031,9.5,0.2676650109189231,0.03870799529730763
9032,9.5,0.12194818903342575,0.020644013386748292
9033,9.5,0.38006149847854975,0.05106037987482649
9034,9.5,0.1219146951517543,0.021946345856099902
9035,9.5,0.29905801303586704,0.04233651393124943
9036,9.5,0.1946027137672822,0.024296235744368913
9037,9.5,0.12181312213749464,0.022130770884282027
9038,9.5,0.30158546406858305,0.04411224368071106
9039,9.5,0.19214717753009558,0.026219769631926865
9040,9.5,0.4384246261624521,0.05510753268170346
9041,9.5,0.502640247249749,0.06009829312177206
9042,9.5,0.4756137409049379,0.05999862311618545
9043,9.5,0.5037158032328496,0.06396257525388087
9044,9.5,0.5235745403875663,0.05992493373996197
9045,9.5,0.5078858417468142,0.06089255978910833
9046,9.5,0.5300566512719886,0.0592166508550212
9047,9.5,0.4373588436672623,0.0560996535310518
9048,9.5,0.4464572224132455,0.0575256995283041
9049,9.5,0.4343830885478078,0.05453450542463752
9050,9.5,0.3032772783398354,0.03516757007401681
9051,9.5,0.2932230119412026,0.03368871553273503
9052,9.5,0.28938714216843037,0.03455948305711589
9053,9.5,0.29794592205843023,0.030400602711920306
9054,9.5,0.2283120117850148,0.027426449340278075
9055,9.5,0.31071373117684487,0.03714757043976326
9056,9.5,0.3058934187769579,0.033967118400638804
9057,9.5,0.3539124445124297,0.03364321172888715
9058,9.5,0.28528873661398213,0.032270470612242565
9059,9.5,0.288402516108563,0.03364700675623364
9060,9.5,0.2751609098323982,0.031900546721100785
9061,9.5,0.47056597934541394,0.05091896667745
9062,9.5,0.39544490394151893,0.0405343798431411
9063,9.5,0.2392166469472919,0.02891024162196721
9064,9.5,0.34662271423971863,0.03849906873194129
9065,9.5,0.32684999560989286,0.03643133672138812
9066,9.5,0.2641480178187548,0.03185457330150003
9067,9.5,0.23935794642678912,0.026997064426598598
9068,9.5,0.4425135792886646,0.046534536540274396
9069,9.5,0.2748831047225843,0.03080083199465804
9070,9.5,0.4229865444451629,0.043742652502942174
9071,9.5,0.3832945900068287,0.03703442579075781
9072,9.5,0.37780471043231745,0.04000985678993605
9073,9.5,0.37669639396093163,0.04078297602022047
9074,9.5,0.37113991237459004,0.03518146928198686
9075,9.5,0.49715043313737706,0.04124206236312593
9076,9.5,0.4446889045616503,0.041998215332990925
9077,9.5,0.2997713960002407,0.034951391321261224
9078,9.5,0.3021076695921549,0.0360991708019717
9079,9.5,0.30163957721135903,0.03428557868344418
9080,9.5,0.4514951519046,0.04476053522691031
9081,9.5,0.4217406441288612,0.04073851868164361
9082,9.5,0.39497642866479954,0.04025739402962654
9083,9.5,0.44854086102908547,0.04375996213625419
9084,9.5,0.42626233570494826,0.04351127711338176
9085,9.5,0.44247981666677877,0.043448574450549164
9086,9.5,0.3907394953294772,0.04193848442834018
9087,9.5,0.480061683009488,0.04685312142818418
9088,9.5,0.3764010011653921,0.04230853508679252
9089,9.5,0.44445281132389436,0.04240559229107379
9090,9.5,0.31218589653949647,0.0313557734164319
9091,9.5,0.2961473519176855,0.032759779402465494
9092,9.5,0.34241434373124163,0.03695274696575903
9093,9.5,0.3706129517173234,0.036968327369696935
9094,9.5,0.28522804907088234,0.029626458937579266
9095,9.5,0.36070122532002735,0.034372853260098625
9096,9.5,0.3433207283964297,0.038118448444267414
9097,9.5,0.3584908455434141,0.03996757338156609
9098,9.5,0.4425235774182706,0.043295879968390634
9099,9.5,0.3382837731776737,0.03891737369117476
9100,9.5,0.24254766717004494,0.028731619187625314
9101,9.5,0.2435843010157622,0.025990028808877602
9102,9.5,0.3203418604155126,0.031106379516377094
9103,9.5,0.42577317097304784,0.03697717046455294
9104,9.5,0.24355376329869152,0.028875756576483943
9105,9.5,0.29207605511614815,0.02965917147087668
9106,9.5,0.3157916105067475,0.03302125684691071
9107,9.5,0.3341678470639097,0.035289037579971705
9108,9.5,0.2988329372123928,0.028577011350269316
9109,9.5,0.24292357534860656,0.028995843260131174
9110,9.5,0.28430525776063165,0.030333078090956003
9111,9.5,0.2923221523132551,0.03126298083919606
9112,9.5,0.2773596882500851,0.024028909178314045
9113,9.5,0.34911502734931127,0.030754322814144017
9114,9.5,0.25345640994756063,0.02840389342421523
9115,9.5,0.32087170300791173,0.03489905796066813
9116,9.5,0.32284731016835194,0.03348796155466724
9117,9.5,0.2773540144112764,0.02411050743908708
9118,9.5,0.2817399317771653,0.022871620263450552
9119,9.5,0.28346162427949245,0.028336359937260382
9120,9.5,0.3707119635990466,0.038738764614493264
9121,9.5,0.37363876732511947,0.03849898273017513
9122,9.5,0.33659992435495334,0.034985901529353526
9123,9.5,0.38210289056003705,0.03635236205742676
9124,9.5,0.42977579227804685,0.041378077909196974
9125,9.5,0.43538244270567517,0.04251778442579468
9126,9.5,0.3197748001305562,0.0307078743045882
9127,9.5,0.3167088442438336,0.03267238378464511
9128,9.5,0.22282478311753626,0.023847168368953023
9129,9.5,0.29512381649367747,0.02792596270923156
9130,9.5,0.34259627770136647,0.03796482955883587
9131,9.5,0.3361855266899783,0.03366161851373361
9132,9.5,0.30046302830037414,0.03055802800573914
9133,9.5,0.26500299251499887,0.02789078598415368
9134,9.5,0.3258905820618164,0.03375113641643554
9135,9.5,0.33246567362908813,0.03535566640896686
9136,9.5,0.3186353548889682,0.03784716401883849
9137,9.5,0.30213857897404783,0.030052087815420018
9138,9.5,0.22750570132410347,0.025276986242852816
9139,9.5,0.3031366174178364,0.02962096180174175
9140,9.5,0.24325513950695668,0.029905978617113346
9141,9.5,0.2425407020963789,0.028901586761659707
9142,9.5,0.24181380569679406,0.02860790600401113
9143,9.5,0.2446442283753187,0.028861925469638783
9144,9.5,0.3553286528385942,0.03991828571842847
9145,9.5,0.24418457826893464,0.029532239110017955
9146,9.5,0.24400767652063196,0.026653975078360086
9147,9.5,0.28297738151695045,0.0311074201153155
9148,9.5,0.24457359391546446,0.027520971295091307
9149,9.5,0.24290534730569918,0.02654654904618464
9150,9.5,0.46379701775063215,0.04858131799794312
9151,9.5,0.249990096819416,0.03187353275514768
9152,9.5,0.44440103236477446,0.050168682850953814
9153,9.5,0.47398837667725113,0.04668251996352634
9154,9.5,0.3849895348989617,0.048185971269025414
9155,9.5,0.4435576521834591,0.0468887866585924
9156,9.5,0.3121686178416808,0.03880503639356973
9157,9.5,0.39995152835544284,0.048200742524377053
9158,9.5,0.49879537759887227,0.052577979296225735
9159,9.5,0.43988268301301664,0.047970647431918124
9160,9.5,0.24106181187350384,0.025725441917069203
9161,9.5,0.29090003233811185,0.03327917327441809
9162,9.5,0.25551748227412613,0.027170568255788195
9163,9.5,0.2888029690560401,0.03633644494534918
9164,9.5,0.25609227175214194,0.026342776429898133
9165,9.5,0.2797949066829266,0.03254140014648921
9166,9.5,0.24076415264161266,0.025799007745279927
9167,9.5,0.2838290622680225,0.031048101421979495
9168,9.5,0.2874733535954203,0.033728464830329555
9169,9.5,0.3209594954790693,0.03140438794463909
9170,9.5,0.26147623203018927,0.03467958820154269
9171,9.5,0.4216619798299561,0.048927166769030576
9172,9.5,0.4015291027094346,0.04667625912023504
9173,9.5,0.42620459495046203,0.04315224017980928
9174,9.5,0.40538696721545003,0.043675239702218406
9175,9.5,0.26225693702889963,0.028504251342044096
9176,9.5,0.48504395431844904,0.05107319887057116
9177,9.5,0.4741405677797189,0.04487160464470327
9178,9.5,0.3722029866166781,0.03987247523035504
9179,9.5,0.39501237119913757,0.045077595851287296
9180,9.5,0.1965993057465397,0.020066839957209412
9181,9.5,0.19730804316189354,0.016668464228604848
9182,9.5,0.19668951327224826,0.017832855947851476
9183,9.5,0.16124669580601736,0.02068389821276611
9184,9.5,0.19662788811642526,0.019630600460831513
9185,9.5,0.1974137522647832,0.015412435671319488
9186,9.5,0.21579594918965123,0.021559426335069923
9187,9.5,0.2147436336651046,0.02278455755608723
9188,9.5,0.19658327113908,0.018985604893209735
9189,9.5,0.19693236688403992,0.017522070961483515
9190,9.5,0.3047718092545911,0.03957409899383794
9191,9.5,0.12018172920691093,0.02020922838049843
9192,9.5,0.4154122655010009,0.04498751581150219
9193,9.5,0.15665760231781722,0.02553499564919116
9194,9.5,0.36175110705701014,0.04285666222104709
9195,9.5,0.20313977096828997,0.03049530434722215
9196,9.5,0.15752908861905715,0.02177698275317924
9197,9.5,0.15789576203694594,0.02456429531170364
9198,9.5,0.15685224338749298,0.024632925052914457
9199,9.5,0.371422039662996,0.04123901155847675
9200,9.5,0.08890259273453445,0.014793286972112777
9201,9.5,0.08476834170517263,0.018313077888994785
9202,9.5,0.08935551142520093,0.016160124531554194
9203,9.5,0.08936595630357097,0.017871329610275516
9204,9.5,0.0894806916857099,0.016305794028177865
9205,9.5,0.08897368304849,0.018254813976996673
9206,9.5,0.08934263744870864,0.01734603009998584
9207,9.5,0.08929107125515756,0.01755742188105297
9208,9.5,0.08875821984245978,0.01807708532619096
9209,9.5,0.08947426152794168,0.015548827133369933
9210,9.5,0.4307897541637094,0.04935246856646939
9211,9.5,0.11447384031611763,0.020673959424825725
9212,9.5,0.1111272818979256,0.021031182273433334
9213,9.5,0.10854329308805279,0.02007247911219583
9214,9.5,0.38871103333668827,0.04478535309463012
9215,9.5,0.10986503170776399,0.01893387207700864
9216,9.5,0.2942747472286774,0.0386564753893835
9217,9.5,0.1117377270598311,0.02022105362455047
9218,9.5,0.10888227098800295,0.018421223634915093
9219,9.5,0.11369884637928981,0.02103920731808794
9220,9.5,0.3113990079072264,0.035398106923812844
9221,9.5,0.371959193281399,0.04211870481766503
9222,9.5,0.3441808940361327,0.04091024618351218
9223,9.5,0.4415237255757079,0.04548899764778689
9224,9.5,0.3594400503437755,0.03656325543890982
9225,9.5,0.2935260492763805,0.035033411366711065
9226,9.5,0.24573997430342934,0.028896174912975872
9227,9.5,0.22198704629234742,0.028848058124270826
9228,9.5,0.29221889988315314,0.03335503610812152
9229,9.5,0.36134465167873553,0.04242680859145568
9230,9.5,0.36982734528815797,0.04242050777016172
9231,9.5,0.28747664703382797,0.03574272621954863
9232,9.5,0.36553317122029083,0.04026409442023177
9233,9.5,0.3827617159201972,0.04142090426980735
9234,9.5,0.35667445389908714,0.04133186716092467
9235,9.5,0.4535891706603334,0.048754494336936946
9236,9.5,0.3882618968614762,0.04428867918904645
9237,9.5,0.34845155838031633,0.036405163965724255
9238,9.5,0.2964296310556719,0.03666727559967903
9239,9.5,0.3579640909710815,0.03953656913201111
9240,9.5,0.2641961694885041,0.03253991334221115
9241,9.5,0.22011901310971108,0.027420189751577985
9242,9.5,0.26229028923028974,0.030277040276114425
9243,9.5,0.27203136885011864,0.0322170401098313
9244,9.5,0.4535520726505918,0.04872390715244556
9245,9.5,0.33280062761319007,0.038055767972898676
9246,9.5,0.2054273130017318,0.02577795595969887
9247,9.5,0.2528787716013207,0.02958430002075564
9248,9.5,0.19957874924170838,0.02663398596278401
9249,9.5,0.2621105470581746,0.033127229773797943
9250,9.5,0.391355207409854,0.04107265360668741
9251,9.5,0.3873260714256742,0.03965832450469258
9252,9.5,0.40149766629497075,0.04041252321821165
9253,9.5,0.31814389973050883,0.038834039446256456
9254,9.5,0.40244390954766796,0.04180728605563853
9255,9.5,0.4023684466930074,0.04260921247213908
9256,9.5,0.49029164369345607,0.048426584728704744
9257,9.5,0.4006747149221208,0.041500089396344135
9258,9.5,0.3886158652957487,0.03747025468125185
9259,9.5,0.44838338565260183,0.04900353070437726
9260,9.5,0.2677531650088622,0.029143144650363256
9261,9.5,0.34924111785879525,0.036998018614788186
9262,9.5,0.27304703220775706,0.02879729316233162
9263,9.5,0.2881526134529002,0.030073198041520664
9264,9.5,0.24115390873400072,0.023128171360912077
9265,9.5,0.24120756542032043,0.025943697197648177
9266,9.5,0.4015072289612955,0.041534780100085454
9267,9.5,0.2226184036086805,0.0232383731327921
9268,9.5,0.2551625477650419,0.02426729706995253
9269,9.5,0.3014609848499106,0.0348313917546409
9270,9.5,0.2739382120240465,0.026523445750751228
9271,9.5,0.4634225209137559,0.04580023635228296
9272,9.5,0.42315624557740067,0.04336334034498258
9273,9.5,0.27394728092000475,0.024512911115557923
9274,9.5,0.45933849962334933,0.044314494721788236
9275,9.5,0.3761132648967562,0.041055255343976714
9276,9.5,0.3867798835534623,0.03881932346911936
9277,9.5,0.26631148571408547,0.029212404610176143
9278,9.5,0.42284017332401874,0.04335639777303919
9279,9.5,0.45357134009637223,0.044024026484788856
9280,9.5,0.4938260408281092,0.051667372973910074
9281,9.5,0.16866331098732945,0.027693680109181763
9282,9.5,0.39831616986975027,0.04759189725978139
9283,9.5,0.3346135019622464,0.04074737015694219
9284,9.5,0.4611486562226434,0.04755828887715684
9285,9.5,0.2716047775060088,0.03665840575420549
9286,9.5,0.48388007518615594,0.051602983375513826
9287,9.5,0.19501346722188106,0.030335956395384275
9288,9.5,0.16871206887798798,0.029465352868892226
9289,9.5,0.28743960903097254,0.03524727617660845
9290,9.5,0.42483501982784677,0.039136060828233496
9291,9.5,0.43133748985040427,0.04070529994836453
9292,9.5,0.38154292452144845,0.04114002905740491
9293,9.5,0.3684730517126449,0.04444985230104982
9294,9.5,0.3235109809820709,0.040502621335622685
9295,9.5,0.4533629528379911,0.044668167870526125
9296,9.5,0.4460205292719173,0.0470750576191809
9297,9.5,0.3322744506983505,0.037269306340228694
9298,9.5,0.44955053046020954,0.04115203385428508
9299,9.5,0.49253970509149164,0.0451944734441223
9300,9.5,0.2676805974456986,0.03216107431972641
9301,9.5,0.40861909374186,0.04340720480532068
9302,9.5,0.3613015671086907,0.04874155854451924
9303,9.5,0.4101450278664554,0.04542898040206155
9304,9.5,0.4082695347541583,0.0489570769460772
9305,9.5,0.2559975318455673,0.03929280118440906
9306,9.5,0.37218844739772283,0.042204714063762166
9307,9.5,0.22541288531374173,0.032189619829133355
9308,9.5,0.38157534119241127,0.039744287835241844
9309,9.5,0.35586821871250984,0.04685809338486659
9310,9.5,0.18130967677498963,0.025449396369839755
9311,9.5,0.4912990161744289,0.05605954959682124
9312,9.5,0.46642693318664075,0.04996323523794806
9313,9.5,0.4739492698363577,0.05012905886251285
9314,9.5,0.47759209872794295,0.05328333391850218
9315,9.5,0.34650150562638815,0.04137882571139301
9316,9.5,0.1830029453188434,0.02345942221208997
9317,9.5,0.3822981791574589,0.04583612630969063
9318,9.5,0.14222871242251173,0.021093452987797127
9319,9.5,0.48964564128111093,0.05596362889643948
9320,9.5,0.3871727170855525,0.04932517502305202
9321,9.5,0.43718642643397626,0.04990737642068592
9322,9.5,0.33351709097877363,0.038923966601461246
9323,9.5,0.4290617940456331,0.04891879336398482
9324,9.5,0.378507832127507,0.04668006310129783
9325,9.5,0.4734266859838906,0.05546045518343952
9326,9.5,0.20921828011602744,0.03409055368369327
9327,9.5,0.3047862418264976,0.03373527334929614
9328,9.5,0.37845152877385585,0.0473944536552155
9329,9.5,0.1696025653348628,0.025906671972470072
9330,9.5,0.2812727157761595,0.03671034792281304
9331,9.5,0.2170949692789115,0.028907477960695586
9332,9.5,0.2980721330248989,0.03939155518581123
9333,9.5,0.24435013645735462,0.027358390409615484
9334,9.5,0.24312072811675398,0.030198972099715112
9335,9.5,0.3417835107109771,0.03794874835349424
9336,9.5,0.34079355404926404,0.042390677484917046
9337,9.5,0.24397202888993544,0.029005376148016338
9338,9.5,0.3179652553916065,0.03819080227112238
9339,9.5,0.3265688825633459,0.04720730670741554
9340,9.5,0.210654042354464,0.03301645269399837
9341,9.5,0.2585953155965367,0.036948232929885486
9342,9.5,0.26490128494887394,0.038553116985730926
9343,9.5,0.33720768838243154,0.039866258143779976
9344,9.5,0.20780695550107747,0.031467287121600795
9345,9.5,0.23727512126225345,0.03930756745408893
9346,9.5,0.48899877251928736,0.049165420176663775
9347,9.5,0.32338441517960587,0.03978196221746582
9348,9.5,0.2112978146190439,0.030530975099960514
9349,9.5,0.23554724649849001,0.03516555295513718
9350,9.5,0.26960608438406514,0.028146830997559637
9351,9.5,0.24481282817683273,0.023480216707445323
9352,9.5,0.39728774695922436,0.036855773050274564
9353,9.5,0.27292458075869075,0.027058713183803405
9354,9.5,0.3342483710458195,0.03532531203077927
9355,9.5,0.2705075720433597,0.02840706920739312
9356,9.5,0.27520697509679026,0.025376232857346928
9357,9.5,0.2780590183835236,0.027617261490241397
9358,9.5,0.2732851189431191,0.025250932825086184
9359,9.5,0.3164774888604242,0.038556348539726976
9360,9.5,0.3231624776118268,0.03246439785418876
9361,9.5,0.33250773781010057,0.03391688542273325
9362,9.5,0.2982988000785293,0.02791537539889849
9363,9.5,0.29786248021279,0.02651365219598859
9364,9.5,0.2986647423247735,0.023200730283779884
9365,9.5,0.18004073141016466,0.018860994089039317
9366,9.5,0.28810665273512825,0.02868772830798596
9367,9.5,0.32492796441079114,0.03139244011603014
9368,9.5,0.17997227784596975,0.016318023394747243
9369,9.5,0.29323216737694335,0.03005220514709729
9370,9.5,0.29123569984900166,0.030183506061742443
9371,9.5,0.33237005375900575,0.03390345585543258
9372,9.5,0.26426765110684663,0.029407774798229043
9373,9.5,0.358455161292935,0.03296828540688422
9374,9.5,0.2569803115430896,0.027402558964740087
9375,9.5,0.34256368151249805,0.02931601447993615
9376,9.5,0.37784553323283815,0.03401604947436955
9377,9.5,0.23683608735019515,0.026653970098088613
9378,9.5,0.32280959762230726,0.029588151836199585
9379,9.5,0.2916003479439505,0.028217073424811858
9380,9.5,0.2749680575521978,0.02631184522318764
9381,9.5,0.3240331457338754,0.024667643450314147
9382,9.5,0.32290996162041546,0.02456926087214783
9383,9.5,0.27488218798651826,0.02630716176296169
9384,9.5,0.3640886209693459,0.03237578065758683
9385,9.5,0.28488206122010834,0.02756483293426176
9386,9.5,0.3783582756600238,0.03448843028596682
9387,9.5,0.30894633346896083,0.029378730345395492
9388,9.5,0.25417131128370163,0.027796169548399887
9389,9.5,0.26669146431802837,0.024635212378941364
9390,9.5,0.2401409402601772,0.02339506308104744
9391,9.5,0.2392650060539952,0.022229968946533403
9392,9.5,0.23972895287741638,0.022874353758037168
9393,9.5,0.2386164369084781,0.021399918520333124
9394,9.5,0.20353546976811035,0.022241350697177493
9395,9.5,0.24078505950441445,0.020653123253455776
9396,9.5,0.23007853411548113,0.02452555968388554
9397,9.5,0.12110243537528978,0.015203178476595825
9398,9.5,0.21803551322287298,0.02150129678447418
9399,9.5,0.20641281145645546,0.020487497985623614
9400,9.5,0.3308186762310009,0.03672168572848017
9401,9.5,0.3940336248286607,0.03851241791234332
9402,9.5,0.469902732936525,0.04139426156768375
9403,9.5,0.3939653597767599,0.03972730259670583
9404,9.5,0.3454099258298687,0.035685530077196874
9405,9.5,0.5000257689845499,0.043693775129292234
9406,9.5,0.47115471208011656,0.04038064116725821
9407,9.5,0.39976664023906344,0.03968704410699657
9408,9.5,0.4132754632218749,0.03673153663558712
9409,9.5,0.4711531150177304,0.04168777625619016
9410,9.5,0.0860118616525724,0.01816841786932909
9411,9.5,0.13037437383788358,0.023468651779970047
9412,9.5,0.27876141225510237,0.03213914946866501
9413,9.5,0.3789061300922175,0.036574999719960914
9414,9.5,0.4976124622353787,0.04716542950035587
9415,9.5,0.08642157679343952,0.019439297037554006
9416,9.5,0.08623325308250966,0.019236669072593814
9417,9.5,0.40870176149228565,0.03775225282688949
9418,9.5,0.39314142894666565,0.04230205755793334
9419,9.5,0.46908810935629336,0.047342641552072226
9420,9.5,0.2558625589808835,0.031218951929933653
9421,9.5,0.17024654332327413,0.021205522470944833
9422,9.5,0.12421781778897474,0.014131494942402985
9423,9.5,0.2801299942200011,0.03392559067586437
9424,9.5,0.17305899837826771,0.024287962250784886
9425,9.5,0.1637590075030676,0.019106727531028347
9426,9.5,0.17354355523274365,0.024511542118819278
9427,9.5,0.1734102679922943,0.023475513381723583
9428,9.5,0.25348640691642627,0.0265338824397746
9429,9.5,0.1779550124832677,0.020346801669398666
9430,9.5,0.2603538298744171,0.02790678459561358
9431,9.5,0.2522615134399055,0.027822802701464297
9432,9.5,0.2608254131661075,0.029579256115361097
9433,9.5,0.22218265452612995,0.028675862567963225
9434,9.5,0.39669416745116876,0.035115222417307496
9435,9.5,0.13588031604434375,0.025009634902235053
9436,9.5,0.25303694279012856,0.029008030824677233
9437,9.5,0.38074076675385715,0.0396117714708175
9438,9.5,0.260450774777015,0.03176703691383423
9439,9.5,0.22357544871646792,0.02951801159646076
9440,9.5,0.34562524851807314,0.03564986313625575
9441,9.5,0.21690283963836846,0.02732589161230328
9442,9.5,0.30890481619882315,0.03832202840670646
9443,9.5,0.22393920965636846,0.026847598022617623
9444,9.5,0.33252225579203565,0.03635891158648498
9445,9.5,0.33554121178918545,0.031092007971723026
9446,9.5,0.2473260983273076,0.033304046695622126
9447,9.5,0.3531508985751359,0.03761240629541021
9448,9.5,0.34685352922241813,0.03590289716941048
9449,9.5,0.355768720972725,0.03624164273883553
9450,9.5,0.3195242534856954,0.03591357391167334
9451,9.5,0.16618050252184396,0.015526281938735
9452,9.5,0.1664765462811162,0.012278356416898482
9453,9.5,0.16525124622129378,0.015681728488518815
9454,9.5,0.16601304653213758,0.01461921790242021
9455,9.5,0.16545638984961894,0.017508877238669465
9456,9.5,0.16531707728283127,0.014203732016555143
9457,9.5,0.1665537729676561,0.015749146300673044
9458,9.5,0.16554821143197213,0.014726809567821856
9459,9.5,0.16556008533301847,0.016260665652712752
9460,9.5,0.16375370338756504,0.025438708638202513
9461,9.5,0.3300930342901216,0.037630026433176186
9462,9.5,0.23680340623068935,0.031761952418596494
9463,9.5,0.2202089400398566,0.027062957644778785
9464,9.5,0.2894604700337198,0.03329018637618102
9465,9.5,0.34980035703425083,0.03416459065101402
9466,9.5,0.24445521898781186,0.033717163758242734
9467,9.5,0.23288769283479657,0.029901947061086735
9468,9.5,0.29014604013116857,0.03284125593821302
9469,9.5,0.37648910092281196,0.042770353708811354
9470,9.5,0.26402718260596575,0.027825988228488717
9471,9.5,0.3439804993150174,0.036964523718180785
9472,9.5,0.3834296377458881,0.03797444875918474
9473,9.5,0.2395956448401694,0.02737635283321872
9474,9.5,0.25928197720317103,0.030144825066296902
9475,9.5,0.3769470513088837,0.04111217936234391
9476,9.5,0.4150107443649645,0.04014374540821922
9477,9.5,0.25842083575426644,0.02950921029608086
9478,9.5,0.2649049368628182,0.02685786704064237
9479,9.5,0.3441448717664333,0.03633232612890875
9480,9.5,0.2555657544027602,0.030105380463665236
9481,9.5,0.1582738446279971,0.018040304030404783
9482,9.5,0.2628472123425367,0.03239685221539663
9483,9.5,0.15572525107973104,0.019482863422523165
9484,9.5,0.25812747782052053,0.03134168920334902
9485,9.5,0.27561337642046657,0.03287436099165829
9486,9.5,0.2017159472439026,0.02546464377299577
9487,9.5,0.21617311689309027,0.027677621095639406
9488,9.5,0.29196511613402915,0.029843264616257605
9489,9.5,0.16293929212108585,0.022323549978445854
9490,9.5,0.285260164600059,0.028837225508060775
9491,9.5,0.3903285855691946,0.03679688122358088
9492,9.5,0.3207557885638695,0.03424106725507657
9493,9.5,0.2846476250013773,0.030992673932394646
9494,9.5,0.3283188722757646,0.03311914044032577
9495,9.5,0.3203291733620016,0.03294922595130262
9496,9.5,0.25823559904365617,0.028287563246025094
9497,9.5,0.3201144851991993,0.0352537284760747
9498,9.5,0.28577279059441413,0.03388386608838081
9499,9.5,0.3290314587111817,0.033872022118481004
9500,10.0,0.4209532468451293,0.04841887354321058
9501,10.0,0.150050922406823,0.024326696915139008
9502,10.0,0.47376839607436966,0.05559245491599937
9503,10.0,0.5119291502225982,0.05851828219926124
9504,10.0,0.43526274693842637,0.04842775211039798
9505,10.0,0.43943811389978416,0.05172229740452249
9506,10.0,0.15049539129727216,0.02320300099599266
9507,10.0,0.49801103825497933,0.05785141400224359
9508,10.0,0.4826376415075739,0.05477365317587524
9509,10.0,0.4066959637918067,0.04984181753348351
9510,10.0,0.48310768844298685,0.059775986507406016
9511,10.0,0.4814910946532515,0.056213923448720234
9512,10.0,0.40946238445684285,0.04906194527546017
9513,10.0,0.35638517779057394,0.048696439022352225
9514,10.0,0.45992016065588387,0.05558566682244322
9515,10.0,0.4308323356235566,0.05506861564530476
9516,10.0,0.42107240515807565,0.053232930806828935
9517,10.0,0.4704832260434275,0.05488726936475643
9518,10.0,0.37187733814588636,0.05138387986795991
9519,10.0,0.4935129380785196,0.05705108775437083
9520,10.0,0.5151297507609782,0.06291236906208106
9521,10.0,0.44304662212383356,0.058927389704364105
9522,10.0,0.4482404970877817,0.05818649996855339
9523,10.0,0.46750062342487525,0.0566325246355532
9524,10.0,0.45821775399888903,0.057160585894383685
9525,10.0,0.4868400115630773,0.053292885884744366
9526,10.0,0.5071682951681915,0.05872977189450388
9527,10.0,0.5098786283421063,0.05881600613028988
9528,10.0,0.5068697954824581,0.05751303170443829
9529,10.0,0.5409781050797975,0.0629726918694952
9530,10.0,0.2655233216885968,0.040652161999029685
9531,10.0,0.26535106637988687,0.04255719488410587
9532,10.0,0.1202964846883739,0.019833770418259525
9533,10.0,0.377716417658074,0.04878172810988883
9534,10.0,0.11970647955163324,0.023795705761437944
9535,10.0,0.2953793908355906,0.040269637679110716
9536,10.0,0.1923622603252559,0.028916277546935362
9537,10.0,0.11989403775414147,0.021654938038496985
9538,10.0,0.2981890506878207,0.04490753711664385
9539,10.0,0.19030969687806745,0.027883741051862032
9540,10.0,0.43310834222582717,0.054670468771354785
9541,10.0,0.4985891529851787,0.06239203194175818
9542,10.0,0.4741547478937804,0.0566416981507828
9543,10.0,0.5012030119558379,0.06357432986431372
9544,10.0,0.5239764710738137,0.0630113574651215
9545,10.0,0.5095346390620247,0.062225880652767344
9546,10.0,0.5331417816603323,0.05889162707148357
9547,10.0,0.43255903409195906,0.056963788961170346
9548,10.0,0.4628859607266568,0.057979930131050496
9549,10.0,0.42928522977937295,0.05496087784000761
9550,10.0,0.30098610835714923,0.0346598801290657
9551,10.0,0.291436141859549,0.03414849840513644
9552,10.0,0.28688916002661785,0.033606455492077955
9553,10.0,0.29528560468029785,0.03390641289208874
9554,10.0,0.22519677314003114,0.02547114786252004
9555,10.0,0.30875480196422134,0.03759798043927087
9556,10.0,0.30426178249760266,0.03668107679629302
9557,10.0,0.351889903626969,0.03530657710102795
9558,10.0,0.28296451995170463,0.03467949783949668
9559,10.0,0.28572942827856457,0.033544259712892315
9560,10.0,0.27254598062996677,0.032773376937876166
9561,10.0,0.46521589607028135,0.049735073148028934
9562,10.0,0.3899634591321334,0.042385228399386604
9563,10.0,0.23702828998103223,0.028865866793132165
9564,10.0,0.3433012782690916,0.03509114870632848
9565,10.0,0.32395130869096644,0.0367654695595745
9566,10.0,0.26150137701803966,0.029224117893942945
9567,10.0,0.23715390902049863,0.02914751152794171
9568,10.0,0.4324428284043699,0.04481849657814384
9569,10.0,0.27259079442798123,0.02930263047696387
9570,10.0,0.42190097830362416,0.04144615214468185
9571,10.0,0.3817799076420494,0.035951135582463156
9572,10.0,0.37603072123728626,0.037271167287259016
9573,10.0,0.37492371640772404,0.040922049382091305
9574,10.0,0.36953070570715596,0.03528937617560148
9575,10.0,0.49187413313011613,0.04049130149068563
9576,10.0,0.4403554618877038,0.040904657122812084
9577,10.0,0.29821832104979124,0.033812525207413596
9578,10.0,0.3006657611766706,0.03309878125441638
9579,10.0,0.30000628873878615,0.03582015728851236
9580,10.0,0.4461260049162756,0.04455017509611669
9581,10.0,0.4262270131943316,0.040889089864739166
9582,10.0,0.39232393883262945,0.04214543178438133
9583,10.0,0.4455444688213536,0.04363229123680149
9584,10.0,0.4220117575044801,0.04362083664412845
9585,10.0,0.44215004237511335,0.044621690179871505
9586,10.0,0.3876721875209491,0.03931218682518899
9587,10.0,0.4810485863771057,0.050840292454389244
9588,10.0,0.3850955333247617,0.04282300769254911
9589,10.0,0.443914349247541,0.04582335217411914
9590,10.0,0.30875074465034447,0.031742101556342245
9591,10.0,0.2931941091163421,0.03338711876709341
9592,10.0,0.3396350896349812,0.03430637516871408
9593,10.0,0.3665952854670201,0.03638205155234549
9594,10.0,0.28140679668577534,0.030887137484550665
9595,10.0,0.3586436544038826,0.03503904479528414
9596,10.0,0.34064732052486424,0.03824011924482568
9597,10.0,0.35577612352450927,0.03688303303490191
9598,10.0,0.4398392264205735,0.045082104329362556
9599,10.0,0.33585263051093195,0.034468728880689456
9600,10.0,0.24032294551629768,0.030216789737353773
9601,10.0,0.24124755025927638,0.02799874259884658
9602,10.0,0.31873176011585685,0.031485766087900505
9603,10.0,0.4241918973223173,0.037409426308589365
9604,10.0,0.24114735124863484,0.027208416813856013
9605,10.0,0.29132368247142015,0.02937981484534273
9606,10.0,0.31462452956647613,0.03368652308150412
9607,10.0,0.33411854168389193,0.03204251625980475
9608,10.0,0.30054077486766223,0.029070120182105728
9609,10.0,0.24044973585378585,0.02921075244822647
9610,10.0,0.2820399252213987,0.02993230468191959
9611,10.0,0.2900949297206119,0.03000456639579573
9612,10.0,0.27531773497688955,0.024736939465853418
9613,10.0,0.34423245575968175,0.031040760654016276
9614,10.0,0.251342078218241,0.026286877767018057
9615,10.0,0.32195454455979655,0.03292278979560065
9616,10.0,0.3213033247654305,0.032306796440777774
9617,10.0,0.2757568960386138,0.026583411476087827
9618,10.0,0.27955762197629663,0.024782872542000667
9619,10.0,0.2811411635428106,0.029143988156910633
9620,10.0,0.3668990817661723,0.0373901562567735
9621,10.0,0.37209720264807394,0.041196548100895146
9622,10.0,0.3343404191595263,0.03321451395292452
9623,10.0,0.3896117979922915,0.040325446919142506
9624,10.0,0.42419949478955143,0.04415090218557209
9625,10.0,0.4285487146525675,0.04107288958431643
9626,10.0,0.3168448887309637,0.03390841977842255
9627,10.0,0.3135176613774979,0.035213653973728894
9628,10.0,0.21978834951374743,0.02191291857222053
9629,10.0,0.29102875052375504,0.0304024113885306
9630,10.0,0.33955498090487723,0.03645202215917885
9631,10.0,0.3333311859478915,0.036696246880541454
9632,10.0,0.29811489240250627,0.030092824386566786
9633,10.0,0.2622047253014422,0.031436851226633714
9634,10.0,0.32309168495675256,0.03369461010470211
9635,10.0,0.3294894999521403,0.03468993488369455
9636,10.0,0.31665997257322603,0.038176268691310127
9637,10.0,0.2997457859401832,0.03103590901771392
9638,10.0,0.2244088432214726,0.024764254269916564
9639,10.0,0.3008175213268692,0.03056802230579586
9640,10.0,0.24143577459887056,0.02637193744796013
9641,10.0,0.24034350395223372,0.02880098020350524
9642,10.0,0.2399839227865422,0.02697230553347762
9643,10.0,0.2424750266486357,0.03034640925810766
9644,10.0,0.3522060446248176,0.03845099861201255
9645,10.0,0.24209804590390585,0.028052856026369078
9646,10.0,0.24178727862455993,0.026616501986095345
9647,10.0,0.2806431697052482,0.03192750259284136
9648,10.0,0.24248842873977974,0.029091879627970697
9649,10.0,0.24091613982771481,0.027306653310318774
9650,10.0,0.4689335177388622,0.051479665652932
9651,10.0,0.2468616273852313,0.03222697782329069
9652,10.0,0.47056982560462635,0.05084884766969899
9653,10.0,0.46675928925089877,0.04568142648913064
9654,10.0,0.3807491797098404,0.04717882254236394
9655,10.0,0.4364636406234755,0.044244411046793414
9656,10.0,0.3085973422742229,0.03794718344295185
9657,10.0,0.39706162718518145,0.0484717147428955
9658,10.0,0.5099715044681115,0.055650841952068035
9659,10.0,0.4403540259919552,0.048384238878357314
9660,10.0,0.23893052473633616,0.025115102619237804
9661,10.0,0.28875616827663886,0.03352540048410461
9662,10.0,0.25279479922812714,0.02898807210582601
9663,10.0,0.28670507729995026,0.03410462881029959
9664,10.0,0.2535271550100933,0.027912845147954002
9665,10.0,0.27827263451201656,0.03285433500106156
9666,10.0,0.23867070077580557,0.027717996253884027
9667,10.0,0.28132411908592336,0.031243954033349133
9668,10.0,0.2847500313879679,0.03324511112143274
9669,10.0,0.31894931401872156,0.0328345615501594
9670,10.0,0.259203480036707,0.03568951835285252
9671,10.0,0.42468235982456287,0.05088988152504494
9672,10.0,0.41490197139971996,0.05062018916581721
9673,10.0,0.4237462243447855,0.04564704913885193
9674,10.0,0.4075139689511921,0.04679976910157661
9675,10.0,0.2600104269699123,0.030765156563711375
9676,10.0,0.49358431857743956,0.05253754319080767
9677,10.0,0.4709303745211045,0.04484035530679749
9678,10.0,0.367212052302496,0.038015968795105076
9679,10.0,0.39130358560701217,0.04428229652097228
9680,10.0,0.19446501051834558,0.01678960259568608
9681,10.0,0.19565630849145418,0.01720779266121224
9682,10.0,0.23254636932447667,0.02101799043683129
9683,10.0,0.15861245476549463,0.018417836134124618
9684,10.0,0.21918540826514735,0.02629383811247437
9685,10.0,0.19543875583210032,0.01917385836987425
9686,10.0,0.21376765257162933,0.018146893194302394
9687,10.0,0.2123904447916532,0.018853231617838116
9688,10.0,0.19466501377047624,0.019948093030768253
9689,10.0,0.19473024227482824,0.01797850780910907
9690,10.0,0.3062977972002657,0.03866632730231806
9691,10.0,0.11783161188899899,0.021494866418947288
9692,10.0,0.40934650306831843,0.04289807058785244
9693,10.0,0.15436046313017832,0.026300239427832918
9694,10.0,0.3580911337854264,0.043200595631501304
9695,10.0,0.20129026349430365,0.03473328110510747
9696,10.0,0.15549731895076493,0.022840141460883513
9697,10.0,0.1561250317725995,0.02515184003834927
9698,10.0,0.1545957296643949,0.024698263681013004
9699,10.0,0.37346049283100585,0.045705694919394926
9700,10.0,0.08666760348802105,0.018425777825981024
9701,10.0,0.08261528978969565,0.01901752029965136
9702,10.0,0.08741009603925581,0.016821959703764502
9703,10.0,0.087188997881689,0.016467640812556424
9704,10.0,0.08725317381406994,0.01923703363219302
9705,10.0,0.08700172746123894,0.016928983303726566
9706,10.0,0.08730302860751464,0.018584010513574552
9707,10.0,0.08707105148992549,0.018194878013813497
9708,10.0,0.08668902825006818,0.017321684617731193
9709,10.0,0.08741749960502247,0.01655374264505475
9710,10.0,0.4235709950993517,0.04800115829543064
9711,10.0,0.11214272404738125,0.022622093525954665
9712,10.0,0.10844449494792718,0.021351627418529216
9713,10.0,0.10634645315155268,0.020115547007061682
9714,10.0,0.38372915635139204,0.04316278439321218
9715,10.0,0.10687180159483671,0.01909698413630496
9716,10.0,0.2911625113276916,0.04095011739231145
9717,10.0,0.1092066109037586,0.021270459138122276
9718,10.0,0.10684953147786792,0.018936992830836323
9719,10.0,0.11193445942551199,0.021913516639235568
9720,10.0,0.30802679837667246,0.03642880468366387
9721,10.0,0.3688843445702146,0.04154010623086086
9722,10.0,0.3451089438234955,0.040634722698768735
9723,10.0,0.4404665538813933,0.04718995663854226
9724,10.0,0.3566366633337567,0.03906030903348816
9725,10.0,0.2903110240692322,0.03558891062177365
9726,10.0,0.24308878966500497,0.029001208480187418
9727,10.0,0.219604131694158,0.026210053510209896
9728,10.0,0.2909432149006488,0.034540096995806034
9729,10.0,0.3565164150277886,0.041433562139127744
9730,10.0,0.36845221631740865,0.04250041770217257
9731,10.0,0.2848017413422591,0.033622668398006234
9732,10.0,0.3615940439580676,0.04150970979414967
9733,10.0,0.378955278884779,0.044040279528490725
9734,10.0,0.3535696151353894,0.040058044254065
9735,10.0,0.45166134887484904,0.04656576306560552
9736,10.0,0.38548360837447376,0.04442730136896009
9737,10.0,0.34409501211074456,0.03917593394346029
9738,10.0,0.2933808751014879,0.03890408411818256
9739,10.0,0.3540165719223101,0.04062918546825693
9740,10.0,0.26191304631784906,0.031833022490855345
9741,10.0,0.21808707046446094,0.030999912174011202
9742,10.0,0.25986772357809984,0.033456625725789606
9743,10.0,0.2699024083935982,0.030831083128046492
9744,10.0,0.4541572186947481,0.04895680207269623
9745,10.0,0.32936872758062324,0.039564772630398024
9746,10.0,0.20334367627514416,0.027019366077522318
9747,10.0,0.2592720044069243,0.026824315737783176
9748,10.0,0.19765282325622938,0.025761162088739603
9749,10.0,0.2595394599382084,0.03446288080711048
9750,10.0,0.389059342012768,0.03896642764568
9751,10.0,0.3845156238025989,0.03980910421515735
9752,10.0,0.39872228166137647,0.042381612261685894
9753,10.0,0.31559469354195635,0.039361391292887266
9754,10.0,0.40045922280752094,0.04342906411210022
9755,10.0,0.4003469832754207,0.04246556181823965
9756,10.0,0.4869722983912713,0.04961331355776315
9757,10.0,0.39783211690190784,0.042993961073573644
9758,10.0,0.38646237181501414,0.03695691646795549
9759,10.0,0.445884188355696,0.04803915176765541
9760,10.0,0.2646993887780682,0.02737356169760018
9761,10.0,0.3471434441548077,0.04359388369679731
9762,10.0,0.26955599863983903,0.030050565861296934
9763,10.0,0.2850409491158242,0.029014357849473805
9764,10.0,0.23818147026315464,0.02124978230187934
9765,10.0,0.23864137045845998,0.022435886086626097
9766,10.0,0.41029950617437494,0.04397774405456072
9767,10.0,0.21985577852488372,0.024683452834163674
9768,10.0,0.2519369961055128,0.02870923736418458
9769,10.0,0.29712627146115284,0.031983233680681886
9770,10.0,0.2714338803034237,0.025010701311176387
9771,10.0,0.4602020547864067,0.043760895008152736
9772,10.0,0.4571450912311192,0.046052316554384486
9773,10.0,0.27150351552522256,0.025725191941062497
9774,10.0,0.4550575297257282,0.0440805874787025
9775,10.0,0.3715911565871599,0.042686116510920684
9776,10.0,0.381835313997226,0.037766635465382545
9777,10.0,0.26399859964276223,0.026816989046412595
9778,10.0,0.43143276963456706,0.04420217803765626
9779,10.0,0.4522475861456988,0.04525690909765076
9780,10.0,0.49963461205954224,0.054345760571737685
9781,10.0,0.16550690580406519,0.026695098474454653
9782,10.0,0.3944711388297295,0.04384350125750748
9783,10.0,0.33138104072985436,0.04156046855930757
9784,10.0,0.4604157010012844,0.0482772589249164
9785,10.0,0.2685327065726691,0.03407354195876402
9786,10.0,0.48240350316226316,0.05199456130319739
9787,10.0,0.24880620376152227,0.03373751498954735
9788,10.0,0.1654136659358028,0.028010404704984383
9789,10.0,0.28450582553847276,0.03444529830353396
9790,10.0,0.4225452792937372,0.04121707234003085
9791,10.0,0.4440641645559009,0.04502264860574805
9792,10.0,0.41837787977873736,0.03947010136597327
9793,10.0,0.3647184582090932,0.03945209822536341
9794,10.0,0.38209051648220144,0.043017729542633554
9795,10.0,0.4769159972062341,0.048865960974807596
9796,10.0,0.4408116670313794,0.048664229886272156
9797,10.0,0.3295180952594712,0.03961006967885774
9798,10.0,0.4461476056597018,0.04013866906706207
9799,10.0,0.4889093900557835,0.04731337535558415
9800,10.0,0.26643358911562864,0.034520919194521965
9801,10.0,0.4054138096395557,0.04219321330467809
9802,10.0,0.35704376273846866,0.04509085465948694
9803,10.0,0.40724741837732215,0.04420043284973248
9804,10.0,0.4051905725325705,0.04964338523806276
9805,10.0,0.2543627983824411,0.03993042455520993
9806,10.0,0.368956569273026,0.043064518757059154
9807,10.0,0.22366049387566858,0.03433478340631993
9808,10.0,0.37810161271086196,0.03970826279711633
9809,10.0,0.35425682206702724,0.046698796845573314
9810,10.0,0.17903272049884586,0.02662648876324337
9811,10.0,0.49483717516942277,0.054863432450898086
9812,10.0,0.46303637585417534,0.04915985838605181
9813,10.0,0.4782515995710663,0.05091609048720654
9814,10.0,0.47423671801141837,0.05095606056527133
9815,10.0,0.3803655583136187,0.04531351752130432
9816,10.0,0.18095650932659044,0.025699055367314393
9817,10.0,0.38037182446522866,0.04653938334439557
9818,10.0,0.13994810428067148,0.02276290667892662
9819,10.0,0.4870477829694443,0.053696839224581794
9820,10.0,0.3826484143289308,0.04864240430088364
9821,10.0,0.44129838176397196,0.05538499726432735
9822,10.0,0.3298274637622108,0.03915231164008109
9823,10.0,0.43091718878198204,0.048658303285953435
9824,10.0,0.37514895930877085,0.04472911514019072
9825,10.0,0.47255734301956254,0.05288316824569202
9826,10.0,0.2066395631748438,0.0333946359714249
9827,10.0,0.30281010717741336,0.036161040040956965
9828,10.0,0.3804874585968377,0.04974384445162954
9829,10.0,0.16745206235425864,0.02800768936553677
9830,10.0,0.2789733656400141,0.03667359776893292
9831,10.0,0.21445021283281207,0.030782953442719238
9832,10.0,0.29299508032017807,0.03680054947520495
9833,10.0,0.24267675571625713,0.02495092991433737
9834,10.0,0.24132174495340497,0.02934062983832733
9835,10.0,0.3381391965534425,0.034683956665257136
9836,10.0,0.33920221975979914,0.040437994399678205
9837,10.0,0.24231296932056706,0.027644279317754098
9838,10.0,0.3150360280184144,0.038267308127210485
9839,10.0,0.32363535709769986,0.045604938945346944
9840,10.0,0.208644476736213,0.03277167946533264
9841,10.0,0.25656116382607697,0.037697998133485275
9842,10.0,0.26218778748930754,0.04127504026019939
9843,10.0,0.335059707152459,0.04255924666875363
9844,10.0,0.20598659947284279,0.03071480694929986
9845,10.0,0.23523924243402874,0.03784615649271458
9846,10.0,0.4898659089692592,0.051523999637994936
9847,10.0,0.3190785658116688,0.036523627211909625
9848,10.0,0.20935269253759248,0.03043262310630284
9849,10.0,0.23314998671489895,0.037878468007619764
9850,10.0,0.26800739841820514,0.028232620446180072
9851,10.0,0.243916194368786,0.025674208045067533
9852,10.0,0.40069599569141084,0.036008315371319516
9853,10.0,0.2718669509365089,0.027754827736163203
9854,10.0,0.33226465003201305,0.033350862129755195
9855,10.0,0.2688519002990494,0.03048114693272152
9856,10.0,0.27342914724015815,0.02818739221180644
9857,10.0,0.2764620619250013,0.025538782758960998
9858,10.0,0.27274369789962066,0.027629394021188417
9859,10.0,0.3142527906658096,0.03643354290844956
9860,10.0,0.32061152090731404,0.03303658551587157
9861,10.0,0.33014849443563765,0.029830523356538935
9862,10.0,0.2960283256794354,0.029683023758021336
9863,10.0,0.29559216466137506,0.030551071227338536
9864,10.0,0.2973856419447566,0.025483424869554086
9865,10.0,0.17848591144385442,0.018643498765231012
9866,10.0,0.2857992108519341,0.027544565541155593
9867,10.0,0.32382916986864824,0.027661268064118064
9868,10.0,0.17855257649525272,0.016093458883673334
9869,10.0,0.29106495548958855,0.0284435791356101
9870,10.0,0.28879856417028593,0.025974138715026077
9871,10.0,0.32958896030262125,0.03136942174002889
9872,10.0,0.2618898941444273,0.029080015420239597
9873,10.0,0.3676401769436775,0.03415663746266176
9874,10.0,0.25497111063237377,0.02981752457452128
9875,10.0,0.34085805517869394,0.032752182534308484
9876,10.0,0.37583568876855744,0.03351997450516271
9877,10.0,0.2344071523138472,0.028266229456143776
9878,10.0,0.3208453080722043,0.029793674566971958
9879,10.0,0.28926142960889734,0.025825169711665184
9880,10.0,0.27284446546438607,0.027713830998047514
9881,10.0,0.3212238802652414,0.025079356751870265
9882,10.0,0.3202135639311768,0.02677632691783621
9883,10.0,0.2727828626305771,0.029964004049111856
9884,10.0,0.36293061643265584,0.035477715627051015
9885,10.0,0.283745889225619,0.02835155292009258
9886,10.0,0.37604567854222704,0.03311961562036331
9887,10.0,0.3053277143483008,0.02911164150175406
9888,10.0,0.25177363856520757,0.027501206023447015
9889,10.0,0.3237522966219064,0.028677712681926558
9890,10.0,0.23787170333795063,0.02340589846992611
9891,10.0,0.23745824878649424,0.023366994809626958
9892,10.0,0.23783444124480246,0.0218531891744924
9893,10.0,0.23694228299200704,0.021334384989934747
9894,10.0,0.20193774268061523,0.023234468429334222
9895,10.0,0.23902482777707842,0.022417676245276418
9896,10.0,0.22812436014275603,0.020235298572278907
9897,10.0,0.11951812463157668,0.016005377839857615
9898,10.0,0.21733623885603703,0.021551437265582934
9899,10.0,0.20834314183931119,0.022091335552532433
9900,10.0,0.32852643988268093,0.03886867833013626
9901,10.0,0.4258423433891014,0.03995756775139205
9902,10.0,0.4629926467674743,0.040833136111052964
9903,10.0,0.39077228339975695,0.03677200507963627
9904,10.0,0.3419102028191379,0.03585756944785084
9905,10.0,0.4939936854075634,0.04517376151185451
9906,10.0,0.47256894178977915,0.040657482989954793
9907,10.0,0.39286468103903477,0.04316866760732584
9908,10.0,0.4096488022088031,0.034812832137849505
9909,10.0,0.47151254041273183,0.04224885877226179
9910,10.0,0.08287354867863284,0.020646547225924343
9911,10.0,0.12622908888178427,0.02340594426524224
9912,10.0,0.27425665634634033,0.03330560840441678
9913,10.0,0.3753275079640082,0.038170559153339056
9914,10.0,0.48557931302553475,0.0488008369480241
9915,10.0,0.08327866032682348,0.01722682611988938
9916,10.0,0.08290312513230197,0.017094622254858763
9917,10.0,0.39940234799674995,0.038842580180502045
9918,10.0,0.39014057825275783,0.042306991653069885
9919,10.0,0.4566772267885541,0.04412323234200497
9920,10.0,0.2536082019165635,0.03407692807723039
9921,10.0,0.1684038265055502,0.02232997271950159
9922,10.0,0.12228145421133302,0.014751294258288989
9923,10.0,0.2774845290164544,0.03383968749320095
9924,10.0,0.17130062282518518,0.02238731514176553
9925,10.0,0.16208944598205743,0.018907330267244924
9926,10.0,0.17194407170996043,0.01900661916362297
9927,10.0,0.17164415932072294,0.022503106929508184
9928,10.0,0.2512195499099366,0.02428402498150677
9929,10.0,0.17387090608679423,0.026358708435007164
9930,10.0,0.2568974750819122,0.029649885075722922
9931,10.0,0.24881989156157683,0.02465584506677652
9932,10.0,0.2572072906805971,0.0327305833411113
9933,10.0,0.21902851418284577,0.02629130082060959
9934,10.0,0.3906300454341029,0.03679687161047965
9935,10.0,0.1324821442011763,0.02215041335100025
9936,10.0,0.24948607289627286,0.0275510561873094
9937,10.0,0.37607241753077036,0.040951094349184106
9938,10.0,0.25705188882222674,0.03006621445731246
9939,10.0,0.22018362969917976,0.02795240389544537
9940,10.0,0.3398362724762397,0.033112531378880816
9941,10.0,0.21312008220889347,0.0303996291938122
9942,10.0,0.3032640257732762,0.039209880421757035
9943,10.0,0.21964162242284724,0.02937815821514812
9944,10.0,0.3247953930957291,0.034087033265678454
9945,10.0,0.3287510470818484,0.03703966376427049
9946,10.0,0.2432258331377919,0.03306046047761202
9947,10.0,0.34516023750902775,0.039214903221964165
9948,10.0,0.34120658379227975,0.03699416154827941
9949,10.0,0.35044552825015807,0.03888789044153983
9950,10.0,0.31435609862818076,0.03326429614516015
9951,10.0,0.16435759461041838,0.016971897007620144
9952,10.0,0.1645490870591624,0.013355152878121477
9953,10.0,0.16338998171904046,0.0127993142346782
9954,10.0,0.16414221064188317,0.017789789393039414
9955,10.0,0.163516804745249,0.016655292353598417
9956,10.0,0.16341067078116733,0.017845662713364945
9957,10.0,0.1646626532992878,0.01070032973902516
9958,10.0,0.16362426250513146,0.017072593359609457
9959,10.0,0.16358471963362012,0.014580599188323357
9960,10.0,0.15898707603488607,0.022069504399030798
9961,10.0,0.32588363874483994,0.036748711853930825
9962,10.0,0.23230831321165743,0.02948472880716489
9963,10.0,0.21779458568177304,0.026637896781475153
9964,10.0,0.28460486917802036,0.03209748993206211
9965,10.0,0.34401023563871796,0.03640824255608912
9966,10.0,0.24189009950806434,0.031196454935345598
9967,10.0,0.22843661485520647,0.0299036781296432
9968,10.0,0.28525273807452806,0.035460803814348976
9969,10.0,0.3736588469757828,0.040379637492569585
9970,10.0,0.2600834402394318,0.027597342358215628
9971,10.0,0.34118088887502246,0.036505520764902724
9972,10.0,0.381259066185988,0.04403008180796752
9973,10.0,0.24543931006609862,0.026989885259347302
9974,10.0,0.25687538164920304,0.029757222038169797
9975,10.0,0.37699014607714976,0.040224870691370915
9976,10.0,0.40794859055806226,0.04005850939441295
9977,10.0,0.2549398926731152,0.03046041617725573
9978,10.0,0.2608236310709904,0.030585638550340133
9979,10.0,0.3418969122416328,0.03706126404121141
9980,10.0,0.25151865125656836,0.02921837837578446
9981,10.0,0.1546128750353743,0.019017474931032126
9982,10.0,0.2586887699041474,0.03406870666002554
9983,10.0,0.15191539790282255,0.02195330283563519
9984,10.0,0.2537212272353173,0.03025656143026235
9985,10.0,0.2715165954292342,0.03423172665416299
9986,10.0,0.19721076337683668,0.024265324024425897
9987,10.0,0.2121919818746491,0.026991912368606652
9988,10.0,0.2885649587262609,0.03375185177213666
9989,10.0,0.1589347426042812,0.023217210392260497
9990,10.0,0.28117436216562414,0.031035606615963048
9991,10.0,0.3847377752735574,0.0355511964089188
9992,10.0,0.31689300035810647,0.03341970704863236
9993,10.0,0.2803656517251867,0.032358703007353586
9994,10.0,0.3235309558593573,0.034495358142121034
9995,10.0,0.3162598348678215,0.032283561005515195
9996,10.0,0.25470607961541636,0.02748632117932438
9997,10.0,0.3159378170064145,0.031612502246253636
9998,10.0,0.2809490240771034,0.030823867795560518
9999,10.0,0.3258471781330543,0.033611814748579986
10000,10.5,0.4390907246326468,0.05341632378704097
10001,10.5,0.1468989845755859,0.02168659558945444
10002,10.5,0.4626567254612801,0.05605460809806101
10003,10.5,0.5148263053051834,0.05933024275986965
10004,10.5,0.43763030841361655,0.05055209001732525
10005,10.5,0.4326710855164816,0.05167471584624667
10006,10.5,0.1475336692464979,0.0246258038805459
10007,10.5,0.5009217744423117,0.05794639932018219
10008,10.5,0.470609715067423,0.05613734521523693
10009,10.5,0.4142091015344247,0.053540353420586294
10010,10.5,0.4809183830362985,0.05673033226470886
10011,10.5,0.47776706348163894,0.05612038200767451
10012,10.5,0.4038606046872455,0.05046157210333619
10013,10.5,0.354611020047983,0.04845996178641805
10014,10.5,0.46119658642454325,0.055601034761823306
10015,10.5,0.42916336758502105,0.05698331134998805
10016,10.5,0.41621932858752075,0.05251434755587469
10017,10.5,0.46150315678563486,0.05364895860908858
10018,10.5,0.36771061326764776,0.05136684705632716
10019,10.5,0.4957162225675949,0.054703124643581506
10020,10.5,0.507140230057352,0.06203498281261134
10021,10.5,0.4418520665841707,0.06286451203296071
10022,10.5,0.44542029515320375,0.05829282999514659
10023,10.5,0.4620008037337069,0.05608509689472568
10024,10.5,0.45031088509171463,0.057988558906709745
10025,10.5,0.478025024159751,0.05228660816457356
10026,10.5,0.5032349582176067,0.06132039452875672
10027,10.5,0.5006550756906651,0.06136407452440899
10028,10.5,0.49900184133690434,0.058971093152951584
10029,10.5,0.5343255971793628,0.06070191037332195
10030,10.5,0.26242819257707317,0.04249475136430552
10031,10.5,0.2630333188769053,0.04391815770834838
10032,10.5,0.11790515486485945,0.020204782648613077
10033,10.5,0.37581032205844384,0.0504515314778621
10034,10.5,0.1180434885006007,0.017786476595263657
10035,10.5,0.29192187643783274,0.03894051661171794
10036,10.5,0.189250739257747,0.02623503809760263
10037,10.5,0.11798728434816569,0.020489121890709137
10038,10.5,0.2947594433503852,0.04144663473459814
10039,10.5,0.18721100619386105,0.02727161181824298
10040,10.5,0.4269373086899278,0.053476681388133454
10041,10.5,0.495118090334532,0.06146149037950634
10042,10.5,0.4695781670615872,0.05798302103259841
10043,10.5,0.5027578450639641,0.06517311079957243
10044,10.5,0.5235209821231892,0.062187093022905655
10045,10.5,0.5078497256187254,0.06027014909887474
10046,10.5,0.534992732429561,0.06183694534867425
10047,10.5,0.4276086717927279,0.05601258272270076
10048,10.5,0.45921148529512534,0.057364807607966084
10049,10.5,0.4244729544818133,0.05382202041857478
10050,10.5,0.2978507437317203,0.033762098471787995
10051,10.5,0.2893948354100373,0.03619701654108279
10052,10.5,0.2844431921649373,0.03394932461700529
10053,10.5,0.2922369090599946,0.03446916186303107
10054,10.5,0.22196077541841355,0.022388316709887973
10055,10.5,0.3062756547218517,0.035780703678846434
10056,10.5,0.30274769329763496,0.03575281007581258
10057,10.5,0.3501632976535179,0.03460631509286543
10058,10.5,0.2809606517161559,0.03460742652473783
10059,10.5,0.2826525729707462,0.0350490566019235
10060,10.5,0.26932265564619445,0.03105426756598413
10061,10.5,0.4618701187778599,0.0514399553855897
10062,10.5,0.3840498762506924,0.04153546352988809
10063,10.5,0.23452486177523524,0.02843741773799972
10064,10.5,0.3404281139138596,0.032341493246350356
10065,10.5,0.32090784702886876,0.035809485729952725
10066,10.5,0.2584966479735579,0.03040402247256668
10067,10.5,0.23467966791158346,0.028039709304583844
10068,10.5,0.4231470654017334,0.04246633053584616
10069,10.5,0.26998023812969674,0.031036170136808375
10070,10.5,0.42055990374990504,0.04134776273239841
10071,10.5,0.37928026884734606,0.03853959111474467
10072,10.5,0.41777059505733105,0.04016715266766988
10073,10.5,0.3727950576224819,0.03521461307159923
10074,10.5,0.36760938039790286,0.034256129764269984
10075,10.5,0.4879108195055074,0.04295133729320029
10076,10.5,0.4368399635074772,0.04055752849715869
10077,10.5,0.29629018887804687,0.036306685248071444
10078,10.5,0.29863256147103373,0.03473796657646905
10079,10.5,0.29810835129007646,0.03538380266897289
10080,10.5,0.44047762088372094,0.04369144671461982
10081,10.5,0.42625015342567607,0.044585779570404445
10082,10.5,0.44251875202415897,0.04555327717257925
10083,10.5,0.44416891608349746,0.04633448400851587
10084,10.5,0.4192121994111175,0.04469266333916171
10085,10.5,0.44009993548582665,0.045623310227597184
10086,10.5,0.3842598680313842,0.04081963988260437
10087,10.5,0.476415305751178,0.04876251160965809
10088,10.5,0.38805863417038655,0.04281847214585073
10089,10.5,0.43999013905294515,0.044923001662625285
10090,10.5,0.30474474204469293,0.03176190449596572
10091,10.5,0.289379452977024,0.03329205880692326
10092,10.5,0.3368423803261785,0.03629844268104133
10093,10.5,0.3623021759898108,0.036852862490479775
10094,10.5,0.276874129109968,0.029430587456399294
10095,10.5,0.35630614986917064,0.03286640731566819
10096,10.5,0.33762967026901153,0.03813247619113212
10097,10.5,0.35207156033319587,0.03782925198543573
10098,10.5,0.43683789009249846,0.04513859357928764
10099,10.5,0.33270597055795953,0.03782525271019352
10100,10.5,0.23736409335537273,0.02936957308717217
10101,10.5,0.2384366854579716,0.02851508526911648
10102,10.5,0.3167541266388845,0.03404319688818588
10103,10.5,0.4204603062112958,0.0376986350402589
10104,10.5,0.23805684294345403,0.03147629099796884
10105,10.5,0.2910819670486489,0.03037480488993616
10106,10.5,0.3134189162802864,0.03495378449084268
10107,10.5,0.332947577971914,0.03497965836498001
10108,10.5,0.299333044895665,0.03127893793436176
10109,10.5,0.23745857252331823,0.028603062957678112
10110,10.5,0.279169409560289,0.028782949802121125
10111,10.5,0.28796369945097494,0.030436548607497955
10112,10.5,0.27300521802602273,0.02547996130057694
10113,10.5,0.36248825828241205,0.03706528548183688
10114,10.5,0.2487849758093661,0.02602877705234809
10115,10.5,0.3203541311180616,0.03336416961178129
10116,10.5,0.31940874256939,0.03548303626502091
10117,10.5,0.273421836896434,0.026162677906246736
10118,10.5,0.27698688593966714,0.02197728819261276
10119,10.5,0.2783591330471302,0.028343138789562055
10120,10.5,0.36336830371545054,0.04019382112960686
10121,10.5,0.3680957470044031,0.03763859301294798
10122,10.5,0.3319164144633167,0.03384062742053245
10123,10.5,0.38924633246943496,0.04038239707963194
10124,10.5,0.4186167381908548,0.04030298885880167
10125,10.5,0.42263387995179147,0.04124790573925755
10126,10.5,0.3132608387290493,0.031714829681794995
10127,10.5,0.3101702381010989,0.03545460931781434
10128,10.5,0.21631229914043246,0.023419079726385753
10129,10.5,0.28620629237836437,0.02795808618124719
10130,10.5,0.33634645981019407,0.03603737618691735
10131,10.5,0.32996402303803535,0.033249878298561575
10132,10.5,0.2951025554231121,0.03215527571883045
10133,10.5,0.25825495199195236,0.02938575691265
10134,10.5,0.3203441598478017,0.03633116003766321
10135,10.5,0.3262130418530232,0.032878873217413535
10136,10.5,0.3122780747823584,0.03558756459388831
10137,10.5,0.2971425848915026,0.027423717615691644
10138,10.5,0.22119215415817334,0.02623019300957072
10139,10.5,0.29800795905614164,0.030212844366670964
10140,10.5,0.2388347422611476,0.030624355681535684
10141,10.5,0.23766528324795347,0.028366103241227954
10142,10.5,0.23745550200136953,0.02579389061389055
10143,10.5,0.23971144464114613,0.028895386641880193
10144,10.5,0.35075919499223557,0.03717529633207695
10145,10.5,0.23919432540591432,0.02863570408549713
10146,10.5,0.23900866698719697,0.02718504736676087
10147,10.5,0.2780652935877143,0.031872379539995596
10148,10.5,0.23987769843144982,0.026935580236046183
10149,10.5,0.2385052192079968,0.026872644610494576
10150,10.5,0.47685357153953795,0.052331740287546266
10151,10.5,0.24298107566812524,0.03540901380804108
10152,10.5,0.47708852416647796,0.05224970251428324
10153,10.5,0.45911108401539596,0.04640414512362228
10154,10.5,0.3786352215666187,0.048136820826205864
10155,10.5,0.43138366185849025,0.04599300005026746
10156,10.5,0.30455977814486845,0.03843484043368115
10157,10.5,0.39317618863978837,0.0506049305760864
10158,10.5,0.5051902695662367,0.05492912889017005
10159,10.5,0.43514839859404736,0.050190936245567586
10160,10.5,0.2364071138213924,0.026005941930341166
10161,10.5,0.2863730319515837,0.03593801037856704
10162,10.5,0.2499021345128266,0.02902740959980748
10163,10.5,0.28439063522334895,0.030975164823779478
10164,10.5,0.2506833144140034,0.028162059494099237
10165,10.5,0.27663144422320424,0.03309056055310202
10166,10.5,0.23611335050286356,0.02889643524169303
10167,10.5,0.27863634336833826,0.030152434122146198
10168,10.5,0.28191010897258034,0.03456617602650126
10169,10.5,0.31644294928902184,0.03295638096865048
10170,10.5,0.29430824754592677,0.03891334664548769
10171,10.5,0.4256191375408774,0.05114570760614159
10172,10.5,0.41581972907560094,0.04729622094938261
10173,10.5,0.4211456774802922,0.04687071724376991
10174,10.5,0.4055451273288346,0.0449718271473167
10175,10.5,0.2571802215438856,0.03013643700808178
10176,10.5,0.49039902923369233,0.05270023794719687
10177,10.5,0.48270533429197393,0.046078990698698294
10178,10.5,0.361930705368995,0.037434824751930405
10179,10.5,0.3906964867127931,0.04517595943758242
10180,10.5,0.19188810533770342,0.01868525589676972
10181,10.5,0.19326064012857713,0.018521136749880818
10182,10.5,0.33195091068395954,0.03517952366446169
10183,10.5,0.15575995495039874,0.019534277640301
10184,10.5,0.21846499802517913,0.027204437855519
10185,10.5,0.19288029942651835,0.020805287080055513
10186,10.5,0.21126674352049957,0.017664511253608788
10187,10.5,0.21004762087595383,0.019356947899037438
10188,10.5,0.19209895930563284,0.01815641846852974
10189,10.5,0.19210763618108245,0.018869502972726573
10190,10.5,0.3105635582035726,0.039154238521588454
10191,10.5,0.11509618728239505,0.020035239988386116
10192,10.5,0.4033581213461414,0.044855389695713635
10193,10.5,0.15179638606860477,0.024237610738151595
10194,10.5,0.3542120534416636,0.04164597317224819
10195,10.5,0.19891064128868674,0.034193685066195315
10196,10.5,0.15308370187362702,0.022442669989182575
10197,10.5,0.15366151031867137,0.026271190433614228
10198,10.5,0.1521625256318388,0.02442900846761181
10199,10.5,0.3840058060770454,0.04375212360419302
10200,10.5,0.08412453771603848,0.015110502461728183
10201,10.5,0.08000695181154809,0.01830022813128609
10202,10.5,0.0848574501038668,0.01872592124568771
10203,10.5,0.08474381121018976,0.015431710143085517
10204,10.5,0.08461818107783915,0.01771425233350292
10205,10.5,0.08436643195398974,0.018491500911588934
10206,10.5,0.08482864760772897,0.017386563674612013
10207,10.5,0.08455528082023382,0.017634356284542876
10208,10.5,0.08403713140393723,0.017259954083779505
10209,10.5,0.08451698709507457,0.01554479908101585
10210,10.5,0.41569960940818845,0.045503077641573235
10211,10.5,0.10991876239407963,0.022706643088706565
10212,10.5,0.10577237153686364,0.021268367147792313
10213,10.5,0.10364448815261519,0.018902070291207204
10214,10.5,0.3844398938516632,0.04634027252291938
10215,10.5,0.10407221639555468,0.02155782143392949
10216,10.5,0.28819878766260515,0.038284132240089634
10217,10.5,0.10644304734768992,0.021560844528156778
10218,10.5,0.10388817179086625,0.020452695445058688
10219,10.5,0.1090246530223503,0.019649437652263107
10220,10.5,0.30487363805641793,0.036153570965760246
10221,10.5,0.3655189501391228,0.04312495874293832
10222,10.5,0.34282610082654946,0.039234344902552856
10223,10.5,0.43649107098790463,0.04497229360971865
10224,10.5,0.3533168161810045,0.03599286100878174
10225,10.5,0.28622623133651387,0.03596368272742265
10226,10.5,0.24023536974829288,0.02512239021451262
10227,10.5,0.21678928206886058,0.028192246385571083
10228,10.5,0.28863440557835784,0.036098872711952924
10229,10.5,0.3512901260729388,0.0422157373263325
10230,10.5,0.362645513909162,0.04390002510940025
10231,10.5,0.28143062418939374,0.03720767268660484
10232,10.5,0.3559396290152681,0.04254773870990894
10233,10.5,0.37459072145884836,0.04402621226524242
10234,10.5,0.35139158572109774,0.03985273863266363
10235,10.5,0.4583019025526473,0.04677211655738923
10236,10.5,0.38298086890970023,0.042866671534246115
10237,10.5,0.3397351534850626,0.03928779638886209
10238,10.5,0.29001751492316064,0.03753523355208998
10239,10.5,0.3495560549367324,0.04145045002538049
10240,10.5,0.25950929352639673,0.03059756928624946
10241,10.5,0.26025048407282064,0.030827680453796483
10242,10.5,0.2570412701171487,0.030992231966905252
10243,10.5,0.2673101884154928,0.03282234562041764
10244,10.5,0.45162723962741697,0.04539940390262197
10245,10.5,0.3270562221750821,0.03875424584328955
10246,10.5,0.20977943661138063,0.029412369346370155
10247,10.5,0.3122955000371931,0.035654200118854416
10248,10.5,0.19496391501321128,0.02443016299360274
10249,10.5,0.25747302592221827,0.0314191269491254
10250,10.5,0.38625832763541157,0.04051606516354479
10251,10.5,0.3890180426048567,0.04298262182819161
10252,10.5,0.39622529063474565,0.041474453289015285
10253,10.5,0.3125342176998714,0.037458341134182005
10254,10.5,0.39782552965551016,0.03979062027492449
10255,10.5,0.3973440630870694,0.042948039940122036
10256,10.5,0.48311206385332556,0.05027257640202554
10257,10.5,0.39493375777933853,0.0391803095872763
10258,10.5,0.38365563431286775,0.038808963901860005
10259,10.5,0.44196456729820965,0.04844246593515965
10260,10.5,0.2612394094244585,0.028714842333533833
10261,10.5,0.34475411928819266,0.04038263226394736
10262,10.5,0.2657169929779621,0.02735054044658508
10263,10.5,0.2821245980064211,0.030167283861681944
10264,10.5,0.23511744873515267,0.021671517962873157
10265,10.5,0.2357291535976043,0.02199334529249344
10266,10.5,0.40679827465976737,0.040764277698142934
10267,10.5,0.21658947346171323,0.02392170977662188
10268,10.5,0.24807365664351536,0.02636123298199054
10269,10.5,0.29263288164517004,0.030847017134452044
10270,10.5,0.2684145031396549,0.025598041209155906
10271,10.5,0.4565444930543874,0.04632127006085561
10272,10.5,0.45227790473324275,0.04370142959257555
10273,10.5,0.2685118287807684,0.02669184838961074
10274,10.5,0.4496216404567442,0.04161918845640139
10275,10.5,0.36683211253536846,0.04424960802424973
10276,10.5,0.38280190203621756,0.03987604295057289
10277,10.5,0.2611951570522893,0.027465104954797228
10278,10.5,0.43431505782209673,0.04801221937239112
10279,10.5,0.44662268183698856,0.04324165751576281
10280,10.5,0.5054659519099248,0.05501868556952476
10281,10.5,0.16165329044415777,0.030288518259238575
10282,10.5,0.39088376320106266,0.04470452876181032
10283,10.5,0.3280803105250526,0.04196043826195941
10284,10.5,0.45644229946665416,0.0494035162374414
10285,10.5,0.2716222620095711,0.035635620220250123
10286,10.5,0.4786074982759727,0.05046666309527305
10287,10.5,0.24538399294305235,0.033469499285688514
10288,10.5,0.16179931896073557,0.029684658137789883
10289,10.5,0.28109789705856364,0.037676261000233885
10290,10.5,0.4201794720635947,0.04369296992740461
10291,10.5,0.4604740091232418,0.046831864471871036
10292,10.5,0.42108111032007084,0.04049849474881622
10293,10.5,0.36107952364029977,0.039808013833846814
10294,10.5,0.41222575204951184,0.04316926086807663
10295,10.5,0.47994970431249584,0.04810015093220441
10296,10.5,0.43560256982332757,0.04759844532152587
10297,10.5,0.3262961731242417,0.039656700034969225
10298,10.5,0.4433520943524276,0.04104886702284284
10299,10.5,0.48494360632394257,0.047421611016174245
10300,10.5,0.2647659228580272,0.031841861511117224
10301,10.5,0.4019719110556146,0.04497014903481868
10302,10.5,0.3516748463803433,0.046273695463334374
10303,10.5,0.40746284122627524,0.0482939012675128
10304,10.5,0.402394477406463,0.04759763202328088
10305,10.5,0.2525800694011107,0.03989198450975566
10306,10.5,0.36574724158854466,0.04372744659453125
10307,10.5,0.22186131326911573,0.03138407850092922
10308,10.5,0.37455280350628023,0.04078145873895953
10309,10.5,0.35250493995821486,0.045312349014888585
10310,10.5,0.17612047895540195,0.024678062689643215
10311,10.5,0.4940006293414262,0.052531594673546206
10312,10.5,0.4594611453501091,0.05125286066977773
10313,10.5,0.489288883937702,0.050979960246094774
10314,10.5,0.4773188547614308,0.05040479265628038
10315,10.5,0.3842412449626726,0.04480128245385712
10316,10.5,0.1781534299140028,0.02339131468295735
10317,10.5,0.37841062955209875,0.04630815041348251
10318,10.5,0.1613942559860812,0.02036695700931078
10319,10.5,0.48839039867094886,0.054453438833674955
10320,10.5,0.3781273871912511,0.04833961963118394
10321,10.5,0.44437369372200874,0.05519335254871971
10322,10.5,0.32761817925247266,0.04056315334602107
10323,10.5,0.43475728898756705,0.051436429326290445
10324,10.5,0.3712111224319382,0.04432212088855536
10325,10.5,0.4686187824401711,0.053070373611809434
10326,10.5,0.20387816315880972,0.036902533131448825
10327,10.5,0.3005955531682108,0.03704052396417832
10328,10.5,0.38042969256135806,0.05021249763379379
10329,10.5,0.16504872569854273,0.02786027687256491
10330,10.5,0.27676755131019926,0.037088048134364414
10331,10.5,0.2136693313296464,0.030091856843063595
10332,10.5,0.28804284395279595,0.039823676934188146
10333,10.5,0.24050497327019102,0.027555465577953284
10334,10.5,0.2391670986045401,0.029563781929899106
10335,10.5,0.3344555449549259,0.03453244359355742
10336,10.5,0.3374348343275107,0.03987031572207697
10337,10.5,0.24016069590161374,0.02968099644505398
10338,10.5,0.3120355170700867,0.03753940810914656
10339,10.5,0.32044536510179894,0.043676048737590366
10340,10.5,0.20646269813145854,0.031400660957429126
10341,10.5,0.2543027549645218,0.04009615522469517
10342,10.5,0.25919126284814775,0.040556008777139156
10343,10.5,0.33254131729600017,0.04150524810490246
10344,10.5,0.20385283442656812,0.03268500574966552
10345,10.5,0.23253496930880796,0.037855518180657646
10346,10.5,0.4873207227579208,0.052230042282610196
10347,10.5,0.3145648643398764,0.03792147806274073
10348,10.5,0.2072995778000528,0.03190771198506733
10349,10.5,0.23057266761069567,0.03761893792154088
10350,10.5,0.2657994836670983,0.028536622259989753
10351,10.5,0.24108879386249019,0.024163042831185626
10352,10.5,0.40239509193150247,0.03520893996031588
10353,10.5,0.2694380923693994,0.027426748516868285
10354,10.5,0.3296997329142677,0.03357545152439053
10355,10.5,0.2666501561004307,0.0290207990067852
10356,10.5,0.27118623063499797,0.026465170685660844
10357,10.5,0.27412818116806636,0.025965807846633687
10358,10.5,0.27033592825657904,0.026435642685577604
10359,10.5,0.3131383846471119,0.0362913840099663
10360,10.5,0.31802064785753226,0.03210099210371129
10361,10.5,0.32723227887932127,0.03070709076791327
10362,10.5,0.2929519627903329,0.02631013774870238
10363,10.5,0.2929915834385047,0.02790193657608569
10364,10.5,0.29592237253217835,0.025876131316544503
10365,10.5,0.17662671542386085,0.01713407008720832
10366,10.5,0.2831281863861192,0.027072348746161264
10367,10.5,0.3225951537258622,0.028215343059198497
10368,10.5,0.1768418742217335,0.018085218516048548
10369,10.5,0.2883972142153341,0.02704888678596028
10370,10.5,0.28620493657461876,0.02675528329900937
10371,10.5,0.3262381954206124,0.02910287195167109
10372,10.5,0.25956742963655205,0.027768453728770653
10373,10.5,0.37129821237578925,0.036909030968963
10374,10.5,0.2528609645132489,0.029617273072419483
10375,10.5,0.33929647604652835,0.03266712471232027
10376,10.5,0.3730057111767077,0.03699094719663942
10377,10.5,0.23199692146457035,0.028781300339175954
10378,10.5,0.318189538920421,0.030653051019926665
10379,10.5,0.28647490318172436,0.029580087383727516
10380,10.5,0.2703059805475586,0.027129443795781
10381,10.5,0.3178581750894822,0.02833883593992393
10382,10.5,0.3170553120382615,0.027738408952836045
10383,10.5,0.2702100661304425,0.025234626443824338
10384,10.5,0.36066765508749976,0.03531650989149277
10385,10.5,0.2961546115317038,0.02971484184989368
10386,10.5,0.37384420737081664,0.031082266662093672
10387,10.5,0.3012261034648696,0.029136337125599703
10388,10.5,0.24865528883496693,0.028772808291305397
10389,10.5,0.32862431042762796,0.03194394796712539
10390,10.5,0.23579194443414364,0.0222567827523674
10391,10.5,0.23485881876810996,0.02336296818678121
10392,10.5,0.23531036675874267,0.022900718752293717
10393,10.5,0.23511648583304526,0.02298250437536469
10394,10.5,0.1995428177109718,0.024907075368498295
10395,10.5,0.2366518035978835,0.02178925651708061
10396,10.5,0.2254898369556087,0.024648841973953232
10397,10.5,0.11730152856400153,0.0151066057827809
10398,10.5,0.2160366019931226,0.02420007189395678
10399,10.5,0.2083852449875396,0.020613560206244063
10400,10.5,0.3415753971158872,0.03515434086289771
10401,10.5,0.43707543280114103,0.03950434719208834
10402,10.5,0.4565568204070119,0.0392771835173412
10403,10.5,0.3874757199257029,0.038295994463031606
10404,10.5,0.33836040761071096,0.03662225356661128
10405,10.5,0.4880090080569414,0.04519295476667131
10406,10.5,0.4687559735576251,0.03948759141088222
10407,10.5,0.38585260387891895,0.04473321837460827
10408,10.5,0.40588807726160114,0.03930221427321762
10409,10.5,0.4664990083912672,0.042097796350587934
10410,10.5,0.07906812339996203,0.02049749584234256
10411,10.5,0.12131730540271368,0.02551115805718461
10412,10.5,0.2694867093725814,0.03496034981675696
10413,10.5,0.37174195389702347,0.039457310359601615
10414,10.5,0.48065938477428033,0.04767181880847487
10415,10.5,0.07991110396751651,0.017061768860854306
10416,10.5,0.07930322284353471,0.01884855316990133
10417,10.5,0.38975654276051946,0.03860112303926635
10418,10.5,0.3855958186100868,0.042279304019789646
10419,10.5,0.45389877195042255,0.04365350665756998
10420,10.5,0.2512362954592857,0.035178563218429534
10421,10.5,0.16632374430812663,0.018448711894645854
10422,10.5,0.12005468371238123,0.013998551901519806
10423,10.5,0.27373084483914284,0.03409644857972495
10424,10.5,0.16911666363925942,0.022997047001860914
10425,10.5,0.16024134024913497,0.02057218719562161
10426,10.5,0.17003007460605463,0.01914952758460322
10427,10.5,0.16942344800083634,0.018034978673659042
10428,10.5,0.2478761589284176,0.027724529380933553
10429,10.5,0.16908122966899972,0.02769296184372127
10430,10.5,0.2527492165652641,0.029827616424289966
10431,10.5,0.2451325070395186,0.028522000103955548
10432,10.5,0.25303832337056126,0.03188047672882281
10433,10.5,0.21501817032925924,0.029721657760894405
10434,10.5,0.38322128933081007,0.039974148194721164
10435,10.5,0.1281178505306694,0.024831099792729332
10436,10.5,0.24564606556370502,0.027578105893098368
10437,10.5,0.36839648702339245,0.039464283904123064
10438,10.5,0.25290861031522593,0.029236112531300044
10439,10.5,0.2163337511662526,0.029947797332711523
10440,10.5,0.3346937460594724,0.035896488460900516
10441,10.5,0.20856439986457337,0.029918560948759575
10442,10.5,0.2967209503567955,0.03680718259095579
10443,10.5,0.2148652873231326,0.030102515756964075
10444,10.5,0.3156872566265092,0.0337236385575495
10445,10.5,0.32226488342281484,0.03713565351478513
10446,10.5,0.23766276829874633,0.032550554160802006
10447,10.5,0.33617707964378757,0.034905575856486265
10448,10.5,0.33455063919844186,0.03903456489759447
10449,10.5,0.343386963655089,0.039178192396625004
10450,10.5,0.3091705428258151,0.03349723841388662
10451,10.5,0.16213641756943917,0.01434444874355203
10452,10.5,0.16231083515091385,0.01597178070437719
10453,10.5,0.16105833978988437,0.016275210461903392
10454,10.5,0.16185828860735502,0.01594473958294196
10455,10.5,0.161256943307782,0.014612167210570837
10456,10.5,0.16106356346429165,0.015161187627285458
10457,10.5,0.16235456068670084,0.013613660021799551
10458,10.5,0.16123003035002237,0.014411853632465601
10459,10.5,0.16130097821833958,0.013527272622770856
10460,10.5,0.15358736841846798,0.02599309369777623
10461,10.5,0.3209706962591581,0.03923514936037545
10462,10.5,0.22732929626380605,0.03110171222318313
10463,10.5,0.21526471643426442,0.030665349704253036
10464,10.5,0.2792252716969552,0.033491966756096794
10465,10.5,0.33718044281051934,0.03542222513668952
10466,10.5,0.23919303180284732,0.03386632542092208
10467,10.5,0.22388403200803508,0.03096970043963098
10468,10.5,0.27928046041296706,0.03318212526079183
10469,10.5,0.3701151419798936,0.040966560821985666
10470,10.5,0.2550404471190057,0.03038334308506392
10471,10.5,0.3359669009335686,0.037741945978822154
10472,10.5,0.3767267175598407,0.04330147806797163
10473,10.5,0.2471248508613179,0.029197625103076018
10474,10.5,0.25329718815926655,0.029756836665225998
10475,10.5,0.3748966555401016,0.040008775095242886
10476,10.5,0.4021794847218746,0.04206215462988793
10477,10.5,0.2507607472113979,0.030747272443726246
10478,10.5,0.25639440317611845,0.02853105211140796
10479,10.5,0.33772287570210663,0.03465734532572357
10480,10.5,0.2459788307892295,0.027962735230007828
10481,10.5,0.15074437876959282,0.02051122229835585
10482,10.5,0.2540007940212851,0.03362567414898192
10483,10.5,0.14793198032938237,0.022620320726539567
10484,10.5,0.24904446575624764,0.032782534876246244
10485,10.5,0.26670184209388725,0.035055395433227755
10486,10.5,0.1921534889035318,0.026952029725262287
10487,10.5,0.2075155108804899,0.028171231457992326
10488,10.5,0.2852728101992856,0.03403282908061124
10489,10.5,0.15390801974362983,0.024357060560601218
10490,10.5,0.276358664952256,0.032366399946504004
10491,10.5,0.38057396461744813,0.03619488250874347
10492,10.5,0.3122355898623312,0.034139889983308296
10493,10.5,0.27528522756435136,0.031643682869775376
10494,10.5,0.31821365199954693,0.03634800217131973
10495,10.5,0.3117772920325391,0.03278007333750802
10496,10.5,0.25056329620852197,0.029140969329819057
10497,10.5,0.31111336567929315,0.03547579186559792
10498,10.5,0.2759638394278164,0.03044632575074995
10499,10.5,0.3220292765232659,0.033440912703895466
10500,11.0,0.46639464611360826,0.05311935758872127
10501,11.0,0.1428740506871259,0.022856573369749385
10502,11.0,0.4826565541086499,0.05614267196521444
10503,11.0,0.5089893356125147,0.05718910344185562
10504,11.0,0.4289903741948211,0.051324178895283935
10505,11.0,0.4302544643492535,0.052208956658977346
10506,11.0,0.14383041621179324,0.02387748408809235
10507,11.0,0.5024701457627193,0.05836757213937388
10508,11.0,0.46003487053306596,0.05401922190766386
10509,11.0,0.41517293498465235,0.054389732720166784
10510,11.0,0.4833640552267903,0.06050096782558202
10511,11.0,0.47463113445945193,0.05434548995320929
10512,11.0,0.40172877947171814,0.052892667921930876
10513,11.0,0.35539898934054803,0.04812771612441763
10514,11.0,0.45640294741331494,0.05680860401119483
10515,11.0,0.42536162970758834,0.05447043981946326
10516,11.0,0.4115546251077504,0.0532491777738598
10517,11.0,0.45357836111499583,0.05453892732284786
10518,11.0,0.3628598020493152,0.05253714304439585
10519,11.0,0.4989476016171866,0.0579553587592669
10520,11.0,0.5031906407420114,0.06176410382684229
10521,11.0,0.4342978221179222,0.0590837784970549
10522,11.0,0.43744877280151473,0.053065906947111274
10523,11.0,0.459632639018438,0.0572167266745938
10524,11.0,0.4438744435192849,0.057055984978016484
10525,11.0,0.4818777661974138,0.05558003754537768
10526,11.0,0.49916141671691133,0.0585699292710671
10527,11.0,0.4942085340498155,0.05934089649902384
10528,11.0,0.4929031860187375,0.059256247114112044
10529,11.0,0.5307814047344328,0.06266052889267917
10530,11.0,0.2584728886507967,0.0431036871857534
10531,11.0,0.2605351207658969,0.03984386655476841
10532,11.0,0.11525147135449211,0.018697055370412892
10533,11.0,0.39153374249354306,0.05343294517803755
10534,11.0,0.16126980266781085,0.022909138593331983
10535,11.0,0.2876441114355748,0.040372954241504486
10536,11.0,0.18724398431081077,0.026903092067952855
10537,11.0,0.11503921283924694,0.022090590469297552
10538,11.0,0.2910057051230762,0.043434187409071984
10539,11.0,0.18398024384384257,0.026517911152312435
10540,11.0,0.4200654818389724,0.05347190474677135
10541,11.0,0.4900204475056083,0.05969243136891229
10542,11.0,0.4804657337849168,0.05974524625277138
10543,11.0,0.5050024471154065,0.06359788783361284
10544,11.0,0.5200525255038162,0.06415963883880947
10545,11.0,0.5003264789606795,0.060311986814859365
10546,11.0,0.5320209986972061,0.060557991355397536
10547,11.0,0.423731720043066,0.05939863814856878
10548,11.0,0.4546622322748561,0.05734664375107013
10549,11.0,0.4192114554665334,0.055962280279537195
10550,11.0,0.29444134828054985,0.03604454326695451
10551,11.0,0.28763932247688306,0.034821383435688316
10552,11.0,0.2814999610443422,0.03335240043216469
10553,11.0,0.28900065461273,0.03450826709832168
10554,11.0,0.23827188062923133,0.031797962827040935
10555,11.0,0.30382531076384006,0.035795799318216685
10556,11.0,0.2999874545614949,0.03746661673845043
10557,11.0,0.3477499825321282,0.0338885071636546
10558,11.0,0.27845392013830855,0.03408256335865341
10559,11.0,0.2789941791730412,0.03347323253271203
10560,11.0,0.2657092794512773,0.03139095228996634
10561,11.0,0.44857535441026175,0.04682459411787366
10562,11.0,0.3779391365350395,0.04255249213220264
10563,11.0,0.2313509282117182,0.029665588375644432
10564,11.0,0.3369134357198242,0.03687204813069893
10565,11.0,0.317578619578273,0.03580769132863302
10566,11.0,0.2548991090926657,0.029037723903216035
10567,11.0,0.23143432667664607,0.029998929141948658
10568,11.0,0.413811260991171,0.045123427270476794
10569,11.0,0.2669196228661903,0.031531023868580095
10570,11.0,0.4197668745262128,0.041144713558618935
10571,11.0,0.3775370596760643,0.035355012560392654
10572,11.0,0.42770053703901545,0.03788719136557286
10573,11.0,0.3703180160845436,0.03687912863426365
10574,11.0,0.3658885557801832,0.034990550292020285
10575,11.0,0.48294105363680817,0.042734034186346935
10576,11.0,0.432114415092846,0.04269073915508389
10577,11.0,0.29416348361069783,0.03609287152964542
10578,11.0,0.2960416165068991,0.03192917307312568
10579,11.0,0.2958389991498422,0.03539274141881168
10580,11.0,0.43556270423761106,0.04498079349542986
10581,11.0,0.4232910656005387,0.04345148623100412
10582,11.0,0.44084392136027045,0.04734362736374789
10583,11.0,0.4405663750004224,0.0453185970426422
10584,11.0,0.41469195318498064,0.048229306987337316
10585,11.0,0.4352619771929208,0.04473028057550531
10586,11.0,0.38038534146323016,0.04250737198633099
10587,11.0,0.478067137909696,0.04706038495270353
10588,11.0,0.3851322709463463,0.04454597048224288
10589,11.0,0.4353068258479522,0.045331523836440776
10590,11.0,0.301008143355415,0.03289388917965889
10591,11.0,0.2853170236263952,0.03333062304853662
10592,11.0,0.33257588543791056,0.036666340564447626
10593,11.0,0.35716955145322227,0.03782443644504319
10594,11.0,0.27254654868701633,0.031845732442559053
10595,11.0,0.3537895526666058,0.0382706252564971
10596,11.0,0.33328396855908105,0.03507126595998295
10597,11.0,0.34713827224229604,0.03947486068064292
10598,11.0,0.4337308688606671,0.04724036714830872
10599,11.0,0.3290703825620999,0.037201636006041
10600,11.0,0.23364532067667626,0.02658412736493273
10601,11.0,0.234663792919047,0.029286646517810194
10602,11.0,0.31436026280272106,0.03148886622446664
10603,11.0,0.41567992556897915,0.039448762151447825
10604,11.0,0.23440625145719257,0.03048109408200348
10605,11.0,0.2897138874329206,0.032424916502983646
10606,11.0,0.31176279835664417,0.035471464268042346
10607,11.0,0.33160112363554234,0.03694012424431266
10608,11.0,0.2974009187550156,0.029648860228346046
10609,11.0,0.23360600095137676,0.029986293629112447
10610,11.0,0.2758948480693069,0.030673492622299587
10611,11.0,0.2862594154501516,0.030510630895372128
10612,11.0,0.26996807636224796,0.02517616933902093
10613,11.0,0.3574712243373175,0.03497292425107547
10614,11.0,0.2459763683538292,0.028867473417893114
10615,11.0,0.31782480952955067,0.03400955115533053
10616,11.0,0.31684548218901754,0.03240359069550434
10617,11.0,0.2705591650385433,0.027858004993999694
10618,11.0,0.2740647257693305,0.025272607450044067
10619,11.0,0.2748142959553287,0.029299531774825426
10620,11.0,0.3588253696371502,0.04036408466618911
10621,11.0,0.3614538465245927,0.03818980249110825
10622,11.0,0.3292127609587944,0.034087877519858305
10623,11.0,0.3863856227364328,0.04150114667887252
10624,11.0,0.41528121497473736,0.04014477540717354
10625,11.0,0.41517781194432796,0.04212348962975775
10626,11.0,0.30908161110111787,0.032955678507508294
10627,11.0,0.30592623520108475,0.032615282350902046
10628,11.0,0.21170029993309444,0.023873878801896505
10629,11.0,0.2814731303082203,0.028788320158902064
10630,11.0,0.33227742030271706,0.03927792203664691
10631,11.0,0.32606402291113734,0.038795921122384766
10632,11.0,0.29186841098426713,0.03109250635163831
10633,11.0,0.25338615294079014,0.02926487511802801
10634,11.0,0.31712804613900275,0.037901435419904275
10635,11.0,0.3224121960705113,0.03512511602170879
10636,11.0,0.30907529156747104,0.03832667701483728
10637,11.0,0.2939925192679027,0.03208936692037024
10638,11.0,0.21666457591110458,0.026843818213318094
10639,11.0,0.29460746687520173,0.03196030437155703
10640,11.0,0.23563296324781233,0.028068283276697557
10641,11.0,0.23406726091721264,0.02726667138468683
10642,11.0,0.23476602096496607,0.02931795305888799
10643,11.0,0.23620350096645815,0.025838381476651982
10644,11.0,0.3468861096300356,0.039125124315723674
10645,11.0,0.23516168671350926,0.028192696472404948
10646,11.0,0.2351822214559088,0.02975155020336628
10647,11.0,0.27528746140842625,0.03376946017679121
10648,11.0,0.23650104030950203,0.031187656966648214
10649,11.0,0.23514606955575246,0.030413424503781428
10650,11.0,0.47681476888248514,0.050862637825278674
10651,11.0,0.23845993659796097,0.03405439455781823
10652,11.0,0.47429342301922356,0.052509130215828974
10653,11.0,0.45984811294211236,0.048840809512832366
10654,11.0,0.373582840603876,0.047325614922402275
10655,11.0,0.4237457939092136,0.04881129423591459
10656,11.0,0.2999960957795718,0.0421812823986519
10657,11.0,0.3883621360369109,0.04927866592853637
10658,11.0,0.4962843895855602,0.05154273102513642
10659,11.0,0.4299993825308904,0.049992632539602185
10660,11.0,0.2332051738257968,0.02649127736649056
10661,11.0,0.28377010550370413,0.034074897828460335
10662,11.0,0.2464354138158428,0.026947850028922686
10663,11.0,0.2815831940729373,0.03375210334041742
10664,11.0,0.2471318930868228,0.028039767153831184
10665,11.0,0.27469435445513407,0.03633445096656287
10666,11.0,0.23293605730361377,0.02749521039149179
10667,11.0,0.275306368003761,0.03212404768321247
10668,11.0,0.2782023115297862,0.03438195708364442
10669,11.0,0.31369738907689043,0.03402329122787843
10670,11.0,0.34530679931857516,0.041299714765725026
10671,11.0,0.422139535821405,0.04952936242298795
10672,11.0,0.407080584218278,0.04865280662407524
10673,11.0,0.41811053942780757,0.04758828590604766
10674,11.0,0.40195424101961025,0.04547774309872279
10675,11.0,0.25395246194280147,0.027432688967448614
10676,11.0,0.4863711029578926,0.05218446568780916
10677,11.0,0.4763021370856562,0.04740218612555088
10678,11.0,0.35659307115470223,0.0399429165951309
10679,11.0,0.3906382453400816,0.04729876861042223
10680,11.0,0.18874801868013846,0.022160108970592854
10681,11.0,0.1905560092111675,0.01950019790173498
10682,11.0,0.34662956710562637,0.03720574151344954
10683,11.0,0.1520044003217968,0.018832363222703735
10684,11.0,0.21686191012442216,0.02619427279210754
10685,11.0,0.18988819601758086,0.017160537589737065
10686,11.0,0.20804145263914978,0.023181845914298786
10687,11.0,0.20681715725090835,0.020826477217568827
10688,11.0,0.18900225497643583,0.018942937774125774
10689,11.0,0.1892458724560767,0.018864711400936433
10690,11.0,0.31418282331992803,0.04166219333531923
10691,11.0,0.11145825157939512,0.01993400854899611
10692,11.0,0.3971898443416823,0.044851884656969335
10693,11.0,0.14854044578898842,0.025125001192638576
10694,11.0,0.3504616421140596,0.04425172433810802
10695,11.0,0.19631116199411205,0.03210405957565111
10696,11.0,0.14989426582069548,0.024729464035771382
10697,11.0,0.1503510745660025,0.02182428242955909
10698,11.0,0.1487048488830303,0.023791359846967196
10699,11.0,0.3883973551040408,0.04505782353773378
10700,11.0,0.08114971758161321,0.019702637484342013
10701,11.0,0.07657791041160016,0.018913840676207477
10702,11.0,0.08165558149931018,0.0173106549365091
10703,11.0,0.081779638368163,0.01841110407023484
10704,11.0,0.0818014872642156,0.01673085134682428
10705,11.0,0.0811982537579367,0.01647964460696745
10706,11.0,0.08175429182119609,0.017588390300279467
10707,11.0,0.08157575504883792,0.018056727996498777
10708,11.0,0.08104515983993126,0.017665115281216344
10709,11.0,0.08165596091787733,0.01948490263667199
10710,11.0,0.4068232609845626,0.047053459662537586
10711,11.0,0.10659093090095453,0.0233924088328164
10712,11.0,0.1020288527794231,0.018176959138758515
10713,11.0,0.10007298670675785,0.022050287262881746
10714,11.0,0.38532403371253277,0.046924482798482894
10715,11.0,0.10012205887049457,0.019959129318827932
10716,11.0,0.28521635845623733,0.03933405170894621
10717,11.0,0.10237969843006468,0.0206074965986151
10718,11.0,0.09999722226012106,0.02086224735514066
10719,11.0,0.10557584708925544,0.022232336468531812
10720,11.0,0.30105181805948095,0.03694523770130906
10721,11.0,0.3619156437670705,0.043304470161455486
10722,11.0,0.33815423273691636,0.03683118374817533
10723,11.0,0.43650144281060277,0.04598458944461721
10724,11.0,0.34971616613310536,0.04052594622992377
10725,11.0,0.28145294657244296,0.036963883899062716
10726,11.0,0.23690656219000283,0.027841981320342917
10727,11.0,0.21316182143032575,0.028504592156106685
10728,11.0,0.2847282494934835,0.03373197379314337
10729,11.0,0.345817140746016,0.042833148608220614
10730,11.0,0.35687461222727246,0.040377713044385984
10731,11.0,0.27775447816654275,0.03423153379244117
10732,11.0,0.3528787983560655,0.039998659379863244
10733,11.0,0.3692920413317903,0.044035888799666516
10734,11.0,0.34612812402386933,0.04206904813007753
10735,11.0,0.465640206106372,0.04677736507950508
10736,11.0,0.38331354709887283,0.043048303806159156
10737,11.0,0.3364669872779394,0.038426258007148946
10738,11.0,0.2859311955108781,0.03766494105933883
10739,11.0,0.34455236899539615,0.04160078665379869
10740,11.0,0.25624360975215194,0.030571174763252648
10741,11.0,0.2568930190676978,0.03246993612804787
10742,11.0,0.2539156809198569,0.031183146229643178
10743,11.0,0.26411571506031867,0.03241561000511015
10744,11.0,0.4507420738991231,0.0484244050286339
10745,11.0,0.32315797935341684,0.041174094921818824
10746,11.0,0.21052017447316737,0.03343533129732816
10747,11.0,0.3776397873843469,0.04237803215350472
10748,11.0,0.19132178539543457,0.02625617021793059
10749,11.0,0.2540376460694486,0.029549362367328472
10750,11.0,0.3832369541874985,0.04090514488147115
10751,11.0,0.38545301564328854,0.040295328352074604
10752,11.0,0.3922522645921898,0.04196124751203618
10753,11.0,0.3091311172014618,0.03681010761991762
10754,11.0,0.3940361025008642,0.044436360752673425
10755,11.0,0.3935596792084777,0.04355699888241598
10756,11.0,0.47870079392156506,0.048460533300320165
10757,11.0,0.39133500090382645,0.040645097381463303
10758,11.0,0.38016194721085034,0.03966675863449986
10759,11.0,0.43646478830667973,0.049629018235445826
10760,11.0,0.2572094686713597,0.028710586101141765
10761,11.0,0.34222247257769395,0.041353307394890196
10762,11.0,0.26104946676327634,0.029003888950514242
10763,11.0,0.2788935852243516,0.03225222029209037
10764,11.0,0.2308285984459856,0.024106322099541642
10765,11.0,0.23132186903048382,0.023165174764632163
10766,11.0,0.4002599474822444,0.039780897522264526
10767,11.0,0.21278422594560772,0.02330766971859115
10768,11.0,0.24361031382381132,0.026731502484867446
10769,11.0,0.28761925070714445,0.03362536530820996
10770,11.0,0.2992463109945605,0.03233214064938592
10771,11.0,0.45304563466832837,0.0461181941293792
10772,11.0,0.4462681924726936,0.04281162958670932
10773,11.0,0.2648471018472239,0.028659469850925184
10774,11.0,0.44365868755815463,0.04246119216438194
10775,11.0,0.3621742601172555,0.041068156570822315
10776,11.0,0.38279809912907536,0.038437637847691754
10777,11.0,0.2579738211247322,0.026662794686487027
10778,11.0,0.4314088774570219,0.044823969692553575
10779,11.0,0.43932143396362483,0.04277273232878887
10780,11.0,0.5050417251792169,0.05331465335324329
10781,11.0,0.15713217556181772,0.03018073507858731
10782,11.0,0.38680705718015373,0.04673006304288153
10783,11.0,0.3268475588843779,0.042513499330844695
10784,11.0,0.45034073135578917,0.0526407460298389
10785,11.0,0.29694987128201805,0.0426116700774716
10786,11.0,0.4730465027454549,0.053944601618400555
10787,11.0,0.24122912131863206,0.03388789877041567
10788,11.0,0.15718752477096892,0.02766782025269707
10789,11.0,0.27721795354890744,0.04035228689574838
10790,11.0,0.4177026373425715,0.03940229922913649
10791,11.0,0.460082577962783,0.04520429076208532
10792,11.0,0.41233020975301804,0.03948645816966311
10793,11.0,0.3567707979190331,0.04062083099561869
10794,11.0,0.4076653535437031,0.04133463301483659
10795,11.0,0.48328269862840895,0.05056493572066425
10796,11.0,0.4313060273661848,0.04618419615750653
10797,11.0,0.32309764151098425,0.03730197027564869
10798,11.0,0.4397760232833792,0.04332692716177531
10799,11.0,0.4808826927044021,0.04361624925594243
10800,11.0,0.26278745064839654,0.0314245193613317
10801,11.0,0.39829108330343377,0.043828713033399344
10802,11.0,0.34538325166185985,0.04406279056710613
10803,11.0,0.40437648169034557,0.045885900154340215
10804,11.0,0.39921143294645073,0.047267511444342956
10805,11.0,0.25020949173233664,0.03891538301361939
10806,11.0,0.36241627652129604,0.0413229614793613
10807,11.0,0.21941394587227953,0.03330976804833993
10808,11.0,0.37074892161002343,0.04188853181361188
10809,11.0,0.3507426191649201,0.04681374970153098
10810,11.0,0.1729112375238076,0.025840866435752907
10811,11.0,0.4911510067234292,0.052106767139860566
10812,11.0,0.4556156196634083,0.050611099210971275
10813,11.0,0.49817191998354143,0.051438307240991264
10814,11.0,0.47835213213157335,0.051491211405241835
10815,11.0,0.38983827307974095,0.04493496862892949
10816,11.0,0.17507877192748608,0.02365400149319292
10817,11.0,0.3792105319922517,0.04820693939962205
10818,11.0,0.15895335649621267,0.02415234037170821
10819,11.0,0.48948991661122293,0.05458104700155113
10820,11.0,0.3734892537747145,0.046500588470627706
10821,11.0,0.44587122809707824,0.054709865249219475
10822,11.0,0.3232304652940141,0.04254214061868004
10823,11.0,0.4371908115678876,0.05051388541480421
10824,11.0,0.3745473664474954,0.04539289286419385
10825,11.0,0.46300680877410927,0.05139283085958864
10826,11.0,0.20042234632455957,0.03335710353245317
10827,11.0,0.29792535393602204,0.03729068692396075
10828,11.0,0.37898131502740506,0.046949320002669125
10829,11.0,0.1620241115410731,0.029173035095349572
10830,11.0,0.27408695066099986,0.03705878816322868
10831,11.0,0.21067581276723646,0.026250049582260227
10832,11.0,0.2830041424326657,0.037236025159278784
10833,11.0,0.23761285386266198,0.025720980962677
10834,11.0,0.23646809630939855,0.02906020163474551
10835,11.0,0.33012888319307054,0.03804313916791819
10836,11.0,0.33561779136359926,0.04222278721344715
10837,11.0,0.2376472170915295,0.02860422887910323
10838,11.0,0.3088294804531047,0.03837959944740785
10839,11.0,0.3167380268200646,0.04323906887438851
10840,11.0,0.20386986058572776,0.03171294599871917
10841,11.0,0.2517258284662214,0.04080858080535303
10842,11.0,0.2561082228973771,0.04117111328225789
10843,11.0,0.3298420938432289,0.04278820328943904
10844,11.0,0.2014093880994942,0.03397232120467434
10845,11.0,0.22968524799862083,0.03952663905943745
10846,11.0,0.4819844465847598,0.051334526999829225
10847,11.0,0.31000484491489255,0.04065382353540435
10848,11.0,0.20476898622666526,0.03082134839029994
10849,11.0,0.2276301350803063,0.03640192663102382
10850,11.0,0.2629848166040761,0.026079559352501485
10851,11.0,0.23732639762288416,0.025281840944611916
10852,11.0,0.40271555584774077,0.035366345205693664
10853,11.0,0.26652648907852794,0.028240038854336652
10854,11.0,0.3269481042642574,0.03227717935550745
10855,11.0,0.2642791661662115,0.027602856572037458
10856,11.0,0.2687797002461454,0.027410945949241018
10857,11.0,0.27117004726929284,0.02571184610463692
10858,11.0,0.2675819008119438,0.02698690936108063
10859,11.0,0.3099597869818525,0.036380240453548776
10860,11.0,0.3150814699205789,0.03232387854071047
10861,11.0,0.32393787673752683,0.03694063166271444
10862,11.0,0.2894989431232193,0.030238796192932512
10863,11.0,0.28947341254028663,0.032992968891400076
10864,11.0,0.29352246666929227,0.025849919480434927
10865,11.0,0.17440724890805334,0.01963349681002343
10866,11.0,0.27916234613576774,0.03148817649041247
10867,11.0,0.3209276644142375,0.031589241721422655
10868,11.0,0.1745730835036071,0.016815055862646176
10869,11.0,0.28509258981180136,0.028639867392013435
10870,11.0,0.28282124409742576,0.02888623693293748
10871,11.0,0.32246162719528904,0.03372840006446607
10872,11.0,0.2565613945011759,0.030445885910410746
10873,11.0,0.37159583064912033,0.03453800998504815
10874,11.0,0.2501005118469702,0.03093847706072479
10875,11.0,0.33707194673505747,0.030668251408503117
10876,11.0,0.3704895672545186,0.03644924289185791
10877,11.0,0.22888043666659355,0.02812699017538276
10878,11.0,0.31463629378499935,0.03335750610236819
10879,11.0,0.2831245683995457,0.026193117680957258
10880,11.0,0.26724756237412495,0.027588045946253394
10881,11.0,0.3134967108105269,0.02535172752552019
10882,11.0,0.31295616719292335,0.02692116034735205
10883,11.0,0.26706336917502393,0.028510128039128956
10884,11.0,0.3575223949498962,0.03279050361987098
10885,11.0,0.29289008715159526,0.03094348637000875
10886,11.0,0.3717039629735768,0.033050171879369
10887,11.0,0.29638928802691333,0.027629581796767003
10888,11.0,0.24457311975515456,0.027632784086076934
10889,11.0,0.3271579630768748,0.03146586981124033
10890,11.0,0.23240757902935785,0.021626585895832807
10891,11.0,0.2316388113268674,0.02526258253137402
10892,11.0,0.23194521430822929,0.024627980310981616
10893,11.0,0.23211900450915682,0.024780911030899844
10894,11.0,0.19611523498791478,0.02473220115998366
10895,11.0,0.23337909497162673,0.023676256066964368
10896,11.0,0.22213999841848975,0.024868106978513473
10897,11.0,0.11502426886183673,0.014566721691381825
10898,11.0,0.21346336804546448,0.023738468436055857
10899,11.0,0.207231071721609,0.021403985673544276
10900,11.0,0.3699398558930241,0.03978895552212886
10901,11.0,0.4435853214123764,0.0393621209887408
10902,11.0,0.4502545083791201,0.04196263731295711
10903,11.0,0.38417342946819577,0.037399070276846844
10904,11.0,0.38015930122915276,0.04125091300263172
10905,11.0,0.48142784378193226,0.04454870895054369
10906,11.0,0.46746258188628587,0.041752055358211825
10907,11.0,0.37778428859645535,0.04495511138507362
10908,11.0,0.40239684341940357,0.03751035668637978
10909,11.0,0.4593360012088979,0.041662275745542904
10910,11.0,0.07438733974566458,0.019791819621383353
10911,11.0,0.11561672971290889,0.02467113910314012
10912,11.0,0.2637887255462166,0.03553871357832049
10913,11.0,0.3877234622824464,0.040726299344554066
10914,11.0,0.47299543278977746,0.04787763200194591
10915,11.0,0.07557798288656992,0.020628062270138976
10916,11.0,0.10735196890312156,0.02375671693681139
10917,11.0,0.3797550238875955,0.0379428217744901
10918,11.0,0.38079619616871374,0.04306726305542402
10919,11.0,0.4442799224761874,0.04433734453714342
10920,11.0,0.2484325408649863,0.036821462461902925
10921,11.0,0.1636403844758485,0.019527004561340846
10922,11.0,0.11707031560651407,0.012247078330271322
10923,11.0,0.2688019701676258,0.03861570666413148
10924,11.0,0.16618271427039052,0.02369871342221632
10925,11.0,0.15775168924873695,0.018964676346807336
10926,11.0,0.16781332237530244,0.022275777769072923
10927,11.0,0.16679631570143794,0.022418244531107915
10928,11.0,0.24391733182238368,0.027842775293789097
10929,11.0,0.16298453990750678,0.025914899931356858
10930,11.0,0.24754411816235847,0.0326909009726789
10931,11.0,0.24005195621275618,0.03215511341693544
10932,11.0,0.24811915354927425,0.030270161884603148
10933,11.0,0.21002213215555224,0.0290395516814983
10934,11.0,0.3743290865010852,0.03962098976477047
10935,11.0,0.12278606738077709,0.025119216559526116
10936,11.0,0.24007987518644267,0.03102566646079189
10937,11.0,0.3598406185782894,0.03793634999743521
10938,11.0,0.2477705025741112,0.030825528765575143
10939,11.0,0.2109614652415362,0.02966911875699698
10940,11.0,0.3272425220251076,0.035178156358286534
10941,11.0,0.2031556897467969,0.029530495849827303
10942,11.0,0.2891532756122275,0.03507622053144724
10943,11.0,0.2090119706936891,0.028363363356645053
10944,11.0,0.3055046056288472,0.031226098873401924
10945,11.0,0.3145246196351823,0.0333714117063252
10946,11.0,0.23049287613232497,0.034344071641669194
10947,11.0,0.3273405539446338,0.033567672856398695
10948,11.0,0.3274435255564736,0.03814314542227417
10949,11.0,0.33586741469552905,0.03530138102417202
10950,11.0,0.3024420842054639,0.03534812188308973
10951,11.0,0.15932036445258652,0.015606422031997039
10952,11.0,0.15959875159975473,0.015819714518601605
10953,11.0,0.1578914397828614,0.01466603054944449
10954,11.0,0.1592750664843809,0.016380551184927483
10955,11.0,0.1582809574881208,0.017993028943775715
10956,11.0,0.15818386711532167,0.014515323644788683
10957,11.0,0.15939066527307666,0.013438108191785272
10958,11.0,0.1582077683676113,0.01607084303416886
10959,11.0,0.15833466601681906,0.015549505394030478
10960,11.0,0.14664269006452813,0.023827902958481473
10961,11.0,0.31573382274754125,0.03705981813386657
10962,11.0,0.22217464527655928,0.031152407034352944
10963,11.0,0.2122933110013042,0.028136483340142394
10964,11.0,0.2724888952962067,0.03321306798584511
10965,11.0,0.33010618343664927,0.03636388503296112
10966,11.0,0.23624714507913708,0.031176964112541648
10967,11.0,0.2185127136861709,0.030155796320620695
10968,11.0,0.27212598730701043,0.03281330342471428
10969,11.0,0.36627722075670555,0.04408407206807273
10970,11.0,0.24920474958482713,0.03322543031673205
10971,11.0,0.33028074982385297,0.038809352070880945
10972,11.0,0.3716053343359709,0.044757349511046374
10973,11.0,0.24484184454478605,0.02962975960151995
10974,11.0,0.2480198228837597,0.028214042530237342
10975,11.0,0.3703052725323189,0.04247477268143289
10976,11.0,0.3952487433642011,0.04011118399440153
10977,11.0,0.24625027644151382,0.029380790596539426
10978,11.0,0.25035185790491193,0.03027653945934631
10979,11.0,0.3319197142353605,0.03648015998902355
10980,11.0,0.239817185650482,0.02812838740178763
10981,11.0,0.145721636895164,0.02210388555272807
10982,11.0,0.24842478874540427,0.03300174064429862
10983,11.0,0.14255518974259954,0.022830853289185632
10984,11.0,0.24321936220516996,0.032307100054507744
10985,11.0,0.26148916543357253,0.03402425514283962
10986,11.0,0.18554829981991416,0.02434198257220818
10987,11.0,0.2016659548086438,0.027538873747171934
10988,11.0,0.2808773588214351,0.03178861537354173
10989,11.0,0.14761595755799337,0.023951325489744022
10990,11.0,0.27042945705496757,0.03068425231047978
10991,11.0,0.3740544303432496,0.03711243235913388
10992,11.0,0.3058035574798319,0.0370371588208242
10993,11.0,0.268849371280764,0.030543669324941108
10994,11.0,0.31212824517905846,0.03514687148145416
10995,11.0,0.30708394849324183,0.031150317802279382
10996,11.0,0.24558412822900008,0.03121316500806829
10997,11.0,0.304746892664639,0.038898933682851855
10998,11.0,0.26951754837991476,0.031199011472100798
10999,11.0,0.3174749442591941,0.033660405090480114
11000,11.5,0.473946109386802,0.054972707402683355
11001,11.5,0.1879404952451134,0.027230240905709507
11002,11.5,0.4959731944849068,0.05685142747091688
11003,11.5,0.5024789778232347,0.0571733624233102
11004,11.5,0.42359330558472447,0.04777861003036504
11005,11.5,0.42680528922293376,0.05206329736714784
11006,11.5,0.13863303030258878,0.021990053203649242
11007,11.5,0.4973976628609641,0.05931153010560857
11008,11.5,0.44970740608836096,0.05393806463613586
11009,11.5,0.41373376001512413,0.05480004709682527
11010,11.5,0.47505751487575343,0.0578556243728502
11011,11.5,0.4684693087283021,0.05696282052422663
11012,11.5,0.3949420949252109,0.05306428250304727
11013,11.5,0.34886611879797785,0.04932257893229871
11014,11.5,0.4489631547467032,0.056935581892221435
11015,11.5,0.41896244709216857,0.05783139169927635
11016,11.5,0.4058676091400099,0.052615991528599124
11017,11.5,0.4458594828160123,0.05240365688760166
11018,11.5,0.3577878190044915,0.05291137512891181
11019,11.5,0.4918586287811198,0.058585244280196645
11020,11.5,0.49961721981116175,0.05977218427897486
11021,11.5,0.43562524943724823,0.06179005923508297
11022,11.5,0.4312211373818005,0.05645687834830717
11023,11.5,0.4578658937538187,0.057995635819994104
11024,11.5,0.44049539838825247,0.058289146636543006
11025,11.5,0.4718298619276148,0.055060288278671855
11026,11.5,0.5040181734170899,0.05804100361337812
11027,11.5,0.48592022061901047,0.06103996621253907
11028,11.5,0.495578517320038,0.060256528983793425
11029,11.5,0.5233834078639896,0.06146508052452041
11030,11.5,0.2547769464258788,0.04200446468793875
11031,11.5,0.25612053092287973,0.04153715157576859
11032,11.5,0.11234694917695263,0.02064283988022366
11033,11.5,0.3870830950713393,0.0519882082848592
11034,11.5,0.17321264049808333,0.025754219953979793
11035,11.5,0.28283472739067594,0.038962142294778616
11036,11.5,0.183655946817161,0.025033814711982717
11037,11.5,0.11134536868565328,0.020730237341850206
11038,11.5,0.2865802252411271,0.04459428623272197
11039,11.5,0.17966786352184932,0.02792297483947054
11040,11.5,0.41282051744160886,0.054072920517058795
11041,11.5,0.4861104840059092,0.06048709947665596
11042,11.5,0.502646864644245,0.05934159164495129
11043,11.5,0.5040076509852744,0.06550543271085271
11044,11.5,0.5151748643911435,0.06460081888733718
11045,11.5,0.4973898042823523,0.059568034846579396
11046,11.5,0.5301297747295194,0.06206996876305419
11047,11.5,0.43434805491652084,0.05856797721651969
11048,11.5,0.45165514702279286,0.05706897528184838
11049,11.5,0.42417788511055377,0.058450881422522985
11050,11.5,0.2903074752623696,0.034256513140713526
11051,11.5,0.2856926804112051,0.03301180581880728
11052,11.5,0.278510129998899,0.0357899529940149
11053,11.5,0.28474913928141793,0.03376722122417371
11054,11.5,0.23664401018469985,0.031254997989273246
11055,11.5,0.3009739545684581,0.0375545423002811
11056,11.5,0.2973270152856122,0.03669060306038703
11057,11.5,0.34501505670179905,0.03568407888953012
11058,11.5,0.2759177442859642,0.0328124996012911
11059,11.5,0.27504970224106173,0.03512535322431329
11060,11.5,0.2605749870339386,0.032175535676562096
11061,11.5,0.4340962190654038,0.04560480219904054
11062,11.5,0.3716051945345532,0.03883325780598512
11063,11.5,0.22709024090507676,0.02824856814796859
11064,11.5,0.3327052346033117,0.03610925396511057
11065,11.5,0.3135658529640519,0.03715430507015296
11066,11.5,0.25015739861504693,0.02762752471189335
11067,11.5,0.22721423302198457,0.02886358556345043
11068,11.5,0.4040992078324389,0.043910240801558476
11069,11.5,0.2626470532653725,0.032041363987552716
11070,11.5,0.41856895008922457,0.04304965505453558
11071,11.5,0.3752194954641362,0.03716817152605531
11072,11.5,0.46019742073748837,0.03884744586048063
11073,11.5,0.36746236351013356,0.04146780212484852
11074,11.5,0.3637869611313093,0.037905170310627206
11075,11.5,0.47866661089652257,0.04252043202679494
11076,11.5,0.42835246921776504,0.04336729886305997
11077,11.5,0.29098570243786503,0.035549538002687696
11078,11.5,0.2928147481753787,0.03366167680142876
11079,11.5,0.2924363926056767,0.03503006310660099
11080,11.5,0.43061725470895257,0.04260200822034888
11081,11.5,0.4198311162029777,0.04592550423632602
11082,11.5,0.43543838095806214,0.046563701880675455
11083,11.5,0.43709343664137484,0.04526865892853384
11084,11.5,0.40833716691042055,0.04520229023333526
11085,11.5,0.4297201708556017,0.045623810004278294
11086,11.5,0.37696607760753387,0.04230197601507389
11087,11.5,0.4839266796498897,0.054111598871247626
11088,11.5,0.37947046428231923,0.04129749335612488
11089,11.5,0.42905359318414876,0.04474111730733507
11090,11.5,0.2951723547388976,0.03331090640426481
11091,11.5,0.27943599936710567,0.0312666459589415
11092,11.5,0.3273820905120344,0.035052574945311735
11093,11.5,0.3504773886724012,0.038909519496126706
11094,11.5,0.2666908748569507,0.02953625157519897
11095,11.5,0.3504065592282618,0.03343685693888233
11096,11.5,0.32813442869802456,0.037531238345163864
11097,11.5,0.3410517122023415,0.039199444502212896
11098,11.5,0.4324294689573678,0.04475278734576097
11099,11.5,0.3248663204979196,0.0386346086146107
11100,11.5,0.22886032266311776,0.03159040312274115
11101,11.5,0.2299921078905489,0.031992878563972406
11102,11.5,0.3110313356234023,0.03646437443590584
11103,11.5,0.40994820325364006,0.03797332176224988
11104,11.5,0.22973143354809086,0.030870454320927786
11105,11.5,0.2879697954490487,0.032178853379698606
11106,11.5,0.30969392486083447,0.032472190464659066
11107,11.5,0.3301154937755512,0.035729293196742576
11108,11.5,0.29526345030831297,0.03239576215599528
11109,11.5,0.22878739665967848,0.030655409882325818
11110,11.5,0.271285686324024,0.031033691156603864
11111,11.5,0.2819738017940613,0.03311691263433149
11112,11.5,0.26525515070416783,0.027602889201765166
11113,11.5,0.350823137442,0.03207728009175732
11114,11.5,0.2417371372492631,0.028513551465360096
11115,11.5,0.31444138335181754,0.03664715869675857
11116,11.5,0.3131373035228873,0.03360236173962796
11117,11.5,0.2659655407167996,0.02475936031427673
11118,11.5,0.2694120792234442,0.023757318383370106
11119,11.5,0.26990130447867855,0.03253400100854343
11120,11.5,0.35384133034625476,0.04100795745890881
11121,11.5,0.3538652023587214,0.03735579778768896
11122,11.5,0.3252302865294544,0.03444608505982573
11123,11.5,0.44156639932394076,0.04333781215334066
11124,11.5,0.40943196173715957,0.04242131236953185
11125,11.5,0.4070779552779472,0.03871646611561805
11126,11.5,0.303950967074918,0.034543659689427214
11127,11.5,0.3007538292911601,0.03576385327479371
11128,11.5,0.20555272704794417,0.02434287386877451
11129,11.5,0.2756751117923853,0.02942092766032222
11130,11.5,0.3272109565363662,0.037381565638453275
11131,11.5,0.32107535064892045,0.03582344784738438
11132,11.5,0.28694499106904253,0.03049919424678207
11133,11.5,0.2473913436579439,0.028863691732898836
11134,11.5,0.31245623495129443,0.03413426894818306
11135,11.5,0.31718926754926363,0.036943911390063935
11136,11.5,0.30278511502249517,0.03661841046083639
11137,11.5,0.2892686655909396,0.03225326375666107
11138,11.5,0.21052269892530195,0.026639521731456683
11139,11.5,0.2898774322818444,0.032991054823229886
11140,11.5,0.2313960998397354,0.02924889743323891
11141,11.5,0.22997038866133965,0.030163393725378764
11142,11.5,0.23061614485531023,0.030843739704456932
11143,11.5,0.23180271655761553,0.029650633783755227
11144,11.5,0.34238856874593476,0.03942975399650143
11145,11.5,0.23117280948348734,0.028984676367977913
11146,11.5,0.23098388194145322,0.028641806907010046
11147,11.5,0.27194153616898953,0.03074191594551357
11148,11.5,0.2324552982785553,0.028679606490695307
11149,11.5,0.23127306167372091,0.02915896762582059
11150,11.5,0.4704083984481654,0.05219128353420207
11151,11.5,0.2328241113347272,0.03381196353302775
11152,11.5,0.46549756382407265,0.049315275164296464
11153,11.5,0.45605086232349934,0.0483436129340561
11154,11.5,0.3681268190765006,0.04593396926890068
11155,11.5,0.4170392378074597,0.048823139324199884
11156,11.5,0.2943187146476556,0.03986858369540034
11157,11.5,0.38267788775070255,0.04953080953652717
11158,11.5,0.4927468566358404,0.05450440896248641
11159,11.5,0.43014181041841354,0.049251272760637156
11160,11.5,0.22911915857366297,0.026870084918162042
11161,11.5,0.2802396352574263,0.034658266684206455
11162,11.5,0.2413905619741751,0.03325527980071984
11163,11.5,0.2778448204061711,0.03461669563958785
11164,11.5,0.24229754939925918,0.03213139380363314
11165,11.5,0.2721521136939354,0.036307870197431515
11166,11.5,0.22872580114892713,0.028038467933075885
11167,11.5,0.2709101104392885,0.03442952609848348
11168,11.5,0.27357433675088805,0.035030678167496374
11169,11.5,0.31007926673961816,0.03394214925447623
11170,11.5,0.3596904873199379,0.04508980474812979
11171,11.5,0.4811367094273421,0.05448355181446629
11172,11.5,0.4071015125025413,0.04718825892693424
11173,11.5,0.41486105960977887,0.046375918847988244
11174,11.5,0.39645968318312175,0.04620005574469569
11175,11.5,0.24934560855758903,0.031866781200500814
11176,11.5,0.4805406822773121,0.05213352441283482
11177,11.5,0.47119635129907333,0.04732266257849767
11178,11.5,0.3510733323575667,0.038886345990874906
11179,11.5,0.3937225546747046,0.047475737363493614
11180,11.5,0.18457053813910207,0.020325062477427887
11181,11.5,0.18655844329428703,0.018928897192298785
11182,11.5,0.34277287188394046,0.03687446980285345
11183,11.5,0.14727391644193463,0.02043203437782605
11184,11.5,0.21390171860732918,0.027044005107351894
11185,11.5,0.1861081335280721,0.018020195036696943
11186,11.5,0.2039092447693413,0.021715849460289333
11187,11.5,0.20252058835526077,0.01845482109608442
11188,11.5,0.18474464927873324,0.019082902639377498
11189,11.5,0.18527839149716352,0.017616156466169836
11190,11.5,0.3134548432930948,0.04314313682735137
11191,11.5,0.10655736679901061,0.020639348938571802
11192,11.5,0.3941419362319047,0.04518371564516938
11193,11.5,0.1445129335355663,0.025014145287120017
11194,11.5,0.34604698043821747,0.04269835070536257
11195,11.5,0.19284706413941674,0.034878413850544035
11196,11.5,0.14579334780526082,0.027192137600113873
11197,11.5,0.14641170492271516,0.025849729943320514
11198,11.5,0.14470495536853178,0.024660190841049624
11199,11.5,0.38481568623319357,0.045591379262478866
11200,11.5,0.07701957357576804,0.018480945583303408
11201,11.5,0.07238278621558017,0.01941902704400996
11202,11.5,0.07723561285102616,0.01706694811557246
11203,11.5,0.07754127062532587,0.019628295023105355
11204,11.5,0.07773429242310544,0.016804405087152533
11205,11.5,0.07681936616143033,0.0196836276892028
11206,11.5,0.07750878209392911,0.016090043957917258
11207,11.5,0.07718861440378352,0.01662335958051798
11208,11.5,0.07678135403201701,0.015997698151381638
11209,11.5,0.07751889713267708,0.018531829873118424
11210,11.5,0.39761571335041973,0.04553792943808674
11211,11.5,0.10200962704399505,0.02062299031892495
11212,11.5,0.0966865537668026,0.020436215343812843
11213,11.5,0.09521019199549867,0.021178083011349557
11214,11.5,0.3834855009873812,0.04581508954614536
11215,11.5,0.09449400621340302,0.02114584715081749
11216,11.5,0.2813503777407352,0.036927055564428615
11217,11.5,0.0972428753123253,0.019009218663189238
11218,11.5,0.09510226396250615,0.01893995885452155
11219,11.5,0.101141117989799,0.025634971730853984
11220,11.5,0.2965083027329008,0.03916475669935789
11221,11.5,0.35715833330500424,0.04049044555154861
11222,11.5,0.3314785168429136,0.038291253870574894
11223,11.5,0.4335980313072879,0.04329093306082313
11224,11.5,0.3452262519697732,0.038110247756196584
11225,11.5,0.2758522128896946,0.03532425743754024
11226,11.5,0.2331590999007296,0.028244744192685446
11227,11.5,0.20818993730229993,0.028303324854579533
11228,11.5,0.27985224113918755,0.034169430735231876
11229,11.5,0.3399857500494067,0.04239385173628138
11230,11.5,0.35154161725728483,0.04225151276692695
11231,11.5,0.27289557043199286,0.03774815455210072
11232,11.5,0.3502320349186473,0.043386474341595954
11233,11.5,0.3635451853161174,0.043034988276194446
11234,11.5,0.3713580632691299,0.04137593961133011
11235,11.5,0.4604117616796524,0.046467287590725645
11236,11.5,0.37907838424420237,0.045135080719921776
11237,11.5,0.33498488445516944,0.037647874568531595
11238,11.5,0.28078039420530604,0.03945850706922804
11239,11.5,0.3387588854959737,0.03881890585966589
11240,11.5,0.2521700286584099,0.03186625622688816
11241,11.5,0.2531784644476326,0.031000653581278143
11242,11.5,0.24967436555696296,0.03196400725829738
11243,11.5,0.25969672962460905,0.030616192239920063
11244,11.5,0.449302618198847,0.05014904311074922
11245,11.5,0.31799398341409474,0.03870826167363571
11246,11.5,0.20665138915130563,0.030774722652635332
11247,11.5,0.4036593420822641,0.04456119120144073
11248,11.5,0.18685195994885773,0.026765310575680375
11249,11.5,0.25000951578988156,0.029165624196955918
11250,11.5,0.3787023576211041,0.04061543489591388
11251,11.5,0.38471704568412257,0.042347310220404014
11252,11.5,0.3879840503217208,0.04283981117150693
11253,11.5,0.30487888749851066,0.040333645179737664
11254,11.5,0.3901449957885704,0.044326572195604305
11255,11.5,0.38939200522197354,0.04031234706585263
11256,11.5,0.474360656629827,0.0500957389598802
11257,11.5,0.3866862456049006,0.041733868943711235
11258,11.5,0.37621113807662154,0.041280155444289666
11259,11.5,0.429613770886545,0.04895057062896516
11260,11.5,0.25245576303321887,0.027449158199942147
11261,11.5,0.33930737978071024,0.04089783659231392
11262,11.5,0.2556631339730505,0.028449122893544575
11263,11.5,0.274711796464073,0.030775321384563892
11264,11.5,0.233948906674477,0.022516363774681046
11265,11.5,0.23994561173394258,0.023260095719422332
11266,11.5,0.39173960235754873,0.04328220993322145
11267,11.5,0.20779803832166163,0.0250264228529404
11268,11.5,0.23801451725569125,0.027789681521849432
11269,11.5,0.28218212591476177,0.03295196189529531
11270,11.5,0.3187952114880181,0.03940383594166411
11271,11.5,0.44953599575616876,0.045756579871494826
11272,11.5,0.4398773937277452,0.04170381979551853
11273,11.5,0.2599489799753445,0.028616861021294144
11274,11.5,0.4370293357865694,0.04373915236462115
11275,11.5,0.3567303334237478,0.043225058422664345
11276,11.5,0.38134377471740294,0.03869106875130433
11277,11.5,0.2538785474824499,0.025287488942116496
11278,11.5,0.42704916238343316,0.04513950468408545
11279,11.5,0.431214056504138,0.04157899504674592
11280,11.5,0.49914663132286746,0.05309926391045878
11281,11.5,0.15102872517134852,0.02819509120594477
11282,11.5,0.38181440221769114,0.043425054339372396
11283,11.5,0.3234595400143397,0.04175107689257868
11284,11.5,0.44538857369222085,0.050947387344569064
11285,11.5,0.303342870918247,0.04289612550605765
11286,11.5,0.47301868312099293,0.05170183621043444
11287,11.5,0.23578472517052476,0.03363171385726075
11288,11.5,0.15152832822635237,0.030935180700757747
11289,11.5,0.27211752534686623,0.036732784523221935
11290,11.5,0.4150924089611527,0.04040131448876079
11291,11.5,0.4522377404888989,0.04521564022861396
11292,11.5,0.4005677912431766,0.039186701324201566
11293,11.5,0.3521991116328182,0.0427601499891527
11294,11.5,0.39752191278081045,0.04233733653111484
11295,11.5,0.4786276343576208,0.050530784525493956
11296,11.5,0.42677256434071614,0.049479477655623
11297,11.5,0.31890177413155735,0.039326200992689436
11298,11.5,0.43645974275083627,0.043269725438968724
11299,11.5,0.4767884810126479,0.04510350180558421
11300,11.5,0.25993261080435914,0.03460827025568402
11301,11.5,0.3945968509363816,0.04675392247883992
11302,11.5,0.3386954168988354,0.043092878830550206
11303,11.5,0.4010269226421102,0.046412112506217094
11304,11.5,0.395751569385622,0.0471277553758524
11305,11.5,0.2470603089343233,0.0421316589841926
11306,11.5,0.3588366951320425,0.04478041882506014
11307,11.5,0.2159925926845378,0.031586081011617965
11308,11.5,0.36668323009614046,0.04226863671044624
11309,11.5,0.3483415208198549,0.04399729423212496
11310,11.5,0.16836637626954018,0.024807846137063463
11311,11.5,0.4854545675259566,0.05444045142992545
11312,11.5,0.4518668323291928,0.050354753146789645
11313,11.5,0.4919749246834714,0.04963439970150133
11314,11.5,0.48491627324954256,0.052339423518501293
11315,11.5,0.3890504017834477,0.04656418253570742
11316,11.5,0.17076427395110708,0.024854150158293373
11317,11.5,0.3776629868344645,0.0460181727444091
11318,11.5,0.15193321467728851,0.02632985694706893
11319,11.5,0.4892050083866229,0.05630211128317722
11320,11.5,0.36845842959643,0.045299661341484
11321,11.5,0.45133225774538877,0.0552060988701934
11322,11.5,0.3184819954344006,0.041567089006029186
11323,11.5,0.4383182551347554,0.051363674298507495
11324,11.5,0.37397116533668884,0.04661269148771413
11325,11.5,0.4564087702681878,0.05347163974332041
11326,11.5,0.19589645044964274,0.03591967092496784
11327,11.5,0.29452860564836336,0.036317484920811605
11328,11.5,0.3759813458394983,0.05019596567770373
11329,11.5,0.15833778528060538,0.026478050632415075
11330,11.5,0.270713006911058,0.036600974269641665
11331,11.5,0.20695855231198945,0.029090592828543513
11332,11.5,0.27803380982714143,0.03944788736242551
11333,11.5,0.23377344745339165,0.027161399826479717
11334,11.5,0.2327714944814773,0.029510911483713893
11335,11.5,0.3253474533357799,0.0357909868843464
11336,11.5,0.3330507884176369,0.04084205517972154
11337,11.5,0.23417176162530323,0.02822038657723203
11338,11.5,0.3051532141320198,0.036200811502817856
11339,11.5,0.31204197731998196,0.045911088893778484
11340,11.5,0.20005105750641275,0.03148189071542472
11341,11.5,0.24813221895845256,0.040102671416516696
11342,11.5,0.2521342462664966,0.03898110112588179
11343,11.5,0.3269654475254213,0.04334245027042065
11344,11.5,0.1979864672347845,0.029188104305182136
11345,11.5,0.22592628069860116,0.03920532673053219
11346,11.5,0.4748221784905746,0.051975328057691915
11347,11.5,0.3046415323386837,0.03947612517995497
11348,11.5,0.20116439051535567,0.033002299553681336
11349,11.5,0.22383077166866525,0.03774807444733308
11350,11.5,0.2592049954735226,0.029890943589337967
11351,11.5,0.23317577959309585,0.022664615646742953
11352,11.5,0.40177525957446913,0.039853044902558456
11353,11.5,0.26316559907436443,0.03219458096950119
11354,11.5,0.32329619192321346,0.03290175650163721
11355,11.5,0.262054819538311,0.03136416331340036
11356,11.5,0.2646511032600604,0.027120347555766252
11357,11.5,0.26708396138133855,0.026893046138858318
11358,11.5,0.2636938104275766,0.02628388661432377
11359,11.5,0.30614395711719267,0.03531708715185869
11360,11.5,0.31112084275579976,0.03157531281257644
11361,11.5,0.3194468453511491,0.03345878879059302
11362,11.5,0.2845527786855593,0.03108626773940085
11363,11.5,0.2847772138326786,0.03123662208935878
11364,11.5,0.29014955048220237,0.026183633642347354
11365,11.5,0.17104307008209704,0.019053121827354837
11366,11.5,0.2741151375297272,0.028920188622061006
11367,11.5,0.3182391866705568,0.030798710387224502
11368,11.5,0.1713830726538122,0.017161607802276095
11369,11.5,0.2802000306578067,0.030571224771682642
11370,11.5,0.27832011277507607,0.027204554097686063
11371,11.5,0.3172855864970906,0.03127299717430459
11372,11.5,0.25273721872071175,0.029099717282858387
11373,11.5,0.370701888159509,0.035689176279223064
11374,11.5,0.2460322177224413,0.027510646163474383
11375,11.5,0.3350645795905959,0.032030969613106884
11376,11.5,0.36689524497940756,0.03472717235174717
11377,11.5,0.22477610251120664,0.028126856793211665
11378,11.5,0.309917138881608,0.03333456692847184
11379,11.5,0.27813219633229935,0.030175474367346446
11380,11.5,0.26261346902805616,0.02988816006624293
11381,11.5,0.30785323008376153,0.028199169941769776
11382,11.5,0.3075916378070314,0.02691135780707471
11383,11.5,0.26245951802566353,0.028627161525189904
11384,11.5,0.3529726008877992,0.036350429523258156
11385,11.5,0.2884210437753814,0.03093121053439165
11386,11.5,0.36900585900439875,0.03209427824444779
11387,11.5,0.290984531245383,0.027939334911889258
11388,11.5,0.23945473714028717,0.032019936177232755
11389,11.5,0.33750864438546896,0.03261441531234358
11390,11.5,0.22781713188015124,0.0232478593417177
11391,11.5,0.2271840050010402,0.024156512988835588
11392,11.5,0.22729731514114482,0.0206688737550485
11393,11.5,0.22822003298888696,0.023397017284982995
11394,11.5,0.19171930763828549,0.022769434870070934
11395,11.5,0.22927297059153037,0.023638624517001525
11396,11.5,0.21815860731792744,0.02423817275364534
11397,11.5,0.11178122343261535,0.016583711785922873
11398,11.5,0.20991238953308386,0.02472397877194975
11399,11.5,0.20463224745351735,0.023698716603198014
11400,11.5,0.37580908360837234,0.03974259226342075
11401,11.5,0.44377505205793266,0.03912306499947417
11402,11.5,0.44388187759142245,0.03993122835504229
11403,11.5,0.3808931473765096,0.038355616907902595
11404,11.5,0.3857673392953229,0.03840201929870412
11405,11.5,0.4747748579274661,0.04648202453066292
11406,11.5,0.46178599224257194,0.04174553171131173
11407,11.5,0.3689872103214233,0.04167773366496777
11408,11.5,0.3989266240749554,0.0390333799322715
11409,11.5,0.4509769208577618,0.040370274765501084
11410,11.5,0.06837828363790814,0.018758087209636492
11411,11.5,0.1078931554131275,0.026531695190084675
11412,11.5,0.2704989393775402,0.035331966189167514
11413,11.5,0.39227923780367896,0.039330358216098524
11414,11.5,0.46030221399665416,0.04826582862472474
11415,11.5,0.0694282392681571,0.018839325671640837
11416,11.5,0.10434432825556175,0.026626599120285768
11417,11.5,0.3689542545484624,0.040476591610846366
11418,11.5,0.3753443855897606,0.04534736209990146
11419,11.5,0.43340510629440593,0.04459490834365956
11420,11.5,0.24491595845665415,0.03409324720810156
11421,11.5,0.15961239258068705,0.020536953031741186
11422,11.5,0.113017388641424,0.015553642469331885
11423,11.5,0.26229361191941153,0.036769456631334595
11424,11.5,0.1625180265537537,0.022305575253765673
11425,11.5,0.15432949248061256,0.02320557215876722
11426,11.5,0.16439356392078017,0.02098399131854609
11427,11.5,0.16317037305890497,0.023218431875638528
11428,11.5,0.2395827749902353,0.02732111264215096
11429,11.5,0.15458727195693414,0.027512040480520524
11430,11.5,0.24081126863588306,0.03182457320820663
11431,11.5,0.23392814224444364,0.030085569577539793
11432,11.5,0.24121215634633167,0.03237640224853408
11433,11.5,0.20345777196803944,0.028792102242870658
11434,11.5,0.3656680630909664,0.040553388603610345
11435,11.5,0.11574038511224173,0.025714759226132713
11436,11.5,0.23373181006447888,0.030663069414746266
11437,11.5,0.3522897558625609,0.04152758879752621
11438,11.5,0.24103244023594825,0.03357009790787717
11439,11.5,0.20398111535483796,0.02836393919686047
11440,11.5,0.3176532082832097,0.03526393501659751
11441,11.5,0.25092295558422506,0.03258297913089552
11442,11.5,0.28068422068182153,0.03853755780546711
11443,11.5,0.20168527473380696,0.031105452303435453
11444,11.5,0.2950955703116115,0.0328131710206255
11445,11.5,0.30598632065706005,0.03549200326506602
11446,11.5,0.22219122172519268,0.034079044627721544
11447,11.5,0.3165966379688469,0.038258681099384746
11448,11.5,0.3194994643813947,0.033994348681403184
11449,11.5,0.32547630176553183,0.03771829555799481
11450,11.5,0.2945002703600433,0.03608214155123704
11451,11.5,0.1549644387106494,0.016396728778296503
11452,11.5,0.15544895303772907,0.01739169932513717
11453,11.5,0.15379537879399338,0.016377907327564438
11454,11.5,0.15524648234923571,0.015027414968712908
11455,11.5,0.1542052638241548,0.015249923027135502
11456,11.5,0.1540544462862045,0.016916051132954486
11457,11.5,0.15504303389542803,0.013593678368610498
11458,11.5,0.15414166119746586,0.01695663606833469
11459,11.5,0.154246104714028,0.01781750597946162
11460,11.5,0.137579019758707,0.025122418073501792
11461,11.5,0.30943660588357114,0.0361796428742204
11462,11.5,0.21563833783489358,0.03024094494497067
11463,11.5,0.20802732377066507,0.02943956158262722
11464,11.5,0.26372797723239794,0.03523353223076279
11465,11.5,0.32252728729155894,0.03930134874026475
11466,11.5,0.23215086314171035,0.03210465237962222
11467,11.5,0.21250029970421636,0.031047885226975793
11468,11.5,0.26375814258323765,0.03412726051669426
11469,11.5,0.3617029529580002,0.04230140383335566
11470,11.5,0.24200147316640777,0.028728818783291716
11471,11.5,0.32229570542148517,0.0425059641477221
11472,11.5,0.36495695747650636,0.045567383019144106
11473,11.5,0.23994849043921024,0.03369293290899805
11474,11.5,0.24120573205834575,0.031065064913358097
11475,11.5,0.3647551106912255,0.03776113117947888
11476,11.5,0.3872152282872594,0.04208920295720919
11477,11.5,0.23982263096564765,0.029742962917487726
11478,11.5,0.243645503144307,0.03284350969785452
11479,11.5,0.3254896282983739,0.03608584162774777
11480,11.5,0.2316335348485256,0.027944275092794974
11481,11.5,0.1391278160510317,0.021249240724708802
11482,11.5,0.24075170306259872,0.030554632870301475
11483,11.5,0.13548428677088867,0.020481064370114793
11484,11.5,0.23561756036067616,0.030593220768262434
11485,11.5,0.25428095314286236,0.03672646890206759
11486,11.5,0.1773667282225732,0.029797173610551873
11487,11.5,0.19393580745161812,0.028348677194049623
11488,11.5,0.2752936290219183,0.035813517807303
11489,11.5,0.13933221198295523,0.024144577249076267
11490,11.5,0.2624342927936561,0.03263989102561629
11491,11.5,0.366303948749367,0.0360228639160852
11492,11.5,0.29797774582203373,0.03951323258709117
11493,11.5,0.2611783889150132,0.03346891443431353
11494,11.5,0.30416698041034956,0.03671147942294678
11495,11.5,0.3017843488648268,0.033263080646764205
11496,11.5,0.23868807929945057,0.029180422058541083
11497,11.5,0.29721212426652227,0.03715015013898713
11498,11.5,0.2620632846755685,0.036586840667606
11499,11.5,0.3111258814414346,0.03699044017440563
11500,12.0,0.47763234618794803,0.05097577431645683
11501,12.0,0.2207991735198111,0.03315051363779688
11502,12.0,0.4930366162945488,0.058450361306449754
11503,12.0,0.5025072061136202,0.05871552407270278
11504,12.0,0.41533303135200195,0.04869762569932108
11505,12.0,0.4215333344133931,0.052435608533120126
11506,12.0,0.13188634496129062,0.02156062632671938
11507,12.0,0.48907136177231814,0.05712719805737592
11508,12.0,0.440098543041413,0.053308348156309006
11509,12.0,0.4071392233663272,0.05323310375589839
11510,12.0,0.4675512754520436,0.05963735478967358
11511,12.0,0.4651285254109679,0.05731788266490972
11512,12.0,0.3904560967384619,0.05495429892417426
11513,12.0,0.34267518768639954,0.0471877921978951
11514,12.0,0.442259813086396,0.05372769884709352
11515,12.0,0.4130949544754201,0.057659796438625475
11516,12.0,0.41927266191861656,0.055972363702071495
11517,12.0,0.4451478539205477,0.05217614350951631
11518,12.0,0.3513639097856039,0.05314985062562179
11519,12.0,0.4829953878843071,0.05665764851474672
11520,12.0,0.492088690364536,0.05931870982889176
11521,12.0,0.42569357071538744,0.06149174891661651
11522,12.0,0.43609114536581184,0.05765458829415508
11523,12.0,0.451805184734067,0.05901031881677374
11524,12.0,0.43373131979758195,0.05610100135678894
11525,12.0,0.46738495707618577,0.05647826259152013
11526,12.0,0.5151613157248196,0.06106079750868521
11527,12.0,0.47872016997517647,0.057819903206027715
11528,12.0,0.5004969719555279,0.06018081333864762
11529,12.0,0.5132921013878995,0.061111172315185175
11530,12.0,0.2501178394255326,0.041487826664503395
11531,12.0,0.2513883127740605,0.04060719887485704
11532,12.0,0.10822876016114565,0.022636879555939328
11533,12.0,0.3828302026064301,0.050450139589596946
11534,12.0,0.1710052407514745,0.025756961211269185
11535,12.0,0.2778731812229976,0.04220369067557603
11536,12.0,0.17849309914061498,0.02570644844577684
11537,12.0,0.13844965750619345,0.024360395394688865
11538,12.0,0.2816856454047465,0.04557328739900618
11539,12.0,0.19670959748414232,0.03215761426220046
11540,12.0,0.4048728857744427,0.05135517575053883
11541,12.0,0.4791724885735092,0.06118441647975101
11542,12.0,0.5083749925758905,0.062143483578823176
11543,12.0,0.5069275457763076,0.06351796425581892
11544,12.0,0.5101655774029737,0.0639115153522192
11545,12.0,0.5057090761718175,0.060393559317161206
11546,12.0,0.5281913345347558,0.05973681043181813
11547,12.0,0.44452673715890845,0.0597039521851579
11548,12.0,0.45732688165218494,0.056986206455122285
11549,12.0,0.41863760427592095,0.052683540717766375
11550,12.0,0.28544466017449244,0.0350759098702549
11551,12.0,0.2833229524682286,0.035159675295195765
11552,12.0,0.2744885008128288,0.03270413320560597
11553,12.0,0.28031632569098625,0.03541172664182897
11554,12.0,0.23090054632431561,0.031694883058995475
11555,12.0,0.296827365323539,0.03592941334808617
11556,12.0,0.2939889204550597,0.035493591715782535
11557,12.0,0.3415781888606317,0.035000573117987224
11558,12.0,0.27370547781155524,0.03218966002025003
11559,12.0,0.27165603201655375,0.03676773915185345
11560,12.0,0.25445246317493,0.03266897227845221
11561,12.0,0.41953529600148226,0.0440589572804245
11562,12.0,0.3641055036687259,0.039846149831814046
11563,12.0,0.2212013023989586,0.0285371188922381
11564,12.0,0.32771822065862205,0.034357126115607914
11565,12.0,0.3086107684458138,0.03779406897579099
11566,12.0,0.24411991981344655,0.03025671373049424
11567,12.0,0.22097398364304244,0.02732058005893868
11568,12.0,0.39433844478088953,0.04089968381323904
11569,12.0,0.2566818540781032,0.03142236654051114
11570,12.0,0.4167793541077861,0.04333760739393574
11571,12.0,0.37277021105456093,0.03578994275290661
11572,12.0,0.47492996981723873,0.04242798378395582
11573,12.0,0.363547652493284,0.0396966921231198
11574,12.0,0.3614626139348976,0.036175565254971224
11575,12.0,0.47367960801858217,0.042851152145313605
11576,12.0,0.4237855863192971,0.038600049913574554
11577,12.0,0.2862032751852207,0.035349139785945005
11578,12.0,0.28808230627168957,0.03554027563723987
11579,12.0,0.28779503863345857,0.03864603946944947
11580,12.0,0.42509393752310093,0.04484712584479018
11581,12.0,0.4125606843683982,0.043994485558740845
11582,12.0,0.4307260714569452,0.04672777348791799
11583,12.0,0.43137270755976864,0.04615753596849231
11584,12.0,0.40038831514587697,0.04516257602885468
11585,12.0,0.42537636101382365,0.045733547590023384
11586,12.0,0.371544568322699,0.0438140865681224
11587,12.0,0.4825040955228435,0.05100188766541471
11588,12.0,0.3731223457709371,0.04396446684711354
11589,12.0,0.4224655320117392,0.04698445991738025
11590,12.0,0.2869644139023413,0.03293396080831828
11591,12.0,0.27160879452705555,0.036589249758603955
11592,12.0,0.3202882885645232,0.03766313636198724
11593,12.0,0.34114416699193856,0.040340847008904036
11594,12.0,0.257824728552951,0.030095827173811273
11595,12.0,0.3459578484888909,0.03348240353282763
11596,12.0,0.32063392402005375,0.040711699023800875
11597,12.0,0.3326530496617732,0.04255206637303451
11598,12.0,0.4267276256728066,0.047168246571095966
11599,12.0,0.31937989475846407,0.03652955087130718
11600,12.0,0.22177032767979593,0.0308841461768782
11601,12.0,0.22308193738495796,0.030025310185502363
11602,12.0,0.3064064004135241,0.03692191700902021
11603,12.0,0.4031152638494796,0.03811958689104408
11604,12.0,0.22258676818978715,0.030895482699601358
11605,12.0,0.2848258642428709,0.03487169700830214
11606,12.0,0.3062411532687998,0.034406563723662936
11607,12.0,0.32693562176467483,0.03786741163087575
11608,12.0,0.2915951968360887,0.03181578535735714
11609,12.0,0.22197421406466747,0.03048231682608595
11610,12.0,0.26451647005477136,0.031209890961060294
11611,12.0,0.2756182379979988,0.03212340622442858
11612,12.0,0.25897226932819545,0.029233437003287083
11613,12.0,0.3434951656630731,0.037216286226525216
11614,12.0,0.23567442997399396,0.026773516402822117
11615,12.0,0.30929193689189793,0.03328321821593286
11616,12.0,0.309292988108957,0.034665920733414936
11617,12.0,0.25951273270333813,0.023389916880194577
11618,12.0,0.2625081136178841,0.026242279534126303
11619,12.0,0.26244910825783974,0.030425951658074487
11620,12.0,0.34720234341031314,0.03989649389069874
11621,12.0,0.3458311134549388,0.039437222741267444
11622,12.0,0.32004578641182274,0.036454107012396875
11623,12.0,0.42980183747016226,0.04309322093392689
11624,12.0,0.4019134494629045,0.042653516647852344
11625,12.0,0.39843370381111276,0.043786610903541155
11626,12.0,0.2971113324025081,0.03258877742606152
11627,12.0,0.29328061017785695,0.03595910320805746
11628,12.0,0.196884003494942,0.022491532728367673
11629,12.0,0.26960432395110684,0.029039875978524126
11630,12.0,0.32022552478084937,0.037484257918879424
11631,12.0,0.31404789240867576,0.03585945670810783
11632,12.0,0.27996060856182853,0.033834810866453395
11633,12.0,0.2390707285259908,0.030184643994004064
11634,12.0,0.3061620014104566,0.036986607511073
11635,12.0,0.31035310253760573,0.036843834780414544
11636,12.0,0.2960048407405965,0.040454754088029475
11637,12.0,0.2825238047145782,0.032083286551659235
11638,12.0,0.20214327011641112,0.026354288322978398
11639,12.0,0.2832632899368724,0.032740959445741874
11640,12.0,0.22514288494462578,0.02822541209178005
11641,12.0,0.22405460738695537,0.03191304083469806
11642,12.0,0.22455372613592772,0.02973907861850288
11643,12.0,0.22587920551977464,0.028951982361363905
11644,12.0,0.3371645013200896,0.03913556176368503
11645,12.0,0.22474688882701527,0.029420467818377347
11646,12.0,0.22473076134332665,0.02845788870456806
11647,12.0,0.2914312845589389,0.03219086977125098
11648,12.0,0.2267572959655442,0.029590200020154302
11649,12.0,0.22564188869110577,0.029004527521881065
11650,12.0,0.4651675476131643,0.05375845146319403
11651,12.0,0.2254863623902072,0.034808149314060406
11652,12.0,0.46066737792936124,0.0531023043597685
11653,12.0,0.45383437826923295,0.047730127503633694
11654,12.0,0.3603115355327265,0.0471378883584389
11655,12.0,0.4084971097919729,0.04661177969942365
11656,12.0,0.2868921939340426,0.04121879144279444
11657,12.0,0.3762170860820948,0.050163711799656424
11658,12.0,0.4858196467114718,0.0532358090066995
11659,12.0,0.42684419477836005,0.05125544259302366
11660,12.0,0.2231350185423694,0.027420429156335985
11661,12.0,0.2754635543910741,0.03230609570560071
11662,12.0,0.23501178084379756,0.03146657967170402
11663,12.0,0.27337839402118075,0.03356509454170987
11664,12.0,0.23552607806294162,0.02614143373640602
11665,12.0,0.26865800013614594,0.03591368983007972
11666,12.0,0.22289096193215235,0.027025451380102466
11667,12.0,0.2651391356576092,0.031534480678171044
11668,12.0,0.26737836566766815,0.034275771961494374
11669,12.0,0.3047862073791763,0.033815005096454596
11670,12.0,0.3621845907397322,0.04478409732989286
11671,12.0,0.47829684547753826,0.05264379458788027
11672,12.0,0.4033132350692365,0.047960209483883146
11673,12.0,0.4106745184294194,0.048022861164997474
11674,12.0,0.38945299939344213,0.046282220034233504
11675,12.0,0.24254605255439227,0.03229338799085698
11676,12.0,0.4745386227525687,0.054640205231022476
11677,12.0,0.4638079974126675,0.046218445393951216
11678,12.0,0.34522150266894824,0.03798760203721566
11679,12.0,0.3924920558368297,0.046410105482146934
11680,12.0,0.18019102273513954,0.01971901350801072
11681,12.0,0.18147111624715806,0.01843495588185533
11682,12.0,0.3369089831497687,0.038421901373890656
11683,12.0,0.14111057665725288,0.018553171967797853
11684,12.0,0.20891226482444633,0.02681261565230179
11685,12.0,0.18101915170952226,0.019399676907580942
11686,12.0,0.19861544922236535,0.0224015093117466
11687,12.0,0.19701976733741072,0.020971256334120916
11688,12.0,0.17943912679973162,0.022188263660470667
11689,12.0,0.1800266832249001,0.01923804946456384
11690,12.0,0.31108033393342194,0.04328855293657597
11691,12.0,0.10043892631732844,0.018974673098006305
11692,12.0,0.40884070092206803,0.0476264621146619
11693,12.0,0.13849239566722646,0.024773852591012894
11694,12.0,0.34159230691535863,0.04387935424496802
11695,12.0,0.1885038457482911,0.03387221569204265
11696,12.0,0.14022856805191544,0.024930236505778074
11697,12.0,0.140999837650829,0.02489438407911454
11698,12.0,0.1388064348032261,0.025306818111896112
11699,12.0,0.3882664644450658,0.04592410980210398
11700,12.0,0.07115852663019723,0.015508859151009136
11701,12.0,0.06643931608016422,0.018889447787227957
11702,12.0,0.07173265462259396,0.018616044588257708
11703,12.0,0.07222470837410801,0.015630636159812687
11704,12.0,0.07254328980814861,0.018664293533783797
11705,12.0,0.07147641824074016,0.018503445106655192
11706,12.0,0.07178680140669066,0.01723336652673568
11707,12.0,0.07152773836705285,0.018248873504770165
11708,12.0,0.07126531198048713,0.017937922330284933
11709,12.0,0.07170624370897459,0.018258116446917407
11710,12.0,0.39092301593122525,0.04572048330549606
11711,12.0,0.096568938831323,0.02036858265072884
11712,12.0,0.09021606763122417,0.020076253993330254
11713,12.0,0.08959577271895669,0.021121768930702143
11714,12.0,0.3803692679366794,0.04459463446767247
11715,12.0,0.08694558253535063,0.02330147654429934
11716,12.0,0.2766475916666131,0.037062297635154715
11717,12.0,0.0899446745724838,0.021043995334896145
11718,12.0,0.08952199794297455,0.02030621049591691
11719,12.0,0.09602961500855015,0.02434137561221196
11720,12.0,0.29090557346559004,0.040693313071722345
11721,12.0,0.3516879446557244,0.04456817501488388
11722,12.0,0.3236738983702019,0.03615146209518764
11723,12.0,0.4271493070089451,0.04897378514015414
11724,12.0,0.3392762081174824,0.04071490730432474
11725,12.0,0.26929394059558986,0.03368232357280463
11726,12.0,0.2288389579210805,0.028191716526494572
11727,12.0,0.2012009176123011,0.030645112487802842
11728,12.0,0.27438524901295874,0.03550276095394051
11729,12.0,0.3334121179286074,0.04217512095408328
11730,12.0,0.34238372062998124,0.04037752761090491
11731,12.0,0.26653890789930634,0.03670680038466702
11732,12.0,0.3433550798646915,0.04417602174485947
11733,12.0,0.356973781821711,0.042786625072003225
11734,12.0,0.36750769894483437,0.041970587499949676
11735,12.0,0.45414851415562907,0.046914844011900714
11736,12.0,0.377986220783231,0.04613496807653833
11737,12.0,0.33134805190809713,0.03970499277852602
11738,12.0,0.27368802216065724,0.038906521835107254
11739,12.0,0.3315312258658077,0.043574468088015225
11740,12.0,0.24632653703278024,0.03130228686826769
11741,12.0,0.24778908395867175,0.03324615574292549
11742,12.0,0.2442278571910956,0.030988298449150214
11743,12.0,0.2541235697273604,0.036059414011817364
11744,12.0,0.44669275650584717,0.04886661395075708
11745,12.0,0.3143729117699265,0.039970754470973806
11746,12.0,0.2016700490166477,0.03209414621219362
11747,12.0,0.403290506207795,0.044447037281366696
11748,12.0,0.1808656930410862,0.0259475710617883
11749,12.0,0.25216710824770866,0.030922022479368833
11750,12.0,0.3736191298396022,0.04262175433629329
11751,12.0,0.37980695579353607,0.04137353645816654
11752,12.0,0.3825349897053867,0.042687170654007046
11753,12.0,0.2989827525162965,0.03842503237738851
11754,12.0,0.3847829740954747,0.045499551206315235
11755,12.0,0.3837117397776806,0.04426768972972088
11756,12.0,0.4684659161916074,0.04857956164064939
11757,12.0,0.38442151400653746,0.04210459568798995
11758,12.0,0.370642322320466,0.04091337487963631
11759,12.0,0.4212545174208392,0.051280705748853066
11760,12.0,0.24667034655036651,0.029018070050294994
11761,12.0,0.335054678724644,0.04237546572646501
11762,12.0,0.24969588468934475,0.03034962448417049
11763,12.0,0.2687104466299529,0.03143554033769458
11764,12.0,0.23088646820974662,0.026024839907272383
11765,12.0,0.2318315226029089,0.025781201894791304
11766,12.0,0.3830159650438145,0.040191094019437774
11767,12.0,0.2009925692774563,0.02423715680497771
11768,12.0,0.23096827088571403,0.025945334249505816
11769,12.0,0.2761744298971186,0.031429415801553694
11770,12.0,0.32050996826888245,0.04141454367273495
11771,12.0,0.4448330808789755,0.043990861352729796
11772,12.0,0.43334130931882753,0.04253816267431806
11773,12.0,0.2538182834953173,0.028778161914420352
11774,12.0,0.42965301749969653,0.046054217413513655
11775,12.0,0.3503200736282007,0.041633219286972396
11776,12.0,0.37816620513037663,0.041343616163928926
11777,12.0,0.24828695126884337,0.026588770989480308
11778,12.0,0.4219038669798556,0.04403839582426488
11779,12.0,0.422807869357248,0.04119787294736441
11780,12.0,0.4956053137895412,0.0524883294930279
11781,12.0,0.14309390906360858,0.02793128810850469
11782,12.0,0.37615813292153144,0.048129668347493576
11783,12.0,0.3178609656788988,0.04189075841902824
11784,12.0,0.4651127349910494,0.05550360099464875
11785,12.0,0.29873951758160205,0.04263177950735427
11786,12.0,0.4712789721253804,0.05281233913347232
11787,12.0,0.2282542556186421,0.03393869994561741
11788,12.0,0.14315382846373473,0.029391099408226457
11789,12.0,0.26491329937678026,0.03672606740822154
11790,12.0,0.41178710468200175,0.039045556283423065
11791,12.0,0.44610612535365796,0.045539248049202806
11792,12.0,0.39196477938664176,0.041757345333937476
11793,12.0,0.34657208271808254,0.04240758567123648
11794,12.0,0.3867049153028441,0.03840354512574471
11795,12.0,0.5036779058526983,0.04878344675580107
11796,12.0,0.42011483825675605,0.0472650963190689
11797,12.0,0.31329765993831166,0.043126861387806914
11798,12.0,0.4323298651953822,0.04193135386085848
11799,12.0,0.47197931433373175,0.044880824622589244
11800,12.0,0.25613832493509153,0.03451781675659393
11801,12.0,0.3903094145330306,0.0441487292345106
11802,12.0,0.33210062329506035,0.042388145653631144
11803,12.0,0.3970699516333116,0.045567022331815754
11804,12.0,0.3918117777201002,0.04917758265157936
11805,12.0,0.24278024634252673,0.0403716696197309
11806,12.0,0.35490600428146274,0.04050244546335935
11807,12.0,0.2115431335218041,0.034908451109365246
11808,12.0,0.36209241742277065,0.03999051258774465
11809,12.0,0.3452436592734433,0.047071053688263274
11810,12.0,0.1618901719346805,0.025811186704311272
11811,12.0,0.48049528046801754,0.05693578007782786
11812,12.0,0.44761213486557033,0.049518734661689406
11813,12.0,0.48953755387876813,0.04995249639701072
11814,12.0,0.4872547508247141,0.05049066577061248
11815,12.0,0.38487628419038566,0.04545846333859984
11816,12.0,0.16452139099349833,0.023335465737695366
11817,12.0,0.3742414850156801,0.04610034714576349
11818,12.0,0.1448499751268702,0.026775080454899354
11819,12.0,0.4892634640425066,0.05649884935193795
11820,12.0,0.36271868522477935,0.04673200627295978
11821,12.0,0.4505535603953482,0.053530858086153786
11822,12.0,0.31305835578861724,0.04023079648939988
11823,12.0,0.4296715530093185,0.05213270246452181
11824,12.0,0.3702530426860373,0.04601112684446108
11825,12.0,0.44942470881889995,0.05242700119597983
11826,12.0,0.18977734988652434,0.03635746385326972
11827,12.0,0.2900519859048334,0.03764192761894431
11828,12.0,0.37183868773146345,0.04855073572237107
11829,12.0,0.15417412487637167,0.027716441088014604
11830,12.0,0.26639269876107885,0.035891717796418324
11831,12.0,0.20301604006435522,0.028712826126014848
11832,12.0,0.27305803282605673,0.03860582442797991
11833,12.0,0.22801959159412194,0.028042960058510195
11834,12.0,0.22747215279493602,0.030589523673554185
11835,12.0,0.32013485680142406,0.03887336781571153
11836,12.0,0.3292580160094559,0.0423551774650542
11837,12.0,0.22897088773153,0.03354027879306261
11838,12.0,0.30099796680296964,0.03672745091740509
11839,12.0,0.306362746664976,0.04360046017910938
11840,12.0,0.1948805183574725,0.03214543795923615
11841,12.0,0.24359657579321076,0.04110570033822734
11842,12.0,0.24711938539919234,0.04061739581020815
11843,12.0,0.32281751502341427,0.042875325514034585
11844,12.0,0.19306350169562383,0.03494932778380908
11845,12.0,0.22107917064735733,0.038347922078505306
11846,12.0,0.46707645669435766,0.05050276534039432
11847,12.0,0.2988172988938232,0.039380897171433574
11848,12.0,0.19607067149784882,0.03259061047999126
11849,12.0,0.2190518488017496,0.03741702395044618
11850,12.0,0.25353742700001586,0.028797719857852073
11851,12.0,0.22634870221820091,0.0258463878048119
11852,12.0,0.3991130137908349,0.039081679373134816
11853,12.0,0.25764318294610744,0.030131318301855836
11854,12.0,0.31821693734181655,0.03528148114864629
11855,12.0,0.2565152270703027,0.02985488556310119
11856,12.0,0.2588740657947875,0.026695678830373402
11857,12.0,0.26148072392085697,0.02943518519645338
11858,12.0,0.2575745749389641,0.026950139354589772
11859,12.0,0.30076876592864815,0.03879329316304065
11860,12.0,0.30603931356038977,0.03134088060262769
11861,12.0,0.3135025739063589,0.03197345743572725
11862,12.0,0.2781368880922827,0.02957192128080408
11863,12.0,0.278532159997364,0.03060563310412365
11864,12.0,0.2846833172023827,0.027736167739336764
11865,12.0,0.166368343857183,0.015289287848463454
11866,12.0,0.26744172177203435,0.029546892118317823
11867,12.0,0.3137328336181276,0.032914320467027525
11868,12.0,0.16690520167671702,0.02159554852619362
11869,12.0,0.2737224261817798,0.03387277936600172
11870,12.0,0.27236041086391743,0.0298239712473735
11871,12.0,0.31061253774825803,0.03226592334181776
11872,12.0,0.24764479653611216,0.031243491977631117
11873,12.0,0.367301974637596,0.034901982332153074
11874,12.0,0.24077112634961925,0.03007993172332712
11875,12.0,0.3314152431674102,0.03297913660270353
11876,12.0,0.3624730458418513,0.03401626186921393
11877,12.0,0.21917191312426826,0.02944000801772687
11878,12.0,0.3030640859350716,0.033594281351251865
11879,12.0,0.271015516417518,0.028163398223041525
11880,12.0,0.2557186283886595,0.029411202984108237
11881,12.0,0.30032036889352787,0.0247349774291932
11882,12.0,0.2998094773417299,0.026524174155064337
11883,12.0,0.2553440188415217,0.028839590497093077
11884,12.0,0.3466450818594714,0.03304527285137162
11885,12.0,0.2819298540116786,0.03296822438167236
11886,12.0,0.36595763912519025,0.033362524635458246
11887,12.0,0.28453404758101686,0.028159056456434982
11888,12.0,0.23249561336358945,0.02909978919346787
11889,12.0,0.3652547989040085,0.03715880495622741
11890,12.0,0.22186132766092845,0.0229691611271691
11891,12.0,0.22119869530779154,0.027143516203955415
11892,12.0,0.2210416027236285,0.026030655992395662
11893,12.0,0.22203376419110238,0.022793518554790303
11894,12.0,0.1856860811341172,0.023625971297447434
11895,12.0,0.2231913058271085,0.023477296818342687
11896,12.0,0.21198604157647616,0.02602628732402442
11897,12.0,0.10734672840399236,0.018595518439412158
11898,12.0,0.2047075934783882,0.023526918682916922
11899,12.0,0.20011801679591693,0.0245672432701858
11900,12.0,0.3750977725728158,0.0439979711446591
11901,12.0,0.4371281442339974,0.03850529596244735
11902,12.0,0.4370738132678571,0.04073160206162958
11903,12.0,0.3768889565803671,0.037714791604019596
11904,12.0,0.38711966547486054,0.043610715189459116
11905,12.0,0.4729102606054987,0.04590884402046813
11906,12.0,0.4571857720896211,0.04150590076226018
11907,12.0,0.3598809957437573,0.04279659389718655
11908,12.0,0.39492162959852334,0.03545273255719294
11909,12.0,0.44161263281357377,0.04262775338420593
11910,12.0,0.05931819270880966,0.020903230642575595
11911,12.0,0.09797242077549574,0.022944579920005093
11912,12.0,0.26188555542741376,0.03858302715899247
11913,12.0,0.39137991360436913,0.04323863467854828
11914,12.0,0.45652569836595436,0.04716406985189391
11915,12.0,0.060575452173776384,0.021448014245907275
11916,12.0,0.09713651108935926,0.024378785912131107
11917,12.0,0.35727906016427335,0.040713020150190384
11918,12.0,0.3686154404842221,0.04329053481350411
11919,12.0,0.4184667159944479,0.043514355652835505
11920,12.0,0.24005084244816932,0.03354687359673805
11921,12.0,0.15440681169017814,0.020904103992610792
11922,12.0,0.10738099828951014,0.01823237990136333
11923,12.0,0.25359997660765615,0.0364632497088
11924,12.0,0.15705709018188882,0.024619527943114915
11925,12.0,0.1493415235522098,0.021006299625141993
11926,12.0,0.15980418203507601,0.02545679341962407
11927,12.0,0.1579685715161241,0.020017765372786853
11928,12.0,0.2339511241066973,0.025322881675553775
11929,12.0,0.14323929517562686,0.02876198020744188
11930,12.0,0.23153545819651547,0.0348002324387965
11931,12.0,0.2250311160481742,0.029602744520948302
11932,12.0,0.23158904393530644,0.03448657565035649
11933,12.0,0.1946099983562205,0.027701752535961466
11934,12.0,0.3560162034058158,0.04070644262533662
11935,12.0,0.10609206096013854,0.02440494296043404
11936,12.0,0.22434451913068756,0.03142879458611078
11937,12.0,0.34093942354332124,0.04259211504650393
11938,12.0,0.23207849487148463,0.03176054479912294
11939,12.0,0.19435223011194594,0.030968983153460704
11940,12.0,0.3076494741556321,0.03631037182169664
11941,12.0,0.2565416799276685,0.03846178072772569
11942,12.0,0.26957078950591395,0.036808519672263715
11943,12.0,0.19190218139131218,0.029270179883812055
11944,12.0,0.28355889269448226,0.029907180692496968
11945,12.0,0.29880549459970973,0.03549394223600524
11946,12.0,0.2112217040949622,0.03515485998806793
11947,12.0,0.30582365571727965,0.03611387299705498
11948,12.0,0.30955731027445177,0.03681655999503126
11949,12.0,0.31460925256996397,0.03792337590533478
11950,12.0,0.28481550685451307,0.0355569149295485
11951,12.0,0.14961765045909958,0.016860542952281926
11952,12.0,0.1504270708908592,0.013745288943172377
11953,12.0,0.148017866696359,0.016551187191737447
11954,12.0,0.15004673472642246,0.014747688745085315
11955,12.0,0.14863995796664756,0.015564947558280383
11956,12.0,0.14851658875294024,0.018857996278398903
11957,12.0,0.14978879187759755,0.014882618983472604
11958,12.0,0.14815995860618134,0.016988879251024255
11959,12.0,0.14898569077005697,0.014779540366509955
11960,12.0,0.12533922790710106,0.024949952155950816
11961,12.0,0.3007882496997639,0.03906377309197195
11962,12.0,0.20832096183320806,0.029430461839829388
11963,12.0,0.20278778178258558,0.03065667260541204
11964,12.0,0.2532693383037792,0.03447311598926372
11965,12.0,0.3138628240839539,0.0376711720532955
11966,12.0,0.22681550830557315,0.032642966091722216
11967,12.0,0.2051271445897261,0.03230159366053986
11968,12.0,0.2530143665175355,0.0363769519126267
11969,12.0,0.35502186723449136,0.04232251629557361
11970,12.0,0.23297328340270845,0.030097041492132076
11971,12.0,0.3121174104936,0.040125789881775106
11972,12.0,0.35601081408250923,0.04460138080844588
11973,12.0,0.2325989838076211,0.030369684289264117
11974,12.0,0.2324048705277514,0.029257724145007
11975,12.0,0.3563186497460802,0.04353706609182439
11976,12.0,0.3772675209390791,0.042409784103669496
11977,12.0,0.23175744217158176,0.03044778009796339
11978,12.0,0.23477392432657967,0.028555166898628373
11979,12.0,0.3168958651868424,0.03619546266989886
11980,12.0,0.2215006253364747,0.02911498654664605
11981,12.0,0.1295484377973155,0.02053442939153019
11982,12.0,0.23069334178906953,0.03542860064048362
11983,12.0,0.12543520451018247,0.024079403740879194
11984,12.0,0.2251038785129424,0.034498979123159274
11985,12.0,0.2453643456992591,0.03814560370664407
11986,12.0,0.16640796817710832,0.02842328764268499
11987,12.0,0.18383941012637653,0.03120497964961534
11988,12.0,0.26793989493030257,0.03548754369768743
11989,12.0,0.12835321910063535,0.023504069701455934
11990,12.0,0.25205485385470655,0.03747454796293199
11991,12.0,0.3602254364961607,0.03429971781313959
11992,12.0,0.2876645457641704,0.03617133511975372
11993,12.0,0.2511003418990664,0.033641803308367864
11994,12.0,0.2953927954732125,0.03921562436944232
11995,12.0,0.2955217872318113,0.03454422546201246
11996,12.0,0.22952138207956824,0.03172842535731421
11997,12.0,0.29164257602180843,0.03755565314036636
11998,12.0,0.2519169043914854,0.032974747515600346
11999,12.0,0.3031122385295676,0.03793958188720764
12000,12.5,0.4781256780187164,0.054190374106250404
12001,12.5,0.3025535861673029,0.04611278173533242
12002,12.5,0.4884335846502135,0.05921061568858354
12003,12.5,0.5001856067777135,0.057893623684686986
12004,12.5,0.4078080695010939,0.046953791878136746
12005,12.5,0.41509372202152567,0.053491954042470785
12006,12.5,0.12232590278587785,0.024682193910959885
12007,12.5,0.48015687014285485,0.059307305462689384
12008,12.5,0.4305716997376581,0.050673135574653264
12009,12.5,0.401603590468898,0.053249116925349955
12010,12.5,0.4591133619165033,0.05912508585232578
12011,12.5,0.45908672143440066,0.05363147802094017
12012,12.5,0.3833288308133129,0.053334012071072454
12013,12.5,0.3392850256639181,0.04899846571808243
12014,12.5,0.43366793451236735,0.0541177877293035
12015,12.5,0.4055114742522076,0.05580202677594805
12016,12.5,0.42331174877085287,0.057100685069817386
12017,12.5,0.4395338225938979,0.05190844434771351
12018,12.5,0.3436447954478973,0.051889162557042165
12019,12.5,0.4744129752372624,0.0577078910406392
12020,12.5,0.4853010706406413,0.06096842254273858
12021,12.5,0.4172120493097065,0.060268167450953494
12022,12.5,0.4275312476590082,0.05692224310699092
12023,12.5,0.4483413483130813,0.05872089118545289
12024,12.5,0.42775860633076523,0.05617610812708788
12025,12.5,0.4667826280457075,0.05728848755267889
12026,12.5,0.5104177506611464,0.0607026764860627
12027,12.5,0.4731055140931297,0.0586972234405341
12028,12.5,0.491565046621103,0.06180617120753498
12029,12.5,0.5115893499750263,0.06377567297413925
12030,12.5,0.24423990778376606,0.04214013718126628
12031,12.5,0.24509327445734896,0.042526866815578025
12032,12.5,0.1382198539178388,0.022663462305119782
12033,12.5,0.3827077397365889,0.05355376476862096
12034,12.5,0.15965395066964497,0.029473545101186282
12035,12.5,0.2715160292561768,0.03871845927578074
12036,12.5,0.17170716199788844,0.02857418381443656
12037,12.5,0.1556699028329203,0.027721071594900212
12038,12.5,0.27552928258504905,0.04491033387152322
12039,12.5,0.19039667309294692,0.032698448458334084
12040,12.5,0.39572677027959047,0.05360339930439468
12041,12.5,0.4908009376389658,0.06154300014214068
12042,12.5,0.5090030539736949,0.061318647602395415
12043,12.5,0.5034755551438397,0.06240080755383152
12044,12.5,0.5059180571746653,0.06360368925687641
12045,12.5,0.506800097713265,0.059553034002881505
12046,12.5,0.5252778855890936,0.05994072367662524
12047,12.5,0.44679657496348874,0.05950046235915093
12048,12.5,0.4612351900663411,0.05858661990479735
12049,12.5,0.42029453838911457,0.054888176561502966
12050,12.5,0.2791338161372802,0.03635490992303636
12051,12.5,0.2790310499671084,0.035243369231807105
12052,12.5,0.2697041549817272,0.03577672438288421
12053,12.5,0.275467766477289,0.03392939318824573
12054,12.5,0.22419460829740687,0.03308614143022062
12055,12.5,0.2915933285448158,0.036325616736605656
12056,12.5,0.2897627026904989,0.03567804590201422
12057,12.5,0.3367848179114739,0.03453063472580362
12058,12.5,0.2715408337169835,0.035908545144052735
12059,12.5,0.2678832270613085,0.03668228495256538
12060,12.5,0.24520082612412225,0.03262102051329298
12061,12.5,0.40484990778894875,0.04538543415353876
12062,12.5,0.3550473284222877,0.04004264240780023
12063,12.5,0.21209038638394623,0.027706961608579463
12064,12.5,0.3210447115779285,0.037887573167705475
12065,12.5,0.3020680580098179,0.03506463438517217
12066,12.5,0.23591112631917957,0.031203295302487614
12067,12.5,0.21218556249135054,0.0307703640331101
12068,12.5,0.3830728049196874,0.04399657542967233
12069,12.5,0.24767820133377902,0.030402360408801246
12070,12.5,0.41388815711899557,0.043859930691268326
12071,12.5,0.3700056378490232,0.0374570704916131
12072,12.5,0.4695118718234384,0.04166564654197114
12073,12.5,0.35783860967007375,0.03974161694228438
12074,12.5,0.3584529207020848,0.03532372260837052
12075,12.5,0.4690340593105149,0.04295400035462518
12076,12.5,0.4195976001779709,0.037721701981859215
12077,12.5,0.27893486214571256,0.03414664313494046
12078,12.5,0.28071570381727945,0.03705271552433322
12079,12.5,0.2805332504757228,0.03803824968196045
12080,12.5,0.41658428804033953,0.04285566855510589
12081,12.5,0.4027144515026711,0.048764497054780205
12082,12.5,0.4330938261380593,0.04701453171340385
12083,12.5,0.4218030066871448,0.04638397656189393
12084,12.5,0.3896234471727741,0.047757417120030836
12085,12.5,0.4167160066072141,0.04604910386397591
12086,12.5,0.36449149942686565,0.04299312275881513
12087,12.5,0.47614141260441295,0.05244586119473073
12088,12.5,0.3647015516798086,0.04550828209716603
12089,12.5,0.416335273825461,0.044308158964531996
12090,12.5,0.2759102497796542,0.03398601262553326
12091,12.5,0.26057439188494,0.03549374736927598
12092,12.5,0.30973036537048027,0.03903487854120668
12093,12.5,0.32944946147422,0.038310810679364725
12094,12.5,0.2458002519577482,0.03234791845821488
12095,12.5,0.33925654005797845,0.03704017702921264
12096,12.5,0.3100582200776785,0.03921756965465663
12097,12.5,0.32139101868942,0.03795031910611337
12098,12.5,0.41966955074066936,0.04515265454764632
12099,12.5,0.3097827132088708,0.03905389706622776
12100,12.5,0.2113246211514381,0.03207872360415455
12101,12.5,0.21299718504046497,0.02884548070668025
12102,12.5,0.29918757280181535,0.03614837021501345
12103,12.5,0.3951376320148651,0.03503811592464484
12104,12.5,0.2123463053099249,0.030938425021247853
12105,12.5,0.2788732233957327,0.032589846252203285
12106,12.5,0.3014470644128472,0.0347182877875709
12107,12.5,0.3221278551784587,0.038142805682003615
12108,12.5,0.28606063795484765,0.0306791573228232
12109,12.5,0.21125634061581725,0.02920964687318091
12110,12.5,0.2542909549948351,0.032098361708215985
12111,12.5,0.26569414751579506,0.03554779331657571
12112,12.5,0.24868857290923368,0.02726348331753069
12113,12.5,0.3382722349597421,0.035032130371751506
12114,12.5,0.22579313680404253,0.03043140203899526
12115,12.5,0.2991356667455866,0.03785163388083843
12116,12.5,0.30028984206376946,0.033495018336247684
12117,12.5,0.24944575749064973,0.02540730087422358
12118,12.5,0.25174518645846466,0.02553888768515314
12119,12.5,0.25175020278448373,0.029816741275274075
12120,12.5,0.3380731489560247,0.040334716185582535
12121,12.5,0.336590212340041,0.037076261648791346
12122,12.5,0.31140088887421297,0.035897544702627446
12123,12.5,0.4184189087438732,0.04141210612754498
12124,12.5,0.3924836809828007,0.04212867756904568
12125,12.5,0.3876181090979068,0.04212353036465258
12126,12.5,0.2875069028355984,0.03385021200977637
12127,12.5,0.28247660212637704,0.038830680418444175
12128,12.5,0.18291333708538232,0.024228249209429443
12129,12.5,0.2614822486043753,0.024979448047579646
12130,12.5,0.3104538049385239,0.03914875066146313
12131,12.5,0.3037206114165566,0.03674982606040309
12132,12.5,0.26936698823456945,0.03607513866201792
12133,12.5,0.22737793829304748,0.030736456250053536
12134,12.5,0.29646937887865293,0.04047475590459109
12135,12.5,0.2997097778435874,0.03608552887717232
12136,12.5,0.28676945228259,0.037056418411661164
12137,12.5,0.27237525737713086,0.034523406093996296
12138,12.5,0.1892418103762001,0.025680627110576816
12139,12.5,0.2732742196970855,0.03472176282988626
12140,12.5,0.21669375557308307,0.030295771030995875
12141,12.5,0.2154744769466733,0.029995290395698305
12142,12.5,0.21598107455603294,0.030156913836356224
12143,12.5,0.217104295511765,0.03003060785489218
12144,12.5,0.33000928031870813,0.03820887520397446
12145,12.5,0.21582807845417737,0.02926242599233638
12146,12.5,0.21607359962728281,0.028801906959627126
12147,12.5,0.2898324206160389,0.036268531829378774
12148,12.5,0.21827233169966812,0.028842960917193697
12149,12.5,0.21730535913702348,0.027701983262143536
12150,12.5,0.46396668532026736,0.054210350862481195
12151,12.5,0.21519691912414804,0.03202282815638192
12152,12.5,0.4535391435735499,0.05276912782696869
12153,12.5,0.4639514146896861,0.047695480292406785
12154,12.5,0.35285148614082024,0.047314568164385305
12155,12.5,0.4001039076300648,0.04479128786219974
12156,12.5,0.2766268404772453,0.040786335986688654
12157,12.5,0.36737995609397933,0.05343877138440012
12158,12.5,0.477026872654118,0.0541771898336669
12159,12.5,0.4184454457851401,0.0509212658696118
12160,12.5,0.21475269430359625,0.0291981740292063
12161,12.5,0.2690779225497687,0.035825513109513034
12162,12.5,0.225385634271698,0.03117182364623177
12163,12.5,0.266536326179238,0.036697029087843815
12164,12.5,0.22550533138796702,0.02833714988056919
12165,12.5,0.26350650946106025,0.037088112243068676
12166,12.5,0.21432355055011215,0.02594609954580592
12167,12.5,0.25614957905892866,0.033915079454528325
12168,12.5,0.25780070075296624,0.03682696103878024
12169,12.5,0.29706794298802264,0.03333052357679173
12170,12.5,0.3507124658391451,0.04484310266617311
12171,12.5,0.4751420111078479,0.05334503811757451
12172,12.5,0.39491969505739466,0.04772885357544334
12173,12.5,0.40475480000444264,0.04726448070197349
12174,12.5,0.3831852060827553,0.046853015026425096
12175,12.5,0.23309011824929057,0.03241028139204464
12176,12.5,0.4668401832586811,0.050127262277430314
12177,12.5,0.46021905553781883,0.04702399348881787
12178,12.5,0.33889218713120245,0.039783129443624776
12179,12.5,0.3864217631130208,0.048160871454628745
12180,12.5,0.1728466053836651,0.01640445128085899
12181,12.5,0.17478324636760678,0.01856942565521344
12182,12.5,0.33000250291024985,0.035907662059532205
12183,12.5,0.13249931126600775,0.017899574796096898
12184,12.5,0.20179334423137968,0.0253833919907569
12185,12.5,0.17362805366672998,0.021921389603141356
12186,12.5,0.1914586311262307,0.020785054553717396
12187,12.5,0.18958861657693232,0.02444687989500596
12188,12.5,0.17247498820758583,0.020899290133387004
12189,12.5,0.1729789984571859,0.019655505666470587
12190,12.5,0.3062860657309631,0.04239832538410874
12191,12.5,0.09092029742901377,0.02139956255423428
12192,12.5,0.40656004410984536,0.04464846475266335
12193,12.5,0.12995577004209152,0.025492604514660677
12194,12.5,0.3361978614569243,0.043099405500171925
12195,12.5,0.18204697233160833,0.032201704681560986
12196,12.5,0.13172470669355865,0.025590784887415247
12197,12.5,0.13319285308961923,0.02593602863455218
12198,12.5,0.13008930886036799,0.024019002806180623
12199,12.5,0.3882085692333252,0.04794125463204739
12200,12.5,0.06300671043705361,0.017092258740722045
12201,12.5,0.05839884871908865,0.018949514799521384
12202,12.5,0.06398147773786103,0.019804030359263772
12203,12.5,0.06424255411111963,0.020407501685069634
12204,12.5,0.064698186073994,0.02018559775657012
12205,12.5,0.06352041946993467,0.019693696471267577
12206,12.5,0.0639215716756399,0.017169893532729883
12207,12.5,0.06347692927738693,0.016987832610496183
12208,12.5,0.06347386697036542,0.019837323462322892
12209,12.5,0.06386071246889574,0.01793279384504896
12210,12.5,0.38131788186497334,0.044980531151564015
12211,12.5,0.08937829641454224,0.02099899319079305
12212,12.5,0.08131922706482778,0.018517068336572524
12213,12.5,0.08156493134317987,0.023365144008552205
12214,12.5,0.37608058032511255,0.04597530377355665
12215,12.5,0.07712891556608768,0.01924062917033813
12216,12.5,0.2714273657018877,0.039697579192992785
12217,12.5,0.08100213396918544,0.020135893587953427
12218,12.5,0.08120977474381103,0.019234590953864296
12219,12.5,0.08842026009520668,0.022452202910188783
12220,12.5,0.28315011020917197,0.037382012729927284
12221,12.5,0.3438792498408067,0.04274558095234995
12222,12.5,0.31937405378924455,0.03817430294315483
12223,12.5,0.4227047421715764,0.04247027680217545
12224,12.5,0.33109210806112266,0.03872439893703537
12225,12.5,0.26222794053465426,0.03780543686941306
12226,12.5,0.22443887073488794,0.027524257837338206
12227,12.5,0.19041929344880562,0.030541137309558354
12228,12.5,0.2670068609168884,0.03564133111580513
12229,12.5,0.3258293497635629,0.041835989458765495
12230,12.5,0.33520690760368965,0.041025069909078074
12231,12.5,0.25825089633684756,0.03954765219496477
12232,12.5,0.3342966163060606,0.04323810901869939
12233,12.5,0.3491201274020012,0.041549666476779615
12234,12.5,0.36710886151307126,0.04148849165613249
12235,12.5,0.4469701175593305,0.04648244202690057
12236,12.5,0.3753698181340963,0.044773560687046667
12237,12.5,0.32537274552979756,0.038967773187424525
12238,12.5,0.26379140745407026,0.041448689600528
12239,12.5,0.3232633301483721,0.042956659559777365
12240,12.5,0.23908024836232597,0.030475589991710652
12241,12.5,0.24757409843995587,0.032694913728361266
12242,12.5,0.2361689201776871,0.03281881470879186
12243,12.5,0.24652322211750435,0.03270572423842214
12244,12.5,0.4489083546649641,0.04945358913589895
12245,12.5,0.3080042067656703,0.040204291812011995
12246,12.5,0.1942955309806409,0.034348685899582704
12247,12.5,0.3998176343119532,0.0421807366764136
12248,12.5,0.17230017238509057,0.026494788920706093
12249,12.5,0.2443157012347153,0.0317563077937162
12250,12.5,0.3661756475300216,0.04110458448922512
12251,12.5,0.3723298050024361,0.042668478618823905
12252,12.5,0.37494081980195243,0.0406378294846429
12253,12.5,0.29076673835046235,0.042362761782139415
12254,12.5,0.37769147035812894,0.04460903716573175
12255,12.5,0.37729649496601114,0.04187814843432049
12256,12.5,0.4611916321749509,0.05074223621988089
12257,12.5,0.3774073123225774,0.04242880384076432
12258,12.5,0.36322170640417084,0.039328194755663154
12259,12.5,0.4110922261497139,0.04708663838881016
12260,12.5,0.23922209341934886,0.027429138036412823
12261,12.5,0.3289533734354628,0.04316853146256589
12262,12.5,0.24255096682347527,0.028199754202323457
12263,12.5,0.2605775380170052,0.030558610544507033
12264,12.5,0.22207842314873055,0.027898277937692548
12265,12.5,0.22286374016038837,0.025257560280815945
12266,12.5,0.37337951443427536,0.03937485507782221
12267,12.5,0.19114803580327086,0.02377418483925847
12268,12.5,0.22145078011878655,0.029336321737680946
12269,12.5,0.2688148193649274,0.02998597355288595
12270,12.5,0.3190990274696688,0.0386859768228826
12271,12.5,0.4407175709127947,0.04508984844696502
12272,12.5,0.42653399760226357,0.04423065206833709
12273,12.5,0.2446179103565504,0.026251537768511156
12274,12.5,0.4221733857457129,0.04280461608913783
12275,12.5,0.3431125324180578,0.043791730793900585
12276,12.5,0.37410341784458856,0.040268530428814446
12277,12.5,0.2898754052224325,0.03714633685256557
12278,12.5,0.4157600558098157,0.04659230463747518
12279,12.5,0.41405865911417805,0.04124376467550125
12280,12.5,0.5049591026476354,0.054398280784927665
12281,12.5,0.1315995536666574,0.03186373092360091
12282,12.5,0.3685318287351166,0.04514696506848339
12283,12.5,0.3097949449746362,0.046490300863320795
12284,12.5,0.4905967090034856,0.04941662929697364
12285,12.5,0.2928722516501212,0.0448051723642925
12286,12.5,0.46678251452724184,0.0543516854349311
12287,12.5,0.2177138129604757,0.034508820320960865
12288,12.5,0.13509360235287193,0.031027559877425996
12289,12.5,0.2549001666745673,0.038760184503242166
12290,12.5,0.4079630939096292,0.04106262631555383
12291,12.5,0.435941019924097,0.04185364676986076
12292,12.5,0.40288865676453667,0.03810852571446268
12293,12.5,0.3388628570190116,0.04441734114926454
12294,12.5,0.37684856100233627,0.038791255530794204
12295,12.5,0.5101300174705662,0.04818645773276962
12296,12.5,0.4125351231457323,0.04863106445051922
12297,12.5,0.30532149559227545,0.04114835891677119
12298,12.5,0.4278546666728223,0.042532543654665314
12299,12.5,0.4692830489055728,0.0449038063909222
12300,12.5,0.24978284597986875,0.033440362876412666
12301,12.5,0.3854701530456613,0.043763047526561454
12302,12.5,0.3249174481559553,0.04188716309798612
12303,12.5,0.39378973914282933,0.04662462472593124
12304,12.5,0.3864778587474844,0.04976675083750689
12305,12.5,0.23613945191813873,0.041216634194928416
12306,12.5,0.3503776873535226,0.04245275386203581
12307,12.5,0.20456151295925445,0.03434218934984087
12308,12.5,0.3568306950807745,0.03921787254637741
12309,12.5,0.3411079718799796,0.0451742262768569
12310,12.5,0.152652257610711,0.025391298633254622
12311,12.5,0.4789187063598222,0.05529907112455881
12312,12.5,0.4416954362457548,0.050992042609816685
12313,12.5,0.4844358952859828,0.04743088828206752
12314,12.5,0.49317525925568245,0.054419998869739104
12315,12.5,0.378577706315533,0.04800759290689276
12316,12.5,0.15567078899682416,0.027052452742336922
12317,12.5,0.3696852506378572,0.04829401799035861
12318,12.5,0.13686495274649527,0.025862022076644686
12319,12.5,0.4926998038561199,0.05498209373222551
12320,12.5,0.355951110152643,0.04562229571014575
12321,12.5,0.4511088136538478,0.05528200516708854
12322,12.5,0.30474220451539835,0.04167097603874637
12323,12.5,0.4255364309012055,0.051137818030703
12324,12.5,0.3669210144714232,0.04570077141295109
12325,12.5,0.44144369843634246,0.05144543342779992
12326,12.5,0.18054428556541846,0.03652654531554465
12327,12.5,0.2832331172529768,0.038643586284283146
12328,12.5,0.36609214172938986,0.04955294124334424
12329,12.5,0.14853831061171185,0.0290636757347877
12330,12.5,0.26000583130987076,0.036653941789608326
12331,12.5,0.198437789119417,0.028124737184485098
12332,12.5,0.26771999555460213,0.03500856022836964
12333,12.5,0.21910535951900786,0.02862122869515256
12334,12.5,0.21956923091813008,0.030006693269724088
12335,12.5,0.31368468804230243,0.033952306710993564
12336,12.5,0.323740135844249,0.04266801564176325
12337,12.5,0.22111122729440344,0.03240873296319414
12338,12.5,0.2960482125694819,0.036674513315151196
12339,12.5,0.29877943664111134,0.04585625543231859
12340,12.5,0.1870224731445133,0.030970385261496338
12341,12.5,0.23688507886489307,0.043639875241393976
12342,12.5,0.2406693106542082,0.03763663597028454
12343,12.5,0.3176244339030921,0.044072412518548064
12344,12.5,0.18527157377044867,0.033384336103359086
12345,12.5,0.21408329067274415,0.04134979973767506
12346,12.5,0.45885409866583526,0.050642972076569835
12347,12.5,0.29187963332206845,0.03744428854731306
12348,12.5,0.18875130356618114,0.032516995831596146
12349,12.5,0.21237305491169123,0.03669049523462374
12350,12.5,0.24542583446068206,0.031069019502099945
12351,12.5,0.21693239792794186,0.026759341456984997
12352,12.5,0.3941893371787037,0.03771600216689832
12353,12.5,0.24942828980000062,0.030349379207207
12354,12.5,0.31134251379731687,0.03539974308555348
12355,12.5,0.24862765809530638,0.03035156881924997
12356,12.5,0.2501959368085404,0.02909232498074875
12357,12.5,0.25301236760630197,0.03108843054154203
12358,12.5,0.2499847847001662,0.025724295023859176
12359,12.5,0.2939244955779386,0.036859413961448
12360,12.5,0.2987683090723343,0.030439454465069665
12361,12.5,0.3057666461232961,0.03401542336476972
12362,12.5,0.2688199805206762,0.030772062455529325
12363,12.5,0.2691894015492682,0.032047384761300264
12364,12.5,0.27494179005271796,0.02571965246542689
12365,12.5,0.15884132263179343,0.016624648293390807
12366,12.5,0.25772570429885217,0.030563471658000586
12367,12.5,0.30543773261488244,0.03421175552245439
12368,12.5,0.15976061807000402,0.016654193494594047
12369,12.5,0.26451110817353085,0.03332442972588262
12370,12.5,0.2635892361454963,0.02903914046712393
12371,12.5,0.3014597325190144,0.03390811430108475
12372,12.5,0.23999481166855346,0.03265893525909475
12373,12.5,0.36190919374450026,0.039151039830286935
12374,12.5,0.23189431058908538,0.03195167247113637
12375,12.5,0.3271250479586283,0.032636184137405023
12376,12.5,0.3564530462151372,0.03595008043213168
12377,12.5,0.2112786173031529,0.03000891963606067
12378,12.5,0.29311014276023,0.03486140085612346
12379,12.5,0.2599663188501158,0.03175687441329567
12380,12.5,0.24451445745565425,0.02730805984304282
12381,12.5,0.2889921561708253,0.028241834687317422
12382,12.5,0.28812335974654213,0.02725783778423063
12383,12.5,0.24389480167486646,0.031843551815287655
12384,12.5,0.33773745659506743,0.03821180766069831
12385,12.5,0.2717927619421521,0.034798410207120996
12386,12.5,0.3615040246702125,0.033446060272723836
12387,12.5,0.2765763828716328,0.029323850294039742
12388,12.5,0.22130343804094343,0.029984039409660573
12389,12.5,0.36381453374797296,0.03702646515886152
12390,12.5,0.21271346919857761,0.023414580801851215
12391,12.5,0.2125508481400337,0.024222753861326895
12392,12.5,0.2122876825792721,0.026189007853616643
12393,12.5,0.21325003905993847,0.025531689070218275
12394,12.5,0.17750217767423862,0.024324332393252053
12395,12.5,0.2143667819052651,0.025065369130201506
12396,12.5,0.2032667714157761,0.02328917686568201
12397,12.5,0.10125143273428903,0.018387257687637507
12398,12.5,0.19705360029886604,0.02278734589029835
12399,12.5,0.19337310865626545,0.024351921635814257
12400,12.5,0.37035936959016996,0.0429033725278708
12401,12.5,0.4301934373515183,0.03793183922406155
12402,12.5,0.4301730370915874,0.04271707087560554
12403,12.5,0.3724002836096142,0.03802043089414993
12404,12.5,0.3858579608695098,0.04233870984872214
12405,12.5,0.46134071651811825,0.04520750840103061
12406,12.5,0.4497498401523315,0.0436262283389473
12407,12.5,0.34765309858360066,0.04330784299208547
12408,12.5,0.3906920725602442,0.03614652414726217
12409,12.5,0.4315527103675857,0.0389320376704215
12410,12.5,0.04742198954527593,0.024261490279251997
12411,12.5,0.08397391260608658,0.024713929303156697
12412,12.5,0.24960982722173014,0.039247796658896626
12413,12.5,0.37600491913882494,0.04396012044473199
12414,12.5,0.44433198573273114,0.04759073250596354
12415,12.5,0.04784231326772484,0.021589046501657758
12416,12.5,0.08441061923867045,0.025767315591743074
12417,12.5,0.34394324605487586,0.03917616861769114
12418,12.5,0.3592826051886859,0.043243636205870274
12419,12.5,0.4032529041027525,0.04262551460124557
12420,12.5,0.2327531180160853,0.03567888113658646
12421,12.5,0.14605100490605594,0.021791256590432385
12422,12.5,0.09895248509844416,0.01607017551152356
12423,12.5,0.24121475622153474,0.03492567638787655
12424,12.5,0.1489830798685953,0.022973862935452134
12425,12.5,0.14235371047268286,0.021902362364787462
12426,12.5,0.15284147042158483,0.023797844307600916
12427,12.5,0.15022584794796925,0.025394537388059645
12428,12.5,0.22690239914852267,0.02948317894497373
12429,12.5,0.12603552382900657,0.028619766057879147
12430,12.5,0.21723952323651802,0.03360041601364185
12431,12.5,0.2119514688312676,0.030155265047242686
12432,12.5,0.21734343594864688,0.03196656811315738
12433,12.5,0.18121298881415432,0.03049826700129706
12434,12.5,0.3423148684112253,0.03829275217379308
12435,12.5,0.09179351910503826,0.025309965860352387
12436,12.5,0.21115581945747627,0.03029140099778495
12437,12.5,0.32656268725969884,0.039710107931332686
12438,12.5,0.21774910101210118,0.03429235279394652
12439,12.5,0.1804484609402819,0.03463816746210045
12440,12.5,0.2948792701466946,0.03553493949350151
12441,12.5,0.24603328316890585,0.036119374082876535
12442,12.5,0.25493209669011385,0.04140898683390408
12443,12.5,0.17741952133470668,0.03129549028628117
12444,12.5,0.27073360135239494,0.032401034169075645
12445,12.5,0.28706270879568,0.03732448813108903
12446,12.5,0.1958955741059588,0.03578672344716991
12447,12.5,0.29225365001225984,0.035363628390092244
12448,12.5,0.29700141890255594,0.03707616175453022
12449,12.5,0.30053050483729477,0.03921301311368336
12450,12.5,0.2712749324429099,0.03723051865224958
12451,12.5,0.1414048424269106,0.017228260104732832
12452,12.5,0.14240251321040223,0.016936151082455324
12453,12.5,0.13929099771991865,0.017668117040161312
12454,12.5,0.14167660642534824,0.015760682642480813
12455,12.5,0.1399156857031917,0.018889056006885275
12456,12.5,0.14014423849700458,0.017841234085397593
12457,12.5,0.14189790664474286,0.015223963722401012
12458,12.5,0.13952260547047698,0.016748931603503412
12459,12.5,0.14038379218370392,0.017606397622806916
12460,12.5,0.10867309652913583,0.027523439298590097
12461,12.5,0.28869142717256463,0.03962152098486413
12462,12.5,0.1989814613947662,0.030685296318230453
12463,12.5,0.19462292712278031,0.027509629743640168
12464,12.5,0.23845528991345327,0.035529707482737295
12465,12.5,0.30268474419649033,0.037278226504340525
12466,12.5,0.2197503265823845,0.03322193244610433
12467,12.5,0.19575954923360822,0.029038062555787034
12468,12.5,0.23872242204260846,0.0357211839649264
12469,12.5,0.3450473388796406,0.04408393571624082
12470,12.5,0.22083871172847738,0.03165555257454587
12471,12.5,0.2984632284090513,0.04214510835239388
12472,12.5,0.3439709347610758,0.0435094521239948
12473,12.5,0.22108370193493707,0.030360869847359886
12474,12.5,0.2208829636571445,0.032851744724425404
12475,12.5,0.3449222090933004,0.04334069909323959
12476,12.5,0.3651175775642884,0.042370079464678224
12477,12.5,0.21973704703741334,0.032119920870661386
12478,12.5,0.22297192276712866,0.028925697834302995
12479,12.5,0.3060364430296617,0.039023089033343165
12480,12.5,0.2084331098380938,0.030266472538134827
12481,12.5,0.11619324402440509,0.020521214854099013
12482,12.5,0.2157632930138178,0.03608473095356355
12483,12.5,0.11183811039714239,0.020998029770740445
12484,12.5,0.21109997423439705,0.03245625678049063
12485,12.5,0.23236125581324737,0.03934066187047067
12486,12.5,0.15090544077462512,0.028260854493399778
12487,12.5,0.16898850410148672,0.028714347137909452
12488,12.5,0.256915924841408,0.03670680228062233
12489,12.5,0.1125420599689349,0.025277741559478803
12490,12.5,0.23799241202049423,0.0363982334562566
12491,12.5,0.35043385070003025,0.036236197094923595
12492,12.5,0.2731664101601685,0.038278382640247896
12493,12.5,0.23672859257522497,0.03637757317678746
12494,12.5,0.28109497658863625,0.03455235163374535
12495,12.5,0.28807616376751266,0.03237558019353
12496,12.5,0.21631845196301575,0.030545780916948748
12497,12.5,0.2782668434714482,0.0378891937912788
12498,12.5,0.23747036474828292,0.0355378781677577
12499,12.5,0.2920410156718991,0.033645108939858163
12500,13.0,0.4779234983658665,0.05463305070442647
12501,13.0,0.3025535861673029,0.04660227359578343
12502,13.0,0.48819505617236497,0.05789496410768457
12503,13.0,0.5001856067777135,0.05947209495054656
12504,13.0,0.4078080695010939,0.04855988024968245
12505,13.0,0.41509372202152567,0.05374005594439427
12506,13.0,0.12232590278587785,0.024274745362048874
12507,13.0,0.48015687014285485,0.05839307841577282
12508,13.0,0.4305716997376581,0.05193243408806093
12509,13.0,0.401603590468898,0.05402923110415288
12510,13.0,0.4591133619165033,0.05819806583547473
12511,13.0,0.45908672143440066,0.0571202831493594
12512,13.0,0.38313776407278854,0.0526740574673216
12513,13.0,0.3392850256639181,0.049525516808625054
12514,13.0,0.43366793451236735,0.05207251609338107
12515,13.0,0.4055114742522076,0.05545362923084728
12516,13.0,0.42325503038391493,0.05426888813713162
12517,13.0,0.4395338225938979,0.05226832932252188
12518,13.0,0.3436447954478973,0.05468411377131508
12519,13.0,0.4744129752372624,0.05868562821449966
12520,13.0,0.4853010706406413,0.06076110869877485
12521,13.0,0.4172120493097065,0.06083735791417999
12522,13.0,0.4275312476590082,0.0575060924188554
12523,13.0,0.4483413483130813,0.05868601585811261
12524,13.0,0.42775860633076523,0.05671821257812431
12525,13.0,0.46636043377215214,0.056185724566412534
12526,13.0,0.5104177506611464,0.06069162950212467
12527,13.0,0.4731055140931297,0.05964656295668648
12528,13.0,0.4914780803585276,0.06091780366538913
12529,13.0,0.5113089303176817,0.06380702626094216
12530,13.0,0.24423990778376606,0.04130608649737961
12531,13.0,0.24497431390867588,0.041888029667097884
12532,13.0,0.1382198539178388,0.025877840198123413
12533,13.0,0.3827077397365889,0.0541845667165854
12534,13.0,0.15965395066964497,0.03155610067415006
12535,13.0,0.2713429619406668,0.04157369134604645
12536,13.0,0.17170716199788844,0.02806958025708131
12537,13.0,0.1556699028329203,0.026115680243355064
12538,13.0,0.2752086165427664,0.0443016146739707
12539,13.0,0.1902276529017415,0.031068877365431204
12540,13.0,0.39540298865230533,0.05385792987856352
12541,13.0,0.4908009376389658,0.06045714071808591
12542,13.0,0.5090030539736949,0.06118594469075469
12543,13.0,0.5033412766126727,0.06811968056221593
12544,13.0,0.5057095365555324,0.06194069994600199
12545,13.0,0.5066328714803433,0.06178085144052479
12546,13.0,0.52526567511267,0.06013703246488464
12547,13.0,0.44679657496348874,0.0568534794692
12548,13.0,0.4612351900663411,0.05836768392402379
12549,13.0,0.4196650411326323,0.05639511500110642
12550,13.0,0.2791338161372802,0.035903826770065525
12551,13.0,0.2786560625634493,0.0357065999391956
12552,13.0,0.2697041549817272,0.03713273829697301
12553,13.0,0.27501859752459695,0.03572516350730712
12554,13.0,0.22419460829740687,0.03219209313256752
12555,13.0,0.2913954886158237,0.03708324994969305
12556,13.0,0.2897627026904989,0.03624807267167091
12557,13.0,0.3367848179114739,0.0349725915909538
12558,13.0,0.2715408337169835,0.03443261801836595
12559,13.0,0.2678832270613085,0.03667135594078742
12560,13.0,0.24493202806435851,0.033083477686009506
12561,13.0,0.4045818942338103,0.04536349501260223
12562,13.0,0.3550473284222877,0.04223464365589777
12563,13.0,0.21199816349070325,0.02768106069078074
12564,13.0,0.3210447115779285,0.036871354649363315
12565,13.0,0.301859843921958,0.03607960171762645
12566,13.0,0.23558962923215282,0.030595638636544326
12567,13.0,0.21218556249135054,0.03449669653420619
12568,13.0,0.3830728049196874,0.04286092680100251
12569,13.0,0.2474228733721355,0.03380277238198965
12570,13.0,0.41388815711899557,0.04342775020169221
12571,13.0,0.3700056378490232,0.03709307824142762
12572,13.0,0.46950481152307855,0.04230026898856515
12573,13.0,0.35783860967007375,0.040192709123835886
12574,13.0,0.358254526493981,0.03421605566258368
12575,13.0,0.46916657487145746,0.04298040955015173
12576,13.0,0.4195976001779709,0.0382907699597638
12577,13.0,0.278545605517588,0.038300730108583064
12578,13.0,0.28071570381727945,0.03811565305497437
12579,13.0,0.28000067477902624,0.037084293248140485
12580,13.0,0.41658428804033953,0.04344073042410245
12581,13.0,0.4027144515026711,0.04685857447280469
12582,13.0,0.4330938261380593,0.04835342183128761
12583,13.0,0.4218030066871448,0.046357200729258335
12584,13.0,0.3893501399091955,0.04643409007029362
12585,13.0,0.4167160066072141,0.049005567329653735
12586,13.0,0.36435778117414985,0.04439331744528306
12587,13.0,0.4760549866599395,0.05504620423280507
12588,13.0,0.3647015516798086,0.04308992955606437
12589,13.0,0.41620467278837286,0.045046870645551323
12590,13.0,0.2756695270530101,0.033978412730080405
12591,13.0,0.26057439188494,0.037029331865121376
12592,13.0,0.3094200490995462,0.03948154373241293
12593,13.0,0.3291540433497155,0.03893003311535946
12594,13.0,0.2458002519577482,0.033748731335196694
12595,13.0,0.33925654005797845,0.03540197254036768
12596,13.0,0.3100582200776785,0.03984457762700853
12597,13.0,0.32139101868942,0.03987270020428307
12598,13.0,0.4194681867767262,0.04799094265218422
12599,13.0,0.3092783422423791,0.039520899223263586
12600,13.0,0.2113246211514381,0.03130143782800609
12601,13.0,0.21270861991684767,0.02970715519628338
12602,13.0,0.29918757280181535,0.03357099655400624
12603,13.0,0.3951240100236907,0.034947493420431255
12604,13.0,0.21213818947852353,0.03151031893469387
12605,13.0,0.2788732233957327,0.0331993041608098
12606,13.0,0.3014470644128472,0.03535246405083477
12607,13.0,0.32192312468493434,0.036282248210419046
12608,13.0,0.28606063795484765,0.03274864729376107
12609,13.0,0.21125634061581725,0.030453726614405794
12610,13.0,0.2539673999459538,0.029345802002680672
12611,13.0,0.2653809083666903,0.03426634698623742
12612,13.0,0.24868857290923368,0.02852159547891184
12613,13.0,0.33758149001835963,0.036863222237404486
12614,13.0,0.22579313680404253,0.02886153845779695
12615,13.0,0.2989169599121323,0.032739515389311566
12616,13.0,0.30005441072212324,0.038232843051492195
12617,13.0,0.24913166000168083,0.029371260136966653
12618,13.0,0.25141810954946275,0.027097949103786777
12619,13.0,0.25175020278448373,0.03307315868128749
12620,13.0,0.3380731489560247,0.04150858276546793
12621,13.0,0.336590212340041,0.03545303010342764
12622,13.0,0.31114430306265556,0.03629009179144335
12623,13.0,0.4181225744170227,0.043270710454595525
12624,13.0,0.3924836809828007,0.04160779637103509
12625,13.0,0.38749844962615954,0.04011089403826393
12626,13.0,0.28728568978601093,0.03462206717537845
12627,13.0,0.28247660212637704,0.037216603344729954
12628,13.0,0.18201381029249647,0.02235478121401569
12629,13.0,0.2614822486043753,0.02659648818988039
12630,13.0,0.31020991963905176,0.038161368693312124
12631,13.0,0.3037206114165566,0.03872339941015912
12632,13.0,0.26877979826348425,0.0326817577998042
12633,13.0,0.22737793829304748,0.03254182286023054
12634,13.0,0.2958818745686662,0.039427874467344824
12635,13.0,0.2997097778435874,0.0387075044610328
12636,13.0,0.28676945228259,0.03865534368556671
12637,13.0,0.2722237334208114,0.034662562404894674
12638,13.0,0.1888982071071741,0.027385131167093964
12639,13.0,0.2732742196970855,0.032950624414311847
12640,13.0,0.21669375557308307,0.030484142552090403
12641,13.0,0.2154744769466733,0.03219662963386395
12642,13.0,0.21598107455603294,0.02819247570284795
12643,13.0,0.217104295511765,0.028318781976507845
12644,13.0,0.32998884541799595,0.039923530678111135
12645,13.0,0.21582807845417737,0.027927151145594634
12646,13.0,0.21607359962728281,0.026880532755037215
12647,13.0,0.2897812003992223,0.03627432794592014
12648,13.0,0.21816461637975493,0.0294746473270585
12649,13.0,0.21701218737436145,0.028418236361111737
12650,13.0,0.46330333635005044,0.05080853946581757
12651,13.0,0.2149713429861496,0.035894283354282436
12652,13.0,0.4535391435735499,0.0525179418110986
12653,13.0,0.4638207895827626,0.0482837034456241
12654,13.0,0.35285148614082024,0.04588056912726769
12655,13.0,0.4000652368148917,0.04643096055043597
12656,13.0,0.2766268404772453,0.04206804383227792
12657,13.0,0.36737995609397933,0.050097220461042556
12658,13.0,0.47694047812427626,0.051926737673478315
12659,13.0,0.4183755845283826,0.05072717642499281
12660,13.0,0.21450398768825024,0.03081706897717558
12661,13.0,0.26872757866875685,0.0356529663110376
12662,13.0,0.2251466212085819,0.030647125940234693
12663,13.0,0.266536326179238,0.0354464562002367
12664,13.0,0.22550533138796702,0.028413660280895647
12665,13.0,0.2633734539553713,0.03852034269064282
12666,13.0,0.21376765693022662,0.027701890505329566
12667,13.0,0.25614957905892866,0.03501225657431157
12668,13.0,0.2574807300232498,0.035309460008470836
12669,13.0,0.29706794298802264,0.0329586623836243
12670,13.0,0.3498461802088847,0.044128075671746626
12671,13.0,0.4751420111078479,0.05121050398273325
12672,13.0,0.39472675614298247,0.04796293686185305
12673,13.0,0.4044837113376487,0.04798931395991681
12674,13.0,0.3829724437890751,0.04803290550225666
12675,13.0,0.23309011824929057,0.032647912792719065
12676,13.0,0.4668401832586811,0.053120140761230145
12677,13.0,0.46021905553781883,0.04823296862743693
12678,13.0,0.33889218713120245,0.039025667966295495
12679,13.0,0.38628187149098947,0.04764607286590568
12680,13.0,0.172645209769862,0.01703938412091955
12681,13.0,0.17458550787308577,0.017939167573786014
12682,13.0,0.33000250291024985,0.03489327685467298
12683,13.0,0.13249931126600775,0.02192069255777243
12684,13.0,0.20179334423137968,0.025227781987683467
12685,13.0,0.17345294561644423,0.020641353348578063
12686,13.0,0.1912716175909724,0.019151296379212195
12687,13.0,0.18958861657693232,0.019430356667494875
12688,13.0,0.1720950101862298,0.0194192333459851
12689,13.0,0.1726136225959183,0.020676393255269113
12690,13.0,0.3062860657309631,0.040752754025860385
12691,13.0,0.09060179454091426,0.01998081317649984
12692,13.0,0.4063765208118194,0.04563330653858649
12693,13.0,0.129470467442744,0.0232818217711824
12694,13.0,0.3361978614569243,0.04501162661233704
12695,13.0,0.1818510928143293,0.034800209784957674
12696,13.0,0.13172470669355865,0.02362007768672556
12697,13.0,0.1329571530142852,0.024903924479893695
12698,13.0,0.12983503673747038,0.027344301087993395
12699,13.0,0.3882085692333252,0.048166245375147174
12700,13.0,0.06248487639852078,0.017625235472650175
12701,13.0,0.05839884871908865,0.02023864759961977
12702,13.0,0.06398147773786103,0.020301158489924923
12703,13.0,0.06424255411111963,0.0187088293202818
12704,13.0,0.0644182658517787,0.017530775282485672
12705,13.0,0.06323767396494995,0.016115523215924604
12706,13.0,0.0639215716756399,0.020917112111713244
12707,13.0,0.06319697433292831,0.018056724368062133
12708,13.0,0.06347386697036542,0.01643540839495136
12709,13.0,0.06334630641075112,0.019041467522291314
12710,13.0,0.38131788186497334,0.045271745800285104
12711,13.0,0.08937829641454224,0.02077498041670912
12712,13.0,0.08131922706482778,0.02297696688462639
12713,13.0,0.08156493134317987,0.021103203876643637
12714,13.0,0.37608058032511255,0.04784359161877314
12715,13.0,0.07712891556608768,0.022167794587027962
12716,13.0,0.27137860223807375,0.03560176728571522
12717,13.0,0.08100213396918544,0.020588200549933027
12718,13.0,0.08120977474381103,0.020795579236338162
12719,13.0,0.08842026009520668,0.021575746786075826
12720,13.0,0.28315011020917197,0.03756678270831068
12721,13.0,0.3435281465625401,0.04048981376359232
12722,13.0,0.31937405378924455,0.036822331049644406
12723,13.0,0.4227047421715764,0.04581803615823227
12724,13.0,0.3308867952020634,0.04154599640951752
12725,13.0,0.2619689031239671,0.03728785320908554
12726,13.0,0.22443887073488794,0.02602489625937747
12727,13.0,0.19041929344880562,0.032605189467413344
12728,13.0,0.2670068609168884,0.03659944871724577
12729,13.0,0.3258293497635629,0.04104860462871309
12730,13.0,0.33520690760368965,0.04236901798583044
12731,13.0,0.25825089633684756,0.03601071680476672
12732,13.0,0.3342966163060606,0.044090736272669774
12733,13.0,0.3490426291992253,0.040306969660622124
12734,13.0,0.36710886151307126,0.04225671346988554
12735,13.0,0.44671751528155873,0.04786596504401326
12736,13.0,0.3752155353285117,0.04476017629864968
12737,13.0,0.32537274552979756,0.03785996767134075
12738,13.0,0.26379140745407026,0.039285091916360884
12739,13.0,0.32313529139193886,0.04396364048035511
12740,13.0,0.23908024836232597,0.033391579926337144
12741,13.0,0.24745211445241555,0.03283929388723034
12742,13.0,0.2361689201776871,0.032471711889871385
12743,13.0,0.24652322211750435,0.03463621127980366
12744,13.0,0.4488911431255153,0.05138701274194099
12745,13.0,0.30776816273248137,0.03839937541227819
12746,13.0,0.1942955309806409,0.03391154589862132
12747,13.0,0.3998176343119532,0.04470103544666956
12748,13.0,0.17230017238509057,0.027661203912894054
12749,13.0,0.24412652600349502,0.03025672150002903
12750,13.0,0.3660180456303029,0.04150556756423583
12751,13.0,0.3721014941691753,0.04053393390400235
12752,13.0,0.3746846089678583,0.042552790701989564
12753,13.0,0.29076673835046235,0.04282215552437978
12754,13.0,0.37769147035812894,0.04374532412445714
12755,13.0,0.3768834502808677,0.04398110127535963
12756,13.0,0.4611916321749509,0.04982349716625687
12757,13.0,0.3772523200150999,0.04447033765945727
12758,13.0,0.36304876914397577,0.03838214659159675
12759,13.0,0.4110922261497139,0.04791515041035189
12760,13.0,0.23895214559749509,0.02765877077221095
12761,13.0,0.3289533734354628,0.04294556267337483
12762,13.0,0.24200713538527746,0.02911877560183938
12763,13.0,0.2600313048157346,0.03069389450998713
12764,13.0,0.22183844809398928,0.02873476299681344
12765,13.0,0.22260634317045502,0.027052513472674008
12766,13.0,0.3731264516558573,0.041814033270982674
12767,13.0,0.19114803580327086,0.024649612875815578
12768,13.0,0.22145078011878655,0.025701774435066944
12769,13.0,0.2686592113092186,0.030170582809558765
12770,13.0,0.3190990274696688,0.04063272967546461
12771,13.0,0.4406985784311701,0.044068461045272116
12772,13.0,0.42653399760226357,0.04164184415240764
12773,13.0,0.24406795644776086,0.025877571676125855
12774,13.0,0.4219751755962292,0.04042562241553712
12775,13.0,0.34298731761118223,0.04135360461016351
12776,13.0,0.37386988409700894,0.03874822268629719
12777,13.0,0.2898754052224325,0.03474100207934524
12778,13.0,0.4157600558098157,0.044351400598232026
12779,13.0,0.4139553366904113,0.040284104199503686
12780,13.0,0.5049591026476354,0.049819466181001304
12781,13.0,0.13120690689735934,0.02802682248301289
12782,13.0,0.3681682249687274,0.044618461272139455
12783,13.0,0.3097949449746362,0.044708586602986676
12784,13.0,0.49042994859894196,0.05193047530682916
12785,13.0,0.29267544600752526,0.04450812196612267
12786,13.0,0.46678251452724184,0.053411361357318735
12787,13.0,0.2177138129604757,0.03874854413874219
12788,13.0,0.13476687557346356,0.03339109041579468
12789,13.0,0.2546512538162262,0.03921570300059716
12790,13.0,0.40784166025821605,0.039787876123472773
12791,13.0,0.43582316981251207,0.04436691194100605
12792,13.0,0.40274536362692626,0.038216299660458315
12793,13.0,0.3388628570190116,0.042028290429466666
12794,13.0,0.37682054431507606,0.03786883631294001
12795,13.0,0.5101300174705662,0.05083760110934192
12796,13.0,0.41239713752134083,0.04674224618864667
12797,13.0,0.30522295685875245,0.04175053697505382
12798,13.0,0.4279221946517985,0.04224994787338764
12799,13.0,0.4692830489055728,0.044118664803676294
12800,13.0,0.24957491252518832,0.03642560299267504
12801,13.0,0.3854701530456613,0.04371270455437222
12802,13.0,0.3247593829794596,0.040783756294297965
12803,13.0,0.39378973914282933,0.04746951429793549
12804,13.0,0.3864778587474844,0.04966086312551082
12805,13.0,0.23591260353938048,0.042299424029908744
12806,13.0,0.3503776873535226,0.04328471936255228
12807,13.0,0.20401519191184458,0.03624479749100117
12808,13.0,0.35689398725911164,0.04149778534364438
12809,13.0,0.3411079718799796,0.046597189469038715
12810,13.0,0.152652257610711,0.026986122786139325
12811,13.0,0.4787317794691029,0.056635324456625086
12812,13.0,0.4416954362457548,0.05057995401213833
12813,13.0,0.48424243020375657,0.050926247704105164
12814,13.0,0.49317525925568245,0.05206179061652705
12815,13.0,0.37843523542462326,0.04193999157337734
12816,13.0,0.15567078899682416,0.023953713789109106
12817,13.0,0.3694634727890647,0.047000345949955585
12818,13.0,0.13686495274649527,0.025823300259822973
12819,13.0,0.4926998038561199,0.056303704521864305
12820,13.0,0.355951110152643,0.046705997765092
12821,13.0,0.4511088136538478,0.05619338338752627
12822,13.0,0.30455284982584846,0.038830990689186023
12823,13.0,0.4253105015001037,0.048879987781011554
12824,13.0,0.36681001189968654,0.045950661330563136
12825,13.0,0.44144369843634246,0.05130224041217737
12826,13.0,0.1802261214145077,0.03809410230848677
12827,13.0,0.2830255008759021,0.03710645596990785
12828,13.0,0.36609214172938986,0.04854544400613381
12829,13.0,0.14853831061171185,0.030435695210667243
12830,13.0,0.2595606840939253,0.036424668463144134
12831,13.0,0.19802068617372232,0.026056339213411325
12832,13.0,0.2675856365764784,0.03708163822122628
12833,13.0,0.21880164035801986,0.02967068609826528
12834,13.0,0.21956923091813008,0.03261684642790373
12835,13.0,0.3134665306284911,0.03389303666384933
12836,13.0,0.323740135844249,0.04231758026727765
12837,13.0,0.22060636337771766,0.032458381159279674
12838,13.0,0.29603472690830124,0.040666022069626905
12839,13.0,0.29877943664111134,0.04487295879720184
12840,13.0,0.1870224731445133,0.03636517988633013
12841,13.0,0.2367316910756304,0.040158902368097625
12842,13.0,0.2406693106542082,0.0393161094507647
12843,13.0,0.3176244339030921,0.0443834362728429
12844,13.0,0.18503851272844402,0.03359980779685182
12845,13.0,0.21408329067274415,0.03986304031928125
12846,13.0,0.45885409866583526,0.04987428075984094
12847,13.0,0.29187963332206845,0.0427595233985173
12848,13.0,0.18875130356618114,0.03166346233864358
12849,13.0,0.21216050652627277,0.037206796060774296
12850,13.0,0.24542583446068206,0.029038877533641
12851,13.0,0.21693239792794186,0.02770284920054001
12852,13.0,0.3941583981101632,0.03727531238921843
12853,13.0,0.24942828980000062,0.031344219741006235
12854,13.0,0.3110433111469473,0.03789002541495617
12855,13.0,0.24862765809530638,0.03320561380306419
12856,13.0,0.24997849878001369,0.02702572053857291
12857,13.0,0.25301236760630197,0.027060400874683158
12858,13.0,0.2497629701841534,0.026784377793159484
12859,13.0,0.2938216914413502,0.037649425260348056
12860,13.0,0.29860085289632665,0.028692267140874948
12861,13.0,0.3054999712435026,0.033141279080424385
12862,13.0,0.26828961785874406,0.02998762157867431
12863,13.0,0.2691894015492682,0.030725278328307893
12864,13.0,0.27469154033642407,0.02939926909729026
12865,13.0,0.15861965934945277,0.01803572346907435
12866,13.0,0.25752971406727715,0.03109320764639876
12867,13.0,0.3053590768436952,0.034099561717746266
12868,13.0,0.15951523332335127,0.016232772931455614
12869,13.0,0.263846113247165,0.030406276935741945
12870,13.0,0.2635892361454963,0.030289356042152916
12871,13.0,0.3014597325190144,0.034233998315241605
12872,13.0,0.23999481166855346,0.029482956276775683
12873,13.0,0.36190919374450026,0.03555768671185463
12874,13.0,0.2315883654417743,0.03173941068916916
12875,13.0,0.3269925686359097,0.02978823851830115
12876,13.0,0.3564530462151372,0.03754369565660589
12877,13.0,0.2112786173031529,0.029898150006482906
12878,13.0,0.29311014276023,0.031027862397211354
12879,13.0,0.2596398791926788,0.02829045071310898
12880,13.0,0.24416811886117568,0.03029586202256497
12881,13.0,0.2887077714683914,0.028429181182994617
12882,13.0,0.28782859585914633,0.02939667033245044
12883,13.0,0.24389480167486646,0.030952139581996156
12884,13.0,0.33773745659506743,0.03654730509115986
12885,13.0,0.2714839390672993,0.03337143092766743
12886,13.0,0.3615040246702125,0.03234604116211376
12887,13.0,0.2765763828716328,0.029489683904483782
12888,13.0,0.22130343804094343,0.031122738562873797
12889,13.0,0.3633841708972694,0.03516375417584358
12890,13.0,0.21219635823939462,0.022990205670149106
12891,13.0,0.2120591491471431,0.025180420245747025
12892,13.0,0.2122876825792721,0.02415626252650796
12893,13.0,0.2125735384377199,0.024450975002450186
12894,13.0,0.1770417625135073,0.02432561900626099
12895,13.0,0.2143667819052651,0.025147917794990635
12896,13.0,0.20295889658043514,0.023895787001388436
12897,13.0,0.10125143273428903,0.014836492292022687
12898,13.0,0.19705360029886604,0.022765118119956105
12899,13.0,0.19298209412736425,0.025633552007626688
12900,13.0,0.37035936959016996,0.04356484580478896
12901,13.0,0.4300450162372704,0.04039292944868069
12902,13.0,0.4301730370915874,0.0417031334131038
12903,13.0,0.3724002836096142,0.037856297419625116
12904,13.0,0.3857306948870533,0.04331599694566893
12905,13.0,0.46134071651811825,0.047219061840991956
12906,13.0,0.4497498401523315,0.0421238757094426
12907,13.0,0.34722459724154653,0.042812676905144516
12908,13.0,0.3906645842209586,0.03654131493608713
12909,13.0,0.43135137896167286,0.040012750082721836
12910,13.0,0.04742198954527593,0.02235146722485895
12911,13.0,0.08397391260608658,0.026580838763874244
12912,13.0,0.24960982722173014,0.03780524838408768
12913,13.0,0.37577025958953425,0.04342501804019351
12914,13.0,0.44433198573273114,0.04778265437888946
12915,13.0,0.04784231326772484,0.020881754585200155
12916,13.0,0.08418185399071458,0.028472713473540603
12917,13.0,0.34353105453736255,0.03817132400206941
12918,13.0,0.35900424754480165,0.0450043370303738
12919,13.0,0.4030670309686339,0.043572995777096724
12920,13.0,0.23240825602618495,0.036217384933030915
12921,13.0,0.14605100490605594,0.026298566964454706
12922,13.0,0.09864050662418158,0.015235142856049483
12923,13.0,0.24096178993039935,0.03791055710068047
12924,13.0,0.14845779876019546,0.023686765767559504
12925,13.0,0.14235371047268286,0.019380052056523715
12926,13.0,0.15284147042158483,0.023981176676331324
12927,13.0,0.15022584794796925,0.026293334984793255
12928,13.0,0.2262237327031076,0.025219678978711236
12929,13.0,0.12559293256272683,0.026104874196654262
12930,13.0,0.216958665813854,0.03278077602467629
12931,13.0,0.21152587101319414,0.033122780967551495
12932,13.0,0.21692764598695333,0.03559737612151194
12933,13.0,0.1807645836198803,0.025821843488398027
12934,13.0,0.34156710974175297,0.03945199406487713
12935,13.0,0.09137712647888212,0.0269534777317107
12936,13.0,0.2107486691051863,0.030874177652503575
12937,13.0,0.3262111086366552,0.039815474581746245
12938,13.0,0.2173319623901014,0.03480696688505905
12939,13.0,0.1804484609402819,0.0322891403949775
12940,13.0,0.2948792701466946,0.03642691079193969
12941,13.0,0.24564817418828336,0.03641725216650456
12942,13.0,0.25493209669011385,0.037269910259574476
12943,13.0,0.1770819000790632,0.02841140809242023
12944,13.0,0.270267160125246,0.030902097793809237
12945,13.0,0.28653483012273956,0.03349055770786446
12946,13.0,0.1958955741059588,0.03448490458108603
12947,13.0,0.2917224526357589,0.03655684179289311
12948,13.0,0.29700141890255594,0.038735869958593405
12949,13.0,0.30027971867878966,0.03746199888560092
12950,13.0,0.27099673405557895,0.03887119239312049
12951,13.0,0.1414048424269106,0.01849422638029558
12952,13.0,0.14240251321040223,0.016876991296836806
12953,13.0,0.13929099771991865,0.017171125220967736
12954,13.0,0.14167660642534824,0.0170169602435921
12955,13.0,0.1399156857031917,0.01795488783817337
12956,13.0,0.14014423849700458,0.018272019628963798
12957,13.0,0.14189790664474286,0.016747807395340906
12958,13.0,0.13952260547047698,0.01701803390035289
12959,13.0,0.14038379218370392,0.016899421826737256
12960,13.0,0.10830569052313738,0.026182477363222892
12961,13.0,0.2883191619218486,0.039920904152508874
12962,13.0,0.1989814613947662,0.030551248186427016
12963,13.0,0.19440347275728828,0.0322841904225009
12964,13.0,0.23845528991345327,0.03690282192229933
12965,13.0,0.3026221678789627,0.038865574671408304
12966,13.0,0.21938066471577303,0.03332996896209154
12967,13.0,0.19575954923360822,0.03175745434124509
12968,13.0,0.23828143211792233,0.03415624847426921
12969,13.0,0.3450473388796406,0.04303581237043851
12970,13.0,0.22012583168983724,0.03116533067814281
12971,13.0,0.2978606031736149,0.038707944233384
12972,13.0,0.3439709347610758,0.04361914857310814
12973,13.0,0.22108370193493707,0.0289889338414198
12974,13.0,0.22060826280014786,0.03128188816773218
12975,13.0,0.34477720762512076,0.043409867012336276
12976,13.0,0.3651175775642884,0.0402822041695041
12977,13.0,0.21941062326797992,0.03409021330105213
12978,13.0,0.22297192276712866,0.030371588812735887
12979,13.0,0.30583798125453104,0.03898140657316056
12980,13.0,0.20820362092930184,0.03364529042682085
12981,13.0,0.11619324402440509,0.021311926359466746
12982,13.0,0.21519058545995337,0.03584870917790671
12983,13.0,0.11183811039714239,0.023503148021483577
12984,13.0,0.21051228971571959,0.03368951763622182
12985,13.0,0.23236125581324737,0.038895542244906094
12986,13.0,0.15090544077462512,0.02482608057335394
12987,13.0,0.1680491814978869,0.031145554737179587
12988,13.0,0.256915924841408,0.03632254948808768
12989,13.0,0.1121687181951783,0.023938090517788484
12990,13.0,0.23799241202049423,0.033977201205718045
12991,13.0,0.35043385070003025,0.03618657422535817
12992,13.0,0.2731664101601685,0.03575096062395825
12993,13.0,0.23672859257522497,0.03347983082522018
12994,13.0,0.28109497658863625,0.038479774529061574
12995,13.0,0.2880522695406489,0.03455767315033751
12996,13.0,0.2159468645018579,0.03053301091643676
12997,13.0,0.2780143761217553,0.038231676154299024
12998,13.0,0.23747036474828292,0.03626466394341486
12999,13.0,0.2917927696626443,0.03693283578734901
